symbol,code,name,trade,pricechange,changepercent,buy,sell,settlement,open,high,low,volume,amount,ticktime,per,pb,mktcap,nmc,turnoverratio
bj920000,920000,安徽凤凰,14.790,-0.1,-0.672,14.790,14.800,14.890,14.900,15.100,14.530,1263984,18690419,15:08:41,20.542,2.009,135594.72,85181.415075,2.19465
bj920001,920001,纬达光电,11.630,-0.23,-1.939,11.630,11.640,11.860,11.980,11.980,11.630,1120741,13288264,15:08:41,-89.462,2.52,178690.418952,104731.073782,1.24454
bj920002,920002,万达轴承,54.860,-1.27,-2.263,54.850,54.860,56.130,56.560,56.560,54.760,1069932,59460532,15:08:41,39.754,4.6,349480.99433,244659.981358,2.3991
bj920003,920003,中诚咨询,16.660,-0.31,-1.827,16.660,16.670,16.970,16.950,16.970,16.650,242113,4070428,15:08:41,8.723,2.305,150939.6,32431.05572,1.24375
bj920005,920005,鼎佳精密,25.000,0.28,1.133,24.990,25.000,24.720,24.950,25.280,24.540,369437,9202159,15:08:41,29.07,3.167,207500.0,95779.3075,0.96429
bj920006,920006,晟楠科技,16.320,-0.62,-3.66,16.310,16.320,16.940,17.070,17.070,16.320,1598456,26624289,15:08:41,181.333,4.689,147348.7104,78004.886784,3.34425
bj920007,920007,酉立智能,36.010,-1.17,-3.147,36.000,36.010,37.180,37.170,37.370,36.010,180784,6638758,15:08:41,14.698,2.466,160361.35245,38324.90285,1.69864
bj920008,920008,成电光信,19.900,0.05,0.252,19.900,19.910,19.850,19.980,20.250,19.720,886033,17760221,15:08:41,78.254,3.896,126862.5,67796.69907,2.60072
bj920009,920009,丹娜生物,38.620,1.16,3.097,38.610,38.620,37.460,37.340,39.180,36.800,771357,29617273,15:08:41,19.31,4.302,299482.652,38928.96,7.65235
bj920010,920010,凯添燃气,8.640,0.08,0.935,8.640,8.650,8.560,8.630,8.830,8.520,6027414,52407417,15:08:41,72.0,2.91,202608.0,150529.408992,3.45958
bj920011,920011,晨光电机,19.070,-0.45,-2.305,19.070,19.080,19.520,19.500,19.500,19.030,681775,13126772,15:08:41,12.629,1.857,157645.333969,35470.201907,3.66546
bj920012,920012,创达新材,48.000,-1.6,-3.226,47.900,48.000,49.600,50.310,50.460,48.000,940166,46340158,15:08:41,27.119,3.862,236723.424,92628.048,4.87195
bj920014,920014,特瑞斯,8.840,-0.16,-1.778,8.840,8.850,9.000,9.010,9.020,8.830,1451049,12941850,15:08:41,126.286,1.37,107721.360812,59269.811432,2.16422
bj920015,920015,锦华新材,43.940,-0.36,-0.813,43.940,43.960,44.300,44.300,45.400,43.070,2341590,103198750,15:08:41,24.167,3.49,595679.934798,175814.66136,5.85215
bj920016,920016,中草香料,13.060,-0.18,-1.36,13.060,13.070,13.240,13.340,13.350,13.030,598262,7856897,15:08:41,52.24,2.576,100538.399274,44713.806708,1.7474
bj920017,920017,星昊医药,18.310,0.81,4.629,18.310,18.320,17.500,17.510,18.640,17.310,8953998,162696596,15:08:41,21.798,1.389,226847.198627,224425.518027,7.30522
bj920018,920018,宏远股份,16.290,-0.17,-1.033,16.290,16.300,16.460,16.460,17.020,16.270,2174827,36122766,15:08:41,15.816,2.887,269645.817357,93652.74126,3.7829
bj920019,920019,铜冠矿建,14.390,-0.37,-2.507,14.380,14.390,14.760,14.750,14.780,14.370,1857469,27025272,15:08:41,75.737,3.236,302573.7813,241083.823374,1.1087
bj920020,920020,泰凯英,15.170,-0.19,-1.237,15.170,15.190,15.360,15.480,15.480,15.170,250196,3821007,15:08:41,16.078,2.854,341241.565,84346.566817,0.44999
bj920021,920021,流金科技,7.380,-0.05,-0.673,7.370,7.380,7.430,7.400,7.880,7.360,25550761,193753061,15:08:41,246.0,3.514,228041.987454,182695.348674,10.32126
bj920022,920022,世昌股份,19.110,-0.53,-2.699,19.110,19.190,19.640,19.710,19.710,19.110,153318,2961369,15:08:41,12.912,2.589,115273.431,31751.265,0.92277
bj920023,920023,*ST田野,1.990,0.04,2.051,1.990,2.000,1.950,1.950,2.080,1.920,11959869,24085195,15:08:41,52.368,0.54,65133.496,53492.89747,4.44921
bj920026,920026,卓兆点胶,17.770,-0.51,-2.79,17.770,17.840,18.280,18.520,18.520,17.600,996265,17947218,15:08:41,28.206,3.194,204191.771888,153927.537449,1.15013
bj920027,920027,交大铁发,11.560,-0.23,-1.951,11.520,11.560,11.790,11.930,11.930,11.500,1176891,13683574,15:08:41,18.063,2.567,119027.0198,83288.5573,1.63346
bj920028,920028,新恒泰,13.650,-0.19,-1.373,13.620,13.650,13.840,13.960,13.960,13.600,626246,8612647,15:08:41,15.167,1.979,224351.4,88669.854,0.96405
bj920029,920029,开发科技,36.080,-1.25,-3.349,36.080,36.090,37.330,37.330,37.480,36.080,1208233,44490894,15:08:41,6.584,1.974,746643.607864,726524.227264,0.60002
bj920030,920030,德众汽车,4.530,-0.05,-1.092,4.530,4.550,4.580,4.560,4.640,4.510,1636861,7459147,15:08:41,-26.647,1.858,81014.375493,50950.740573,1.45532
bj920033,920033,康普化学,14.250,-0.35,-2.397,14.250,14.260,14.600,14.780,14.780,14.250,785378,11331190,15:08:41,75.0,2.201,169767.73125,118035.963375,0.94815
bj920035,920035,精创电气,24.050,-0.04,-0.166,23.970,24.050,24.090,24.110,24.480,23.770,444497,10729106,15:08:41,18.083,2.816,166955.1,37847.004,2.82457
bj920036,920036,觅睿科技,29.750,-0.75,-2.459,29.740,29.750,30.500,30.420,31.290,29.600,781889,23908191,15:08:41,15.335,2.726,161904.935325,38857.299075,5.98631
bj920037,920037,广信科技,42.070,-1.43,-3.287,42.070,42.270,43.500,43.690,43.690,42.040,1335595,56980144,15:08:41,16.964,5.937,538698.234697,329357.32151,1.706
bj920038,920038,森合高科,40.820,-1.29,-3.063,40.820,40.830,42.110,42.000,42.460,40.800,4689792,194255161,15:08:41,12.796,4.874,426590.230482,139465.942642,13.72646
bj920039,920039,国义招标,8.410,0.33,4.084,8.400,8.410,8.080,8.070,8.980,8.040,5110132,43984655,15:08:41,42.05,2.38,129362.62,129362.5359,3.32215
bj920045,920045,蘅东光,349.000,-24.6,-6.585,348.880,349.000,373.600,383.620,389.980,349.000,1726035,641164073,15:08:41,66.224,28.758,3325975.8283,983431.3601,6.12535
bj920046,920046,亿能电力,22.860,0.84,3.815,22.860,22.870,22.020,21.960,23.200,21.740,7363640,166052709,15:08:41,152.4,8.951,231228.9,127849.206582,13.16651
bj920047,920047,诺思兰德,18.600,0.63,3.506,18.600,18.610,17.970,17.900,18.970,17.620,8535294,157423519,15:08:41,-93.0,19.207,510145.87164,334997.95422,4.73903
bj920050,920050,爱伦医疗,29.060,0.36,1.254,29.060,29.170,28.700,28.810,29.660,28.230,742613,21561959,15:08:41,15.708,1.876,196676.144604,52606.303806,4.10223
bj920055,920055,隆源股份,26.600,-0.62,-2.278,26.590,26.600,27.220,27.220,27.220,26.550,342896,9275974,15:08:41,9.5,1.477,180880.0,40698.0,2.24115
bj920056,920056,能之光,16.410,-0.53,-3.129,16.400,16.410,16.940,17.050,17.050,16.410,511191,8546764,15:08:41,21.038,2.433,134056.0797,50614.808721,1.65735
bj920057,920057,百甲科技,4.960,-0.11,-2.17,4.960,5.020,5.070,5.060,5.070,4.950,1305970,6554856,15:08:41,99.2,1.252,89906.595312,57800.04312,1.12069
bj920058,920058,华洋赛车,28.320,0.09,0.319,28.320,28.400,28.230,28.390,29.180,27.500,878501,24807523,15:08:41,30.783,4.453,158750.90352,78147.306816,3.18362
bj920060,920060,万源通,22.190,-0.46,-2.031,22.190,22.200,22.650,22.730,22.870,22.180,1443182,32455796,15:08:41,27.054,3.093,337387.107197,210415.059568,1.52195
bj920061,920061,西磁科技,17.680,-0.47,-2.59,17.670,17.680,18.150,18.330,18.450,17.680,1033269,18537631,15:08:41,294.667,4.463,125156.72,69596.2592,2.62488
bj920062,920062,科润智控,7.600,-0.12,-1.554,7.600,7.620,7.720,7.760,7.860,7.600,2813918,21749098,15:08:41,95.0,1.908,143416.77052,100976.6248,2.11789
bj920065,920065,千岸科技,35.330,-1.51,-4.099,35.320,35.330,36.840,36.830,37.000,35.330,2475236,89673125,15:08:41,11.699,4.308,318853.25,55644.75,15.71578
bj920066,920066,科拜尔,16.800,-0.34,-1.984,16.740,16.800,17.140,17.140,17.200,16.700,289810,4913806,15:08:41,37.333,2.591,105593.58768,33387.18768,1.45829
bj920068,920068,天工股份,15.150,-0.15,-0.98,15.140,15.150,15.300,15.450,15.520,15.100,1014735,15457265,15:08:41,68.243,7.4,993234.022725,263129.046585,0.58425
bj920069,920069,普昂医疗,34.640,0.12,0.348,34.610,34.640,34.520,34.550,35.680,34.350,612968,21481234,15:08:41,16.34,2.316,183314.284192,51116.311624,4.1539
bj920072,920072,科莱瑞迪,26.630,-0.75,-2.739,26.630,26.640,27.380,27.060,27.980,26.610,1864046,50881238,15:08:41,25.854,3.917,203985.8,38520.295,12.8866
bj920075,920075,柏星龙,15.930,0,0,15.920,15.930,15.930,15.930,16.800,15.760,1331435,21588319,15:08:41,47.623,2.539,103250.295,55960.020693,3.79016
bj920076,920076,国亮新材,12.750,-0.05,-0.391,12.750,12.780,12.800,12.850,12.950,12.750,502047,6440046,15:08:41,10.537,1.496,149287.565925,46960.717125,1.36308
bj920077,920077,吉林碳谷,14.010,-0.37,-2.573,14.010,14.020,14.380,14.420,14.430,14.000,3437157,48907363,15:08:41,45.995,3.072,821322.034053,422978.019906,1.13847
bj920078,920078,族兴新材,18.750,-0.98,-4.967,18.750,18.790,19.730,19.980,19.980,18.600,2113087,40607890,15:08:41,22.321,2.274,225000.0,73102.125,5.41987
bj920079,920079,乔路铭,14.250,-0.26,-1.792,14.250,14.260,14.510,14.510,14.510,14.240,4672410,67161090,15:08:41,12.179,3.294,593242.32,64125.0,10.38313
bj920080,920080,奥美森,21.140,-0.67,-3.072,21.140,21.250,21.810,21.900,21.900,21.110,285415,6142832,15:08:41,18.544,3.004,175462.0,48570.631914,1.24225
bj920081,920081,欧伦电气,38.700,-0.73,-1.851,38.690,38.700,39.430,39.780,39.780,38.690,1050457,41077097,15:08:41,9.021,2.978,280962.0,66177.0,6.14302
bj920082,920082,方正阀门,8.360,-0.11,-1.299,8.360,8.380,8.470,8.430,8.470,8.300,701629,5901013,15:08:41,20.9,3.146,170123.492,47839.529848,1.2261
bj920083,920083,金戈新材,31.460,-1.3,-3.968,31.460,31.470,32.760,32.900,33.150,31.460,1730332,55937401,15:08:41,36.581,6.172,280841.765204,119621.056412,4.55072
bj920086,920086,科马材料,20.700,-0.48,-2.266,20.690,20.700,21.180,21.070,21.290,20.700,527231,11055034,15:08:41,14.476,1.971,173217.6,56660.247,1.92616
bj920087,920087,秋乐种业,11.250,-0.02,-0.177,11.250,11.260,11.270,11.100,11.400,10.990,5713809,63906448,15:08:41,140.625,3.437,185850.0,184551.890625,3.48305
bj920088,920088,科力股份,45.050,-1.05,-2.278,45.050,45.080,46.100,44.500,45.790,43.710,4935343,219870286,15:08:41,70.139,5.662,396762.1075,146710.86615,15.15479
bj920089,920089,禾昌聚合,10.200,-0.13,-1.258,10.200,10.210,10.330,10.370,10.370,10.200,926539,9501779,15:08:41,9.273,1.52,199785.768,113793.01152,0.83052
bj920090,920090,*ST同辉,3.920,-0.09,-2.244,3.910,3.920,4.010,3.960,4.110,3.920,5522522,22161574,15:08:41,-12.89,20.353,78138.750032,52889.491424,4.09312
bj920091,920091,大鹏工业,30.330,-1.37,-4.322,30.320,30.330,31.700,31.490,31.490,30.300,810584,25104832,15:08:41,37.913,3.954,186423.9516,43979.1066,5.59016
bj920092,920092,汉鑫科技,30.670,0.27,0.888,30.660,30.670,30.400,31.080,33.930,30.660,6049742,194067194,15:08:41,-48.683,5.425,190398.4399,101078.073153,18.35666
bj920096,920096,嘉晨智能,35.280,-1.07,-2.944,35.110,35.280,36.350,36.370,36.660,35.010,1184404,42401808,15:08:41,25.2,3.507,243432.0,57153.6,7.31114
bj920098,920098,科隆新材,17.320,-0.15,-0.859,17.300,17.320,17.470,17.590,17.850,17.300,597475,10496878,15:08:41,24.056,1.479,140846.879108,95910.650048,1.07895
bj920099,920099,瑞华技术,19.000,-0.31,-1.605,18.990,19.000,19.310,19.290,19.290,18.650,652964,12366957,15:08:41,13.971,1.959,178751.9943,110540.5864,1.12233
bj920100,920100,三协电机,35.650,-0.75,-2.06,35.620,35.650,36.400,36.320,36.800,35.610,1589236,57627005,15:08:41,35.297,7.735,368382.2163,97674.558045,5.80051
bj920101,920101,志高机械,16.890,-0.21,-1.228,16.890,16.900,17.100,17.200,17.370,16.800,477394,8155208,15:08:41,10.897,1.964,210799.771227,65779.716306,1.22579
bj920106,920106,林泰新材,36.600,-0.76,-2.034,36.450,36.600,37.360,37.400,37.530,36.000,410975,15184622,15:08:41,14.466,3.418,207132.21,159802.47348,0.94127
bj920108,920108,宏海科技,9.100,-0.14,-1.515,9.080,9.100,9.240,9.280,9.300,9.080,586904,5388248,15:08:41,82.727,3.268,156702.0,66400.5615,0.80433
bj920110,920110,雷特科技,26.710,-0.15,-0.558,26.530,26.710,26.860,26.820,27.220,26.510,157170,4198638,15:08:41,23.026,2.773,104169.0,43374.369,0.96786
bj920111,920111,聚星科技,26.930,0.12,0.448,26.920,26.930,26.810,27.050,27.700,26.770,1754731,47965174,15:08:41,34.974,4.074,417831.0685,202750.920625,2.33069
bj920112,920112,巴兰仕,16.260,-0.46,-2.751,16.250,16.260,16.720,16.960,16.960,16.250,325871,5392812,15:08:41,7.78,2.087,193152.54,56665.70163,0.93507
bj920116,920116,星图测控,48.050,-1.01,-2.059,48.030,48.050,49.060,49.290,49.910,48.020,2497031,122353347,15:08:41,76.27,17.879,1074806.425,1074806.425,1.11632
bj920117,920117,龙鑫智能,31.530,-1.66,-5.002,31.530,31.550,33.190,33.800,34.680,31.400,7437792,245993575,15:08:41,18.017,4.07,283265.557836,63734.751459,36.79525
bj920118,920118,太湖远大,19.530,-0.27,-1.364,19.530,19.550,19.800,19.750,19.980,19.530,610125,12040891,15:08:41,38.643,1.746,100991.583,61205.2623,1.94685
bj920119,920119,美德乐,47.870,-1.17,-2.386,47.830,47.870,49.040,49.490,49.490,47.830,297062,14370357,15:08:41,9.911,2.463,483355.706951,127178.493251,1.11814
bj920121,920121,江天科技,28.040,-0.21,-0.743,28.040,28.150,28.250,28.400,28.490,28.000,140361,3957527,15:08:41,13.546,2.284,185255.185132,33438.468296,1.177
bj920122,920122,中纺标,23.420,0.42,1.826,23.410,23.420,23.000,23.300,23.970,22.650,1705848,39909717,15:08:41,100.3,6.348,216031.016936,87532.573196,4.56412
bj920123,920123,芭薇股份,10.750,-0.18,-1.647,10.730,10.750,10.930,11.030,11.030,10.720,892971,9702278,15:08:41,30.714,2.808,119905.5,69858.7632,1.37412
bj920124,920124,南特科技,12.590,-0.18,-1.41,12.580,12.590,12.770,12.890,12.890,12.590,608548,7760228,15:08:41,14.471,1.734,187255.243585,96415.993931,0.79464
bj920125,920125,鸿仕达,131.290,0.48,0.367,131.290,131.300,130.810,134.000,138.800,131.030,2304072,312949366,15:08:41,80.055,10.445,737324.64,216386.125531,13.97971
bj920126,920126,永大股份,9.990,-0.44,-4.219,9.980,9.990,10.430,10.430,10.450,9.980,2893740,29592266,15:08:41,12.746,2.292,185893.92,44623.332,6.47833
bj920128,920128,胜业电气,18.130,-0.47,-2.527,18.120,18.130,18.600,18.590,18.700,18.100,855003,15719390,15:08:41,79.067,2.867,147197.47,44055.9,3.51853
bj920130,920130,立方控股,19.010,-0.91,-4.568,19.000,19.010,19.920,19.570,20.850,18.920,6069864,119585486,15:08:41,-34.564,3.758,175354.391636,108918.021219,10.59403
bj920132,920132,泰鹏智能,8.720,-0.21,-2.352,8.720,8.800,8.930,8.980,8.980,8.700,641556,5657339,15:08:41,39.636,3.463,93889.2864,31880.488296,1.75479
bj920136,920136,永励精密,21.200,0.2,0.952,21.200,21.210,21.000,21.000,21.620,20.810,2417139,51145564,15:08:41,11.648,2.118,169600.0,44520.0,11.51019
bj920138,920138,杰理科技,46.590,-6.67,-12.523,46.590,46.600,53.260,51.010,52.000,46.040,18237126,883910493,15:08:41,31.268,4.485,2017137.345,161265.493863,52.68751
bj920139,920139,华岭股份,14.770,-0.54,-3.527,14.770,14.780,15.310,15.550,15.550,14.770,3875110,58844540,15:08:41,-70.333,3.861,398062.417984,384550.935713,1.48837
bj920145,920145,恒合股份,10.160,-0.13,-1.263,10.150,10.160,10.290,10.280,10.470,10.150,683258,7022994,15:08:41,-72.571,2.78,71678.8,49613.566,1.39919
bj920146,920146,华阳变速,5.080,-0.1,-1.931,5.080,5.090,5.180,5.160,5.180,5.050,953480,4877598,15:08:41,-28.222,3.74,68575.145044,55165.316136,0.87803
bj920149,920149,旭杰科技,8.030,-0.19,-2.311,8.030,8.060,8.220,8.210,8.210,8.030,598132,4851522,15:08:41,-15.151,5.025,61415.99354,50803.403409,0.94541
bj920152,920152,昆工科技,13.320,-0.42,-3.057,13.320,13.350,13.740,13.790,13.870,13.320,506398,6874838,15:08:41,-6.783,8.249,146658.1284,109359.774756,0.61679
bj920156,920156,海昌智能,37.710,-1.23,-3.159,37.710,37.720,38.940,39.350,39.400,37.700,886860,34120327,15:08:41,19.641,5.23,392636.52,81860.868,4.08541
bj920158,920158,长江能科,8.180,-0.23,-2.735,8.170,8.180,8.410,8.450,8.450,8.180,1521144,12656507,15:08:41,17.404,2.915,163282.616,43677.24088,2.84884
bj920159,920159,农大科技,27.920,-0.63,-2.207,27.920,28.000,28.550,28.520,28.530,27.900,379824,10707349,15:08:41,11.781,1.91,212192.0,40204.8,2.63767
bj920160,920160,北矿检测,20.140,0.02,0.099,20.140,20.160,20.120,20.080,20.460,19.900,481914,9738062,15:08:41,22.886,4.077,228145.92,51332.832,1.89075
bj920161,920161,龙辰科技,23.250,-1.1,-4.517,23.240,23.250,24.350,24.440,24.760,23.230,3247502,78380655,15:08:41,27.679,4.269,316185.912825,85789.803,8.8011
bj920163,920163,方大新材,10.920,-0.28,-2.5,10.920,10.980,11.200,11.290,11.290,10.920,624686,6919340,15:08:44,32.118,2.719,140475.05472,66264.23622,1.02945
bj920165,920165,珈凯生物,40.340,-0.99,-2.395,40.340,40.350,41.330,41.040,41.850,40.340,2900236,118622841,15:08:44,24.901,4.214,194738.723866,38746.735394,30.19494
bj920166,920166,海圣医疗,22.210,-0.31,-1.377,22.210,22.220,22.520,22.700,23.420,21.860,1203902,27242602,15:08:44,16.575,2.682,167228.236078,52781.414247,5.06592
bj920167,920167,同享科技,14.910,-0.47,-3.056,14.900,14.910,15.380,15.380,15.430,14.840,1197912,18201549,15:08:44,74.55,2.466,164049.5115,97457.443692,1.83268
bj920168,920168,通宝光电,15.680,-0.25,-1.569,15.650,15.680,15.930,15.930,16.000,15.660,228456,3620375,15:08:44,11.042,1.441,117871.8912,44177.637952,0.81086
bj920169,920169,七丰精工,17.940,-0.2,-1.103,17.940,17.980,18.140,18.150,18.280,17.930,1105725,20034851,15:08:44,49.833,4.304,144955.36146,91209.805284,2.17484
bj920171,920171,志晟信息,16.800,-0.29,-1.697,16.800,16.820,17.090,17.110,17.570,16.800,1339259,23030729,15:08:44,336.0,7.704,168391.8348,113621.7264,1.98022
bj920174,920174,五新智能,28.100,-0.56,-1.954,28.080,28.100,28.660,28.610,28.740,28.100,683757,19469947,15:08:44,18.247,2.285,609502.74371,156780.1003,1.22551
bj920175,920175,东方碳素,8.070,-0.1,-1.224,8.070,8.080,8.170,8.200,8.290,8.070,1562148,12763018,15:08:44,-7.99,1.483,96033.0,63975.61902,1.97052
bj920176,920176,维琪科技,63.300,-6.42,-9.208,63.300,63.330,69.720,71.000,71.500,63.300,2661628,177649638,15:08:44,34.78,5.983,372393.9,50304.51,33.49224
bj920177,920177,恒道科技,24.700,-0.15,-0.604,24.700,24.710,24.850,24.850,25.080,24.620,205421,5084021,15:08:44,12.228,3.063,129230.4,45765.40982,1.10868
bj920178,920178,锐翔智能,99.700,-2.8,-2.732,99.690,99.700,102.500,104.000,104.500,99.580,1390974,141725887,15:08:44,39.88,11.422,657402.58781,191974.48358,7.22388
bj920179,920179,凯德石英,55.050,-2.6,-4.51,55.050,55.070,57.650,58.160,58.800,55.030,5253510,300135268,15:08:44,172.031,5.415,409885.00329,328750.19937,8.79713
bj920180,920180,爱得科技,12.320,-0.08,-0.645,12.320,12.400,12.400,12.470,12.740,12.210,1052487,13150255,15:08:44,14.0,1.837,145527.592672,43944.791968,2.95067
bj920181,920181,赛英电子,71.090,-2.05,-2.803,71.080,71.090,73.140,73.500,74.480,71.090,738421,53958284,15:08:44,26.136,6.173,307108.8,71232.18,7.36947
bj920183,920183,海菲曼,29.020,-0.45,-1.527,29.020,29.090,29.470,29.350,29.350,28.810,173469,5044636,15:08:44,14.882,2.963,142058.704,32646.997954,1.54197
bj920184,920184,国源科技,11.460,-0.17,-1.462,11.460,11.510,11.630,11.660,11.770,11.400,1214718,14109225,15:08:44,67.412,2.393,150959.621028,102415.558392,1.35923
bj920185,920185,贝特瑞,20.930,-0.41,-1.921,20.920,20.930,21.340,21.420,21.460,20.910,3790914,80067211,15:08:44,26.833,1.848,2382232.503014,2343029.187681,0.33864
bj920186,920186,中科仪,73.220,-3.22,-4.212,73.210,73.220,76.440,77.500,77.980,73.000,5389416,407599510,15:08:44,14.912,6.195,1638949.8902,857228.590246,4.60336
bj920187,920187,通领科技,20.180,0.84,4.343,20.150,20.180,19.340,19.240,20.300,19.240,1830124,36343493,15:08:44,6.406,1.432,182588.64,66988.04477,5.51321
bj920188,920188,悦龙科技,21.600,-0.71,-3.182,21.580,21.600,22.310,22.280,22.280,21.600,838648,18362433,15:08:44,14.595,2.25,179265.30768,42754.77864,4.23691
bj920189,920189,康美特,20.200,-1.03,-4.852,20.200,20.270,21.230,21.100,21.450,20.160,4687731,97509352,15:08:44,28.451,4.73,285648.2,171432.148,5.52359
bj920190,920190,雷神科技,26.500,2.62,10.972,26.490,26.500,23.880,23.980,27.680,23.530,13489487,343482531,15:08:44,115.771,3.099,265000.00265,263524.08515,13.56504
bj920191,920191,瑞尔竞达,8.870,-0.01,-0.113,8.860,8.870,8.880,8.910,9.060,8.850,1128365,10092666,15:08:44,12.739,2.226,157349.7198,35404.605,2.82692
bj920193,920193,吉和昌,31.940,-2.34,-6.826,31.940,31.950,34.280,34.480,34.550,31.780,5511587,182674640,15:08:44,40.949,4.582,355590.5752,80488.8,21.87138
bj920195,920195,三祥科技,12.290,-0.19,-1.522,12.290,12.300,12.480,12.520,12.520,12.280,530200,6566675,15:08:44,10.781,1.433,120478.87,86962.792565,0.7493
bj920198,920198,微创光电,8.080,0.17,2.149,8.080,8.090,7.910,7.950,8.370,7.890,4839863,39193148,15:08:44,-115.429,3.004,130382.008576,56936.530424,6.86837
bj920199,920199,倍益康,28.810,0.21,0.734,28.810,28.820,28.600,27.900,29.500,27.890,3817757,109900412,15:08:44,494.168,3.726,196222.8933,109266.981155,10.06613
bj920200,920200,振宏股份,29.660,0.1,0.338,29.660,29.690,29.560,29.470,30.850,29.290,2237183,67077657,15:08:44,16.032,4.191,301226.96,131598.454,5.04222
bj920204,920204,沪江材料,12.850,-0.12,-0.925,12.750,12.850,12.970,13.000,13.080,12.660,505269,6508357,15:08:44,57.779,2.418,121159.819145,64238.104755,1.01073
bj920206,920206,彩客科技,33.440,-0.94,-2.734,33.430,33.440,34.380,34.560,34.750,33.410,638454,21784904,15:08:44,14.539,3.838,239250.583088,92043.944432,2.31953
bj920207,920207,众诚科技,22.620,-0.57,-2.458,22.620,22.680,23.190,23.560,24.190,22.620,3200765,75496785,15:08:44,2262.0,7.158,208545.09,127383.326616,5.68373
bj920208,920208,青矩技术,12.220,-0.32,-2.552,12.200,12.220,12.540,12.590,12.590,12.180,1181428,14634584,15:08:44,8.589,2.077,227588.24335,197056.177422,0.73264
bj920211,920211,新睿电子,104.000,-3.3,-3.075,103.990,104.000,107.300,108.600,108.650,103.550,467880,49833553,15:08:44,48.826,12.986,357760.0,120605.3784,4.03461
bj920212,920212,智新电子,9.530,-0.09,-0.936,9.530,9.610,9.620,9.660,9.750,9.520,696406,6697400,15:08:44,95.3,2.369,101113.3,49176.956639,1.34956
bj920218,920218,新天力,17.180,-0.42,-2.386,17.170,17.180,17.600,17.690,17.690,17.130,1259408,21913406,15:08:44,15.907,2.647,160927.19032,36208.961422,5.97549
bj920220,920220,朗信电气,39.850,-1,-2.448,39.850,39.970,40.850,40.840,41.430,39.850,736874,29942527,15:08:44,16.069,3.319,263831.95407,82632.310445,3.55363
bj920221,920221,易实精密,12.940,-0.26,-1.97,12.930,12.940,13.200,13.330,13.370,12.910,1173570,15392583,15:08:44,25.88,3.546,153533.1,79923.790952,1.90006
bj920222,920222,益坤电气,29.420,1.11,3.921,29.420,29.460,28.310,28.290,29.770,27.300,4487222,127451263,15:08:44,36.321,7.155,251973.7682,34017.13978,38.8081
bj920223,920223,荣亿精密,11.090,-0.23,-2.032,11.060,11.090,11.320,11.350,11.380,11.090,1200267,13511622,15:08:44,-85.308,7.31,174429.065,90577.85225,1.46956
bj920225,920225,利通科技,15.950,1.17,7.916,15.950,15.960,14.780,15.300,17.580,15.210,8585048,140391679,15:08:44,24.167,2.732,202435.63593,132037.53563,10.37065
bj920227,920227,美登科技,51.750,-0.91,-1.728,51.750,51.770,52.660,51.920,55.790,51.540,1106549,59025716,15:08:44,46.622,4.705,201522.2625,91691.772975,6.24526
bj920230,920230,欧康医药,11.300,0.31,2.821,11.290,11.300,10.990,10.840,11.680,10.710,4845274,54667575,15:08:44,94.167,2.692,113536.30139,53389.95524,10.25504
bj920237,920237,力佳科技,12.800,-0.25,-1.916,12.800,12.810,13.050,13.270,13.270,12.780,548969,7094453,15:08:44,26.122,2.299,121641.0624,119338.87744,0.58881
bj920238,920238,长鹰硬科,65.180,-5.23,-7.428,65.180,65.200,70.410,71.180,71.200,65.180,3946595,269229126,15:08:44,40.235,6.624,620762.959126,126494.441438,20.336
bj920239,920239,长虹能源,22.020,-0.31,-1.388,22.010,22.020,22.330,22.360,22.480,22.010,690299,15409791,15:08:44,16.073,3.484,400927.397208,396095.71596,0.38376
bj920242,920242,建邦科技,13.980,-0.14,-0.992,13.970,13.980,14.120,14.210,14.250,13.960,219430,3096379,15:08:44,10.837,1.913,131710.7526,73720.82487,0.41611
bj920245,920245,威博液压,12.990,-0.58,-4.274,12.980,12.990,13.570,13.580,13.580,12.910,957668,12674659,15:08:44,49.962,2.526,89726.0868,69099.456753,1.80032
bj920247,920247,华密新材,14.550,-0.33,-2.218,14.550,14.580,14.880,14.880,14.900,14.510,1722049,25325931,15:08:44,51.964,5.706,275072.113545,199543.668825,1.25566
bj920249,920249,利尔达,9.150,-0.13,-1.401,9.140,9.150,9.280,9.350,9.550,9.110,6159692,57291572,15:08:44,91.5,4.979,385791.45,114072.66204,4.94081
bj920252,920252,天宏锂电,15.820,-0.35,-2.165,15.820,15.860,16.170,16.180,16.230,15.810,1256003,20125185,15:08:44,175.778,6.116,162393.35203,107941.820098,1.8408
bj920258,920258,聚仁新材,12.300,-0.63,-4.872,12.290,12.300,12.930,12.900,12.900,12.060,5647662,71191342,15:08:44,36.358,4.881,492000.0,44280.0,15.68795
bj920260,920260,中寰股份,8.110,-0.02,-0.246,8.020,8.110,8.130,8.130,8.230,7.990,572173,4627667,15:08:44,19.78,1.858,83979.05,80190.714099,0.57866
bj920261,920261,一诺威,13.360,-0.38,-2.766,13.290,13.360,13.740,13.820,13.820,13.230,910207,12334584,15:08:44,20.875,2.386,388953.351328,214088.919192,0.56801
bj920262,920262,太湖雪,14.230,-0.34,-2.334,14.230,14.280,14.570,14.610,14.760,14.170,762226,10976602,15:08:44,24.904,3.114,118019.382306,54865.898077,1.97691
bj920263,920263,中航泰达,7.120,-0.18,-2.466,7.090,7.120,7.300,7.270,7.300,7.090,453362,3263794,15:08:44,-237.333,1.866,100564.941952,73015.024704,0.44209
bj920266,920266,生物谷,7.980,0.44,5.836,7.950,7.980,7.540,7.550,8.180,7.460,8956134,70659732,15:08:44,-19.0,1.129,98952.005586,94555.384686,7.55853
bj920267,920267,鑫汇科,17.170,-0.81,-4.505,17.170,17.180,17.980,17.990,18.130,17.000,2534559,44422009,15:08:44,-59.207,3.381,81528.209697,46662.991416,9.3261
bj920270,920270,天铭科技,11.910,-0.37,-3.013,11.900,11.910,12.280,12.300,12.300,11.910,820943,9963801,15:08:44,35.029,3.002,124597.656,96806.941797,1.00999
bj920271,920271,邦德股份,9.660,-0.04,-0.412,9.600,9.660,9.700,9.700,9.800,9.560,811964,7875343,15:08:44,12.711,1.942,126375.018,55922.156346,1.40259
bj920273,920273,一致魔芋,18.570,-0.25,-1.328,18.570,18.580,18.820,18.100,18.970,17.870,4195671,77298460,15:08:44,25.438,2.81,191341.387728,127372.008828,6.11701
bj920274,920274,宏裕包材,15.540,-0.16,-1.019,15.540,15.580,15.700,15.720,15.950,15.440,1558907,24524671,15:08:44,67.565,2.525,126392.001036,126392.001036,1.91669
bj920275,920275,驱动力,6.850,0.12,1.783,6.840,6.850,6.730,6.760,6.960,6.650,1252828,8582787,15:08:44,228.333,4.671,109173.656,90361.446885,0.94973
bj920278,920278,鹿得医疗,6.860,0.08,1.18,6.840,6.860,6.780,6.690,7.190,6.540,5839888,40039976,15:08:44,61.525,3.109,119707.0,67670.6758,5.92009
bj920284,920284,灵鸽科技,17.900,-0.62,-3.348,17.900,17.920,18.520,18.680,18.800,17.900,2665877,48690034,15:08:44,-217.233,5.946,187566.30455,120038.65479,3.97532
bj920299,920299,灿能电力,16.450,0.12,0.735,16.440,16.450,16.330,16.330,16.750,16.040,2359004,38659510,15:08:44,58.75,5.066,148229.75902,74707.288425,5.19435
bj920300,920300,辰光医疗,9.730,-0.14,-1.418,9.730,9.750,9.870,9.900,10.050,9.730,1590419,15761776,15:08:44,-13.9,5.209,83529.253598,64735.301288,2.39047
bj920304,920304,迪尔化工,8.530,-0.26,-2.958,8.530,8.540,8.790,8.790,8.860,8.510,1023042,8828263,15:08:44,23.694,2.734,144615.914,115521.660344,0.7554
bj920339,920339,恒太照明,12.100,-0.06,-0.493,11.990,12.100,12.160,12.100,12.500,11.900,2004470,24359504,15:08:44,67.222,4.435,266446.598,182924.23655,1.32591
bj920344,920344,三元基因,20.280,0.66,3.364,20.280,20.300,19.620,19.540,21.000,19.310,2814556,56687405,15:08:44,507.0,3.94,247030.68,230640.706452,2.47481
bj920346,920346,威贸电子,15.110,-0.23,-1.499,15.040,15.110,15.340,15.460,15.460,15.040,324545,4938281,15:08:44,25.183,2.506,121866.838633,67811.062948,0.72317
bj920351,920351,华光源海,11.500,-0.27,-2.294,11.490,11.500,11.770,11.950,12.000,11.400,869736,10123900,15:08:44,54.893,2.279,101240.75485,45816.391,2.18305
bj920357,920357,雅葆轩,15.980,-0.44,-2.68,15.980,16.000,16.420,16.560,16.560,15.980,1456835,23707600,15:08:44,19.488,3.923,166358.192,100603.49624,2.31406
bj920363,920363,莱赛激光,10.470,-0.14,-1.32,10.460,10.470,10.610,10.500,10.660,10.360,1375510,14527642,15:08:44,209.4,3.723,129851.034,73826.483847,1.95073
bj920367,920367,新赣江,31.130,7.11,29.6,31.120,31.130,24.020,23.580,31.220,22.710,13895649,378548381,15:08:44,148.238,4.555,220591.07125,130722.895314,33.09073
bj920368,920368,连城数控,24.150,-1.1,-4.356,24.140,24.150,25.250,25.300,25.480,24.150,3549585,87943866,15:08:44,67.083,1.339,566994.7626,539436.21711,1.58911
bj920370,920370,新安洁,2.840,-0.15,-5.017,2.840,2.850,2.990,2.930,2.940,2.830,9950940,28467736,15:08:44,-10.923,1.513,85280.469412,74517.6808,3.79248
bj920371,920371,欧福蛋业,7.230,-0.15,-2.033,7.220,7.230,7.380,7.380,7.420,7.200,2335232,17062845,15:08:44,17.161,2.34,148537.122528,140847.343692,1.19873
bj920374,920374,云里物里,15.150,-0.35,-2.258,15.150,15.160,15.500,15.700,15.700,15.150,459110,7047469,15:08:44,79.737,4.924,129674.7585,52911.20532,1.31456
bj920375,920375,派诺科技,7.410,-0.22,-2.883,7.410,7.440,7.630,7.620,7.640,7.410,2574984,19415905,15:08:44,82.333,1.465,112717.50399,67344.053283,2.83331
bj920378,920378,泰德股份,7.130,-0.25,-3.388,7.090,7.130,7.380,7.360,7.360,7.070,1228428,8851980,15:08:44,41.941,2.782,110890.038,79415.554232,1.10289
bj920392,920392,佳合科技,14.000,-0.1,-0.709,13.960,14.000,14.100,14.310,14.310,13.810,428367,5996256,15:08:44,51.852,3.142,107336.18,50455.86,1.18859
bj920394,920394,民士达,44.090,-2.06,-4.464,44.090,44.160,46.150,46.380,46.380,44.000,1471991,66461841,15:08:44,50.678,7.648,644816.25,640066.928108,1.01396
bj920395,920395,朗鸿科技,7.140,-0.09,-1.245,7.070,7.140,7.230,7.300,7.300,7.050,746063,5376707,15:08:44,26.444,4.355,108946.192656,75032.849136,0.70994
bj920396,920396,常辅股份,20.690,-0.8,-3.723,20.690,20.700,21.490,21.850,21.850,20.690,2367131,49909542,15:08:44,36.477,4.047,149425.530384,106157.809957,4.6135
bj920402,920402,硅烷科技,9.030,-0.15,-1.634,9.020,9.030,9.180,9.190,9.460,9.030,6327629,58301803,15:08:44,-33.444,2.529,381120.240501,246404.569131,2.31889
bj920403,920403,康农种业,18.410,-0.26,-1.393,18.400,18.410,18.670,18.700,18.790,18.300,1291641,23959977,15:08:44,24.224,3.568,201216.123108,119670.408858,1.98705
bj920405,920405,海希通讯,18.430,-0.46,-2.435,18.430,18.440,18.890,18.570,18.980,18.420,712180,13221141,15:08:44,32.911,3.013,251514.731569,195893.463377,0.67003
bj920407,920407,驰诚股份,10.840,-0.3,-2.693,10.830,10.840,11.140,11.140,11.260,10.820,859953,9430206,15:08:44,49.273,3.346,120323.1328,48985.053776,1.90301
bj920414,920414,欧普泰,8.160,-0.29,-3.432,8.160,8.180,8.450,8.360,8.450,8.150,1401908,11662755,15:08:44,-41.954,2.425,65074.507536,45759.310992,2.49994
bj920415,920415,恒拓开源,8.980,-0.22,-2.391,8.980,9.000,9.200,9.200,9.350,8.960,1944330,17785377,15:08:44,49.889,2.26,126179.315326,97191.746014,1.79646
bj920418,920418,苏轴股份,18.900,-0.42,-2.174,18.900,18.910,19.320,19.420,19.480,18.900,1023159,19609893,15:08:44,20.323,3.228,307105.344,296576.06328,0.65203
bj920419,920419,路斯股份,10.830,-0.19,-1.724,10.820,10.830,11.020,10.940,11.070,10.710,1363392,14851060,15:08:44,18.356,1.788,111880.8312,104716.649742,1.41005
bj920422,920422,润普食品,9.610,-0.21,-2.138,9.610,9.620,9.820,9.750,9.880,9.500,2425411,23524900,15:08:44,45.762,1.949,85031.88431,63640.02431,3.66251
bj920425,920425,乐创技术,14.550,-0.13,-0.886,14.550,14.560,14.680,14.750,14.880,14.520,1476235,21647599,15:08:44,32.333,5.09,146534.747985,120617.487735,1.78077
bj920427,920427,华维设计,8.730,-0.23,-2.567,8.730,8.740,8.960,8.950,8.960,8.620,1124043,9901488,15:08:44,-72.75,2.864,90001.935,44442.696222,2.20799
bj920429,920429,康比特,9.430,-0.12,-1.257,9.410,9.430,9.550,9.460,9.630,9.310,1642950,15518449,15:08:44,29.469,1.404,117380.868,107030.868713,1.44753
bj920433,920433,大唐药业,5.340,0.12,2.299,5.310,5.340,5.220,5.160,5.580,5.140,10609786,56675137,15:08:44,-16.182,3.599,136661.109654,90414.955464,6.26625
bj920436,920436,大地电气,10.500,-0.26,-2.416,10.500,10.560,10.760,10.760,10.760,10.430,647681,6857526,15:08:44,-105.0,2.577,99936.522,93853.13805,0.72461
bj920438,920438,戈碧迦,114.900,0.04,0.035,114.890,114.900,114.860,116.350,122.000,114.900,5586006,660041927,15:08:44,547.143,16.872,1659856.89,1601637.6345,4.00735
bj920445,920445,龙竹科技,6.820,0.12,1.791,6.800,6.820,6.700,6.790,6.930,6.660,3530510,23992537,15:08:47,40.118,3.27,101041.72705,73661.545342,3.26874
bj920454,920454,同心传动,11.100,-0.12,-1.07,11.070,11.100,11.220,11.290,11.290,11.010,540984,6009821,15:08:47,42.808,3.581,116661.0,54645.855,1.09888
bj920455,920455,汇隆活塞,5.900,-0.1,-1.667,5.870,5.900,6.000,6.040,6.040,5.860,611621,3642322,15:08:47,39.333,2.968,104695.5,57413.75078,0.62852
bj920469,920469,富恒新材,5.670,-0.12,-2.073,5.600,5.670,5.790,5.790,5.820,5.580,2494603,14161692,15:08:47,-7.986,2.776,79916.382,58655.107854,2.41145
bj920471,920471,美邦科技,11.350,-0.16,-1.39,11.330,11.350,11.510,11.460,11.500,11.280,989142,11262571,15:08:47,-35.469,1.844,94432.0,60189.738945,1.86523
bj920475,920475,三友科技,12.510,0.04,0.321,12.500,12.510,12.470,12.480,12.830,12.280,1921023,24077603,15:08:47,-113.727,3.564,126426.06,70301.95911,3.4184
bj920476,920476,海能技术,22.700,-0.32,-1.39,22.700,22.720,23.020,23.350,23.420,22.700,921630,21288222,15:08:47,43.654,4.318,193358.146,183030.06141,1.14304
bj920478,920478,峆一药业,12.700,1.06,9.107,12.690,12.700,11.640,11.520,13.600,11.270,13073493,162527862,15:08:47,19.844,2.695,139944.0686,85095.32257,19.51146
bj920489,920489,佳先股份,13.450,-0.26,-1.896,13.430,13.450,13.710,13.710,13.760,13.400,2359248,32090248,15:08:47,-873.377,3.826,183537.624,116780.336505,2.71723
bj920491,920491,奥迪威,22.060,-0.44,-1.956,22.060,22.070,22.500,22.550,22.650,22.010,2086593,46684636,15:08:47,32.925,2.87,311361.85508,255505.418876,1.80154
bj920493,920493,并行科技,121.500,1.41,1.174,121.500,121.580,120.090,123.900,130.000,121.500,3634117,459009144,15:08:47,578.571,15.844,736070.75325,542338.76025,8.1415
bj920496,920496,许昌智能,6.440,-0.08,-1.227,6.430,6.440,6.520,6.590,6.590,6.440,1980252,12874950,15:08:47,96.988,1.894,106630.3,93378.990208,1.36571
bj920504,920504,博迅生物,18.500,0.01,0.054,18.490,18.500,18.490,18.340,19.270,18.010,1492769,27700452,15:08:47,54.412,3.856,80166.235,31620.02425,8.73378
bj920505,920505,九菱科技,28.880,-0.97,-3.25,28.880,28.910,29.850,29.860,29.900,28.850,1236534,36237005,15:08:47,111.077,5.499,187100.42292,103999.554288,3.43377
bj920508,920508,殷图网联,15.290,-0.35,-2.238,15.290,15.300,15.640,15.610,16.160,15.140,854922,13364417,15:08:47,382.25,4.758,91740.0,48784.159325,2.67951
bj920509,920509,同惠电子,19.990,-0.5,-2.44,19.980,19.990,20.490,20.610,20.740,19.980,2037585,41537997,15:08:47,46.488,9.045,320451.086304,167887.038488,2.42611
bj920510,920510,丰光精密,24.710,-0.83,-3.25,24.710,24.720,25.540,25.800,25.960,24.600,8933373,226576039,15:08:47,-287.995,11.643,454676.673759,232255.907338,9.50433
bj920519,920519,万德股份,9.990,-0.16,-1.576,9.960,9.980,10.150,10.170,10.190,9.960,621306,6268124,15:08:47,43.435,1.678,89168.845896,79287.921711,0.78282
bj920522,920522,纳科诺尔,21.080,-1.4,-6.228,21.070,21.080,22.480,22.330,22.660,21.020,7428529,162131798,15:08:47,50.19,4.251,462602.724864,383707.05576,4.08107
bj920523,920523,德瑞锂电,15.620,-0.1,-0.636,15.620,15.640,15.720,15.790,15.870,15.580,761687,11976033,15:08:47,10.896,2.153,158232.738378,126583.717744,0.9399
bj920526,920526,凯华材料,19.720,-0.48,-2.376,19.720,19.730,20.200,20.370,20.560,19.720,1684849,33930600,15:08:47,116.0,6.984,163084.4,103268.682392,3.21736
bj920527,920527,夜光明,14.050,-0.23,-1.611,14.010,14.050,14.280,14.310,14.440,14.000,957427,13634426,15:08:47,46.833,2.116,84359.9935,65413.002285,2.05645
bj920533,920533,骏创科技,18.640,-0.51,-2.663,18.640,18.680,19.150,19.070,19.300,18.610,1979589,37490553,15:08:47,66.571,6.391,243731.659392,136327.615912,2.70668
bj920541,920541,铁大科技,9.700,-0.12,-1.222,9.700,9.710,9.820,9.890,9.890,9.660,357849,3492904,15:08:47,18.777,2.726,132599.0,87356.92348,0.39735
bj920547,920547,无锡晶海,18.910,0.21,1.123,18.900,18.910,18.700,18.750,19.550,18.500,1077962,20575475,15:08:47,23.346,2.012,146908.008,71413.4259,2.8544
bj920553,920553,凯腾精工,7.700,-0.52,-6.326,7.690,7.700,8.220,8.000,8.010,7.520,7623948,58273113,15:08:47,48.125,3.093,110641.6542,72228.60645,8.12758
bj920556,920556,雅达股份,6.840,-0.1,-1.441,6.830,6.840,6.940,6.990,7.090,6.840,2702682,18766187,15:08:47,45.6,2.081,109878.500088,79603.848864,2.32229
bj920564,920564,天润科技,14.090,-0.41,-2.828,14.060,14.090,14.500,14.510,14.680,14.080,787346,11319723,15:08:47,201.286,4.921,150656.402105,69307.069924,1.60066
bj920566,920566,梓橦宫,10.350,0.4,4.02,10.340,10.350,9.950,9.950,10.570,9.850,7228617,74591574,15:08:47,17.845,1.741,149518.0458,116278.690635,6.43421
bj920570,920570,坤博精工,24.890,-0.94,-3.639,24.880,24.890,25.830,25.600,25.940,24.690,1057429,26625090,15:08:47,113.136,3.503,124872.684469,63446.392124,4.14829
bj920571,920571,国航远洋,8.340,-0.29,-3.36,8.330,8.340,8.630,8.640,8.650,8.310,9494539,80804937,15:08:47,166.8,3.404,463209.815802,246934.266168,3.2067
bj920575,920575,*ST康乐,5.820,0.06,1.042,5.820,5.830,5.760,5.520,6.570,5.520,18929911,115126708,15:08:47,-2.825,-22.576,163507.08,109322.11176,10.07775
bj920576,920576,天力复合,42.460,-0.08,-0.188,42.460,42.470,42.540,42.670,43.560,42.390,1791100,76662762,15:08:47,227.79,10.562,462601.7,458016.673884,1.66042
bj920578,920578,巨能股份,16.920,-0.5,-2.87,16.880,16.920,17.420,17.300,17.370,16.860,1406228,24044425,15:08:47,-564.0,4.894,129402.632124,60067.724148,3.96109
bj920579,920579,机科股份,14.960,-0.37,-2.414,14.920,14.960,15.330,15.520,15.520,14.960,710513,10821007,15:08:47,-51.586,4.147,193702.08,66683.33232,1.59399
bj920580,920580,科创新材,11.150,-0.38,-3.296,11.150,11.180,11.530,11.750,11.820,11.150,2020878,23137591,15:08:47,53.095,2.733,95890.0,61060.82751,3.69022
bj920592,920592,华信永道,21.040,-0.37,-1.728,21.010,21.040,21.410,21.490,21.850,20.930,1817487,38891424,15:08:47,-43.833,5.12,169992.68,105801.135944,3.61432
bj920593,920593,鼎智科技,25.250,-0.52,-2.018,25.250,25.310,25.770,25.740,26.060,25.250,1849938,47530397,15:08:47,157.813,6.552,480370.8268,409440.88515,1.14085
bj920599,920599,同力股份,16.940,-0.17,-0.994,16.940,16.960,17.110,17.180,17.180,16.870,2069372,35211141,15:08:47,9.189,2.054,783517.35,593872.942124,0.59028
bj920608,920608,丰安股份,13.770,-0.08,-0.578,13.710,13.770,13.850,13.790,13.940,13.670,229136,3163007,15:08:47,25.5,1.748,85704.48,66397.408776,0.4752
bj920627,920627,力王股份,14.090,-0.26,-1.812,14.090,14.120,14.350,14.580,14.580,14.070,580202,8281492,15:08:47,50.321,2.811,133080.05,65965.8575,1.23928
bj920634,920634,新威凌,17.030,-0.49,-2.797,17.030,17.070,17.520,17.630,17.670,17.030,1084875,18796511,15:08:47,60.821,3.716,108836.628498,69018.715675,2.67687
bj920639,920639,晨光电缆,6.230,-0.09,-1.424,6.230,6.290,6.320,6.320,6.370,6.210,1287793,8108511,15:08:47,77.875,1.466,125596.8,73983.513982,1.08442
bj920640,920640,富士达,26.300,-1,-3.663,26.300,26.310,27.300,27.550,27.580,26.300,2933431,79106181,15:08:47,63.527,5.255,493724.64,475026.14478,1.62411
bj920641,920641,格利尔,12.870,-0.11,-0.847,12.750,12.870,12.980,12.990,13.080,12.730,1069320,13795693,15:08:47,107.25,2.773,96621.525,58325.955831,2.35952
bj920642,920642,通易航天,10.290,-0.24,-2.279,10.280,10.290,10.530,10.570,10.570,10.270,2110227,21998402,15:08:47,-31.182,4.676,106676.716062,102855.627462,2.11114
bj920651,920651,天罡股份,24.010,-0.59,-2.398,24.010,24.020,24.600,24.700,24.750,23.700,726413,17607886,15:08:47,19.056,2.656,146461.0,99563.162573,1.75177
bj920656,920656,海昇药业,14.420,0.26,1.836,14.420,14.430,14.160,14.160,14.760,13.920,1010125,14566643,15:08:47,20.899,1.992,144200.0,46686.597202,3.11995
bj920662,920662,方盛股份,18.540,-0.22,-1.173,18.540,18.600,18.760,18.760,19.190,18.500,1237225,23371529,15:08:47,80.609,3.507,162317.703708,50069.276028,4.58128
bj920663,920663,明阳科技,13.000,-0.03,-0.23,12.980,13.000,13.030,13.360,13.500,13.000,1050577,13893608,15:08:47,20.313,4.29,173618.263,83299.476,1.63957
bj920665,920665,科强股份,8.790,-0.11,-1.236,8.780,8.790,8.900,8.990,8.990,8.750,1210336,10718355,15:08:47,35.16,1.561,114261.21,56415.194811,1.88581
bj920670,920670,数字人,13.440,-0.03,-0.223,13.440,13.450,13.470,13.410,13.850,13.300,2154865,29336475,15:08:47,168.0,5.893,142709.1456,89555.569152,3.2339
bj920675,920675,秉扬科技,7.500,0.01,0.134,7.500,7.520,7.490,7.470,7.670,7.440,1425880,10756489,15:08:47,27.066,2.044,129123.0,59263.4025,1.8045
bj920679,920679,前进科技,15.430,-0.36,-2.28,15.430,15.500,15.790,16.010,16.010,15.420,171594,2679819,15:08:47,44.086,1.698,86176.55,57361.025,0.46158
bj920682,920682,球冠电缆,5.790,-0.09,-1.531,5.780,5.790,5.880,5.930,5.930,5.790,1756657,10276637,15:08:47,19.3,1.935,225448.704,130742.129094,0.77795
bj920685,920685,新芝生物,12.850,0.13,1.022,12.850,12.860,12.720,12.550,13.350,12.430,4683960,60625170,15:08:47,32.125,2.08,117597.984185,74933.45659,8.03231
bj920689,920689,克莱特,19.940,-0.35,-1.725,19.920,19.940,20.290,20.500,20.500,19.900,472806,9529854,15:08:47,26.587,2.896,146359.6,75633.650298,1.2465
bj920690,920690,捷众科技,17.630,-0.55,-3.025,17.600,17.630,18.180,18.240,18.250,17.370,3339986,59247432,15:08:47,16.174,2.462,151952.97,98778.781452,5.96119
bj920693,920693,阿为特,22.600,-0.84,-3.584,22.600,22.620,23.440,23.550,23.550,22.540,677936,15640121,15:08:47,452.0,4.659,164302.0,82738.6,1.85178
bj920694,920694,中裕科技,14.200,-0.19,-1.32,14.200,14.210,14.390,14.510,14.510,14.160,289680,4160151,15:08:47,20.882,2.029,186743.46444,88702.83186,0.46373
bj920699,920699,海达尔,84.500,0.44,0.523,84.000,84.500,84.060,89.520,98.980,82.280,2247012,200279059,15:08:47,60.791,15.352,539747.299,246954.799,7.68855
bj920701,920701,豪声电子,13.600,0.02,0.147,13.600,13.620,13.580,13.780,13.790,13.110,3339928,44616158,15:08:47,26.667,2.199,186592.0,136281.8464,3.33302
bj920703,920703,广厦环能,9.830,-0.27,-2.673,9.830,9.850,10.100,10.120,10.180,9.830,665831,6624562,15:08:47,16.383,1.3,148161.692,52310.882701,1.2512
bj920706,920706,铁拓机械,14.380,-0.5,-3.36,14.310,14.380,14.880,14.880,14.990,14.380,1002411,14678784,15:08:47,27.654,2.255,136042.34231,68552.14906,2.10273
bj920717,920717,瑞星股份,8.110,-0.08,-0.977,8.090,8.110,8.190,8.150,8.340,8.070,1465377,11962000,15:08:47,-67.583,1.692,93005.48,35911.08,3.30934
bj920718,920718,合肥高科,9.920,-0.37,-3.596,9.920,9.990,10.290,10.240,10.310,9.920,944433,9512002,15:08:47,23.07,1.542,89941.3664,46137.988448,2.0306
bj920719,920719,宁新新材,7.810,-0.17,-2.13,7.780,7.810,7.980,8.000,8.000,7.770,842199,6633216,15:08:47,-1.449,6.562,72705.9454,58061.619022,1.13286
bj920720,920720,吉冈精密,9.530,-0.22,-2.256,9.520,9.530,9.750,9.740,9.790,9.530,882305,8514211,15:08:47,39.659,4.62,252441.44702,70538.365869,1.19203
bj920725,920725,惠丰钻石,71.080,-2.88,-3.894,71.060,71.080,73.960,75.000,76.890,70.710,4052153,301189530,15:08:47,-338.476,10.793,648782.7,314036.30898,9.17177
bj920726,920726,朱老六,17.020,-0.19,-1.104,17.010,17.020,17.210,17.000,17.580,16.560,5241880,89909999,15:08:47,86.97,3.751,172429.62,95164.70041,9.37499
bj920729,920729,永顺生物,6.990,0.09,1.304,6.970,6.990,6.900,6.920,7.120,6.820,1350960,9456291,15:08:47,46.6,2.803,191036.7,54177.421659,1.74302
bj920735,920735,德源药业,26.100,1.05,4.192,26.090,26.100,25.050,25.150,26.500,24.500,4863798,125182912,15:08:47,12.921,2.56,336814.20729,297887.00994,4.26152
bj920748,920748,路桥信息,23.330,-0.77,-3.195,23.330,23.340,24.100,24.020,24.290,23.300,1146804,27250901,15:08:47,-26.213,8.647,179034.42,85938.467322,3.11327
bj920751,920751,惠同新材,16.290,-0.33,-1.986,16.210,16.290,16.620,16.780,16.780,16.190,436391,7158037,15:08:47,30.167,3.422,141364.62,135316.346625,0.52535
bj920753,920753,天纺标,15.600,0.13,0.84,15.590,15.600,15.470,15.500,15.990,15.310,1166765,18282789,15:08:47,39.0,3.098,126990.81408,51027.054,3.56704
bj920765,920765,美之高,13.920,1.02,7.907,13.920,13.950,12.900,13.030,14.980,12.710,4915946,68335331,15:08:47,-154.667,3.899,120992.747184,73507.488768,9.30925
bj920768,920768,拾比佰,7.080,-0.06,-0.84,7.060,7.080,7.140,7.150,7.160,7.040,924000,6558906,15:08:47,14.449,1.525,109993.464,76031.778036,0.86042
bj920770,920770,艾能聚,10.470,-0.32,-2.966,10.460,10.470,10.790,10.710,10.790,10.460,2715686,28874007,15:08:47,29.914,2.19,136248.387225,85742.8086,3.31611
bj920779,920779,武汉蓝电,24.000,-0.65,-2.637,24.000,24.020,24.650,24.580,24.610,23.670,898662,21642221,15:08:47,30.769,3.841,192147.648,48048.0048,4.48882
bj920781,920781,瑞奇智造,5.740,-0.11,-1.88,5.740,5.750,5.850,5.840,5.870,5.730,1551751,8980117,15:08:47,-18.516,2.512,88721.488996,69090.249312,1.28919
bj920786,920786,骑士乳业,7.180,-0.17,-2.313,7.170,7.180,7.350,7.160,7.450,7.060,14584449,106032103,15:08:47,30.618,1.945,150100.054,99120.94469,10.5645
bj920790,920790,联迪信息,23.430,-0.24,-1.014,23.430,23.460,23.670,23.880,24.770,23.370,3514790,84750814,15:08:47,234.3,5.966,185019.72786,127353.666594,6.46637
bj920792,920792,东和新材,10.050,-0.03,-0.298,10.050,10.060,10.080,10.120,10.160,9.900,830177,8348189,15:08:47,21.848,1.559,166367.7,102134.46969,0.81689
bj920799,920799,艾融软件,30.080,-0.68,-2.211,30.080,30.090,30.760,30.400,31.470,30.080,3367497,103568018,15:08:47,97.032,14.994,629109.3632,361170.322368,2.80461
bj920802,920802,保丽洁,11.090,0.29,2.685,11.090,11.100,10.800,10.830,11.880,10.630,2426647,27342789,15:08:47,36.649,2.04,90947.19361,40165.364978,6.70018
bj920806,920806,云星宇,10.190,-0.23,-2.207,10.190,10.210,10.420,10.400,10.480,10.180,2156840,22339322,15:08:47,40.76,1.961,306450.663673,306450.663673,0.71719
bj920807,920807,奔朗新材,9.580,-0.21,-2.145,9.580,9.600,9.790,10.050,10.050,9.570,2777029,27188502,15:08:47,79.37,1.861,174241.04,118361.783276,2.24768
bj920808,920808,曙光数创,61.770,0.63,1.03,61.760,61.770,61.140,61.910,64.000,61.270,2563492,160238542,15:08:47,343.167,17.354,1235400.006177,1203040.685994,1.31622
bj920809,920809,安达科技,7.740,-0.26,-3.25,7.740,7.750,8.000,8.000,8.030,7.740,9971570,78469072,15:08:47,-18.0,2.725,463664.7,355348.932552,2.17195
bj920810,920810,春光智能,8.710,-0.22,-2.464,8.700,8.710,8.930,8.950,8.950,8.650,1193252,10421013,15:08:47,871.0,3.66,83528.9,54356.971695,1.91203
bj920819,920819,颖泰生物,2.870,-0.03,-1.034,2.870,2.880,2.900,2.880,2.940,2.850,5529110,15943400,15:08:47,-13.667,0.74,351804.6,347736.375,0.45634
bj920821,920821,则成电子,18.140,-0.74,-3.919,18.120,18.140,18.880,18.880,19.280,18.140,2235446,41917450,15:08:47,164.61,4.797,250988.484786,132156.107508,3.06842
bj920826,920826,盖世食品,9.750,-0.03,-0.307,9.740,9.750,9.780,9.300,10.310,9.030,14524349,139562070,15:08:47,28.676,3.502,137002.91865,61575.299175,22.99825
bj920832,920832,齐鲁华信,6.260,-0.08,-1.262,6.260,6.340,6.340,6.420,6.430,6.260,546221,3450687,15:08:47,-156.5,1.185,86866.17949,77539.848698,0.44098
bj920833,920833,美心翼申,9.830,0.08,0.821,9.790,9.830,9.750,10.080,10.280,9.550,3318923,32660264,15:08:47,28.086,1.828,112557.432,85083.435244,3.83447
bj920834,920834,三维装备,9.510,-0.16,-1.655,9.450,9.510,9.670,9.710,9.740,9.390,1727023,16475258,15:08:47,24.385,3.622,114120.004755,59719.413489,2.75019
bj920837,920837,华原股份,9.790,-0.14,-1.41,9.790,9.800,9.930,9.910,10.040,9.790,611209,6063997,15:08:47,19.98,2.523,149519.426573,133915.243473,0.44683
bj920839,920839,万通液压,24.710,-0.67,-2.64,24.700,24.710,25.380,25.590,25.590,24.710,419694,10469270,15:08:47,23.243,4.302,292096.838341,161115.614716,0.64368
bj920855,920855,浙江大农,12.650,-0.07,-0.55,12.590,12.650,12.720,12.790,12.790,12.460,260586,3270564,15:08:47,27.5,1.623,94537.666245,84801.692415,0.38872
bj920856,920856,浩淼科技,14.610,-0.32,-2.143,14.610,14.620,14.930,14.930,15.000,13.240,9493959,132544509,15:08:47,81.167,2.963,138980.003508,77520.714057,17.89286
bj920857,920857,泓禧科技,19.610,-0.67,-3.304,19.610,19.620,20.280,20.200,21.610,19.490,3004967,60371580,15:08:47,-67.621,4.258,145128.025072,145128.025072,4.06037
bj920866,920866,绿亨科技,5.970,-0.07,-1.159,5.960,5.970,6.040,6.030,6.080,5.950,1148101,6909060,15:08:47,33.167,1.381,107582.9223,68125.042503,1.00612
bj920870,920870,恒进感应,12.360,-0.38,-2.983,12.330,12.360,12.740,12.600,12.780,12.310,2849661,35540884,15:08:47,103.0,3.613,165624.0,81579.5844,4.31748
bj920871,920871,派特尔,11.140,-0.2,-1.764,11.130,11.140,11.340,11.340,11.390,11.030,514499,5759566,15:08:47,92.833,3.518,94530.966474,52373.695146,1.09435
bj920873,920873,中设咨询,7.060,-0.3,-4.076,7.050,7.060,7.360,7.360,7.360,7.020,2047590,14707571,15:08:47,-17.22,4.362,108291.223412,84583.31487,1.70908
bj920876,920876,慧为智能,16.500,0.05,0.304,16.500,16.520,16.450,16.570,17.110,16.330,1783900,29804296,15:08:47,162.083,4.17,105898.08735,64759.61085,4.54517
bj920879,920879,基康技术,12.950,-0.23,-1.745,12.950,12.980,13.180,13.270,13.270,12.920,696253,9115319,15:08:47,25.9,4.001,260125.11413,194652.381105,0.46321
bj920885,920885,星辰科技,12.210,-0.14,-1.134,12.210,12.230,12.350,12.500,12.550,12.200,1475586,18309685,15:08:47,61.357,5.066,208571.0979,108062.402316,1.66727
bj920892,920892,广咨国际,10.550,-0.1,-0.939,10.550,10.560,10.650,10.650,10.930,10.430,1132020,12034599,15:08:47,16.746,4.023,179720.677415,159149.434975,0.75041
bj920895,920895,花溪科技,12.900,-0.44,-3.298,12.890,12.900,13.340,13.400,13.440,12.880,925281,12037042,15:08:47,-176.471,3.808,72915.96,37070.601,3.21984
bj920896,920896,旺成科技,12.110,-0.35,-2.809,12.110,12.170,12.460,12.630,12.630,12.110,435383,5362182,15:08:47,19.852,2.671,122582.55464,53770.59191,0.98055
bj920906,920906,舜宇精工,16.670,-0.48,-2.799,16.670,16.690,17.150,17.150,17.150,16.660,787739,13294878,15:08:47,37.044,1.883,108304.99,55603.990241,2.36163
bj920914,920914,远航精密,18.170,-0.36,-1.943,18.150,18.170,18.530,18.700,18.700,18.030,1206837,22069537,15:08:47,33.648,1.828,181124.011,180980.92225,1.21163
bj920924,920924,广脉科技,15.310,-0.31,-1.985,15.300,15.310,15.620,15.710,16.500,15.300,3931987,62445303,15:08:47,95.688,5.085,164270.9415,100084.747871,6.01477
bj920925,920925,锦好医疗,12.640,-0.02,-0.158,12.640,12.650,12.660,12.600,13.090,12.490,3528329,45210314,15:08:47,79.0,3.398,124605.932752,69892.946992,6.38091
bj920926,920926,鸿智科技,10.470,-0.24,-2.241,10.470,10.670,10.710,10.890,10.940,10.470,543239,5787650,15:08:47,33.774,3.347,92514.738639,83950.950813,0.6775
bj920931,920931,无锡鼎邦,10.200,0.01,0.098,10.170,10.200,10.190,10.190,10.270,9.900,1511193,15282125,15:08:47,91.071,2.424,95808.6,29351.316,5.25161
bj920932,920932,科达自控,12.330,-0.35,-2.76,12.310,12.330,12.680,12.610,12.780,12.300,1830683,22885789,15:08:47,-14.679,2.155,129896.98155,107509.679208,2.09956
bj920942,920942,恒立钻具,17.280,-0.44,-2.483,17.230,17.280,17.720,17.850,17.850,17.210,738568,12940420,15:08:47,53.202,2.095,105692.4288,71565.144192,1.78333
bj920943,920943,优机股份,16.010,-0.97,-5.713,16.010,16.020,16.980,16.600,17.000,16.010,3336992,54969309,15:08:47,22.236,2.493,162535.726178,82944.340633,6.4411
bj920946,920946,森萱医药,10.450,0.95,10,10.450,10.460,9.500,9.650,11.300,9.650,18422120,195351837,15:08:47,33.929,3.395,446129.6653,445992.50905,4.31647
bj920950,920950,迅安科技,12.780,-0.22,-1.692,12.760,12.780,13.000,12.950,13.000,12.720,197358,2531792,15:08:47,22.034,2.847,93702.96,45650.2878,0.55251
bj920953,920953,国子软件,23.350,-0.65,-2.708,23.350,23.360,24.000,23.880,24.440,23.340,1944959,46461242,15:08:47,44.904,4.963,299150.83665,139833.233255,3.24778
bj920957,920957,汉维科技,9.280,-0.15,-1.591,9.280,9.290,9.430,9.420,9.490,9.200,737422,6882341,15:08:47,185.6,2.51,99575.637952,39629.993152,1.72679
bj920961,920961,创远信科,18.820,-0.39,-2.03,18.820,18.830,19.210,19.380,19.390,18.780,1746155,33283466,15:08:47,941.0,3.578,268825.836056,198483.535946,1.65569
bj920964,920964,润农节水,4.550,-0.05,-1.087,4.550,4.560,4.600,4.600,4.640,4.540,1421634,6520874,15:08:47,-75.833,1.362,118849.64,67202.242835,0.96253
bj920970,920970,大禹生物,6.450,0.14,2.219,6.440,6.450,6.310,6.260,6.490,6.160,4321508,27453864,15:08:47,-23.889,2.904,71466.516,45195.9885,6.1673
bj920971,920971,天马新材,25.480,-1.23,-4.605,25.460,25.480,26.710,26.900,27.100,25.460,4284997,112533593,15:08:47,70.465,5.608,264910.469096,218370.739496,4.99983
bj920974,920974,凯大催化,6.150,-0.04,-0.646,6.140,6.150,6.190,6.230,6.230,6.110,1045781,6448353,15:08:47,38.438,1.546,100737.0,78997.85331,0.81414
bj920976,920976,视声智能,17.510,-0.22,-1.241,17.500,17.510,17.730,17.910,18.270,17.500,1189216,21314200,15:08:47,18.432,4.253,124239.4034,77253.4196,2.69544
bj920978,920978,开特股份,19.990,-0.4,-1.962,19.990,20.000,20.390,20.560,20.560,19.990,689623,13956822,15:08:47,20.608,4.397,359876.907532,201768.961052,0.68324
bj920981,920981,晶赛科技,29.300,-0.9,-2.98,29.290,29.300,30.200,30.280,30.770,29.300,2388499,71759630,15:08:47,225.385,4.341,224051.24,112695.70221,6.20991
bj920982,920982,锦波生物,131.840,-2.86,-2.123,131.840,131.860,134.700,133.980,136.660,131.110,1393981,185942330,15:08:47,23.252,7.452,1517021.44256,731251.957504,2.51326
bj920985,920985,海泰新能,4.710,-0.13,-2.686,4.710,4.720,4.840,4.870,4.870,4.710,1962157,9371885,15:08:47,-2.161,2.314,145763.2902,103298.711589,0.89466
bj920992,920992,中科美菱,11.990,-0.12,-0.991,11.990,12.060,12.110,12.190,12.310,11.940,962357,11679687,15:08:47,60.709,1.836,115980.389866,58771.722317,1.9633
sh600000,600000,浦发银行,9.180,0.01,0.109,9.170,9.180,9.170,9.160,9.200,9.100,52886030,483894215,15:08:54,6.039,0.406,30574759.5594,30574759.5594,0.15879
sh600004,600004,白云机场,7.530,-0.05,-0.66,7.530,7.540,7.580,7.560,7.670,7.520,7972335,60237743,15:00:03,12.145,0.916,1940665.182294,1782138.867099,0.33685
sh600006,600006,东风股份,5.390,-0.05,-0.919,5.380,5.390,5.440,5.450,5.460,5.380,10607400,57342178,15:00:00,-22.477,1.349,1078000.0,1078000.0,0.53037
sh600007,600007,中国国贸,18.310,-0.27,-1.453,18.300,18.310,18.580,18.570,18.570,18.270,1878098,34510747,15:00:03,15.387,1.835,1844334.319754,1844334.319754,0.18645
sh600008,600008,首创环保,2.840,-0.02,-0.699,2.830,2.840,2.860,2.860,2.870,2.830,47392155,134893722,15:00:03,11.765,0.985,2084727.752268,2084727.752268,0.64562
sh600009,600009,上海机场,23.410,-0.24,-1.015,23.400,23.410,23.650,23.660,23.700,23.370,9096291,213620453,15:08:54,27.541,1.351,5825140.82664,5806192.30444,0.36675
sh600010,600010,包钢股份,2.210,-0.03,-1.339,2.210,2.220,2.240,2.230,2.240,2.210,303507208,673410145,15:08:54,266.265,1.937,9994953.281508,6921324.827027,0.96911
sh600011,600011,华能国际,6.920,-0.03,-0.432,6.920,6.930,6.950,6.930,6.970,6.900,91108152,631055481,15:08:54,9.351,1.551,10863080.604428,7610415.263948,0.82843
sh600012,600012,皖通高速,16.480,-0.02,-0.121,16.470,16.480,16.500,16.400,16.540,16.230,7558281,123916977,15:08:54,14.779,2.108,2815759.433072,1920908.8,0.64845
sh600015,600015,华夏银行,6.660,-0.03,-0.448,6.660,6.670,6.690,6.680,6.700,6.640,48938302,326041217,15:08:54,4.111,0.33,10599342.359688,10247891.172678,0.31805
sh600016,600016,民生银行,3.470,-0.02,-0.573,3.460,3.470,3.490,3.490,3.510,3.460,155953324,542475333,15:08:54,5.508,0.264,15192499.220194,12305356.754911,0.43977
sh600017,600017,日照港,2.670,-0.01,-0.373,2.670,2.680,2.680,2.670,2.690,2.650,25648451,68458891,15:00:03,16.688,0.584,821199.588096,821199.588096,0.83392
sh600018,600018,上港集团,5.100,-0.02,-0.391,5.090,5.100,5.120,5.110,5.130,5.070,34927949,178115487,15:08:54,8.737,0.817,11872779.85704,11855826.3585,0.15025
sh600019,600019,宝钢股份,5.670,-0.07,-1.22,5.670,5.680,5.740,5.730,5.740,5.670,83569894,476088391,15:08:54,11.813,0.593,12350442.052683,12141792.289683,0.39026
sh600020,600020,中原高速,3.760,-0.02,-0.529,3.760,3.770,3.780,3.770,3.800,3.750,8427826,31792023,15:00:01,16.391,0.71,845011.808832,845011.808832,0.37501
sh600021,600021,上海电力,14.530,0.03,0.207,14.530,14.540,14.500,14.470,14.800,14.440,46430112,678029330,15:08:54,16.649,1.971,4100185.544665,4100185.544665,1.64536
sh600022,600022,山东钢铁,1.330,-0.02,-1.481,1.330,1.340,1.350,1.350,1.360,1.330,89218745,119737959,15:08:54,133.0,0.756,1422946.990682,1422946.990682,0.83391
sh600023,600023,浙能电力,4.960,0,0,4.950,4.960,4.960,4.960,4.970,4.940,27165370,134514128,15:08:54,8.857,0.862,6650731.443504,6650731.443504,0.20259
sh600025,600025,华能水电,9.710,0.02,0.206,9.700,9.710,9.690,9.680,9.720,9.620,21830200,211097594,15:08:54,21.578,2.55,18090792.523547,18090792.523547,0.11717
sh600026,600026,中远海能,16.750,0.01,0.06,16.740,16.750,16.740,16.940,17.110,16.660,33262730,560511463,15:08:54,20.274,1.901,9164283.74815,6411886.5263,0.86893
sh600027,600027,华电国际,4.600,-0.03,-0.648,4.590,4.600,4.630,4.620,4.620,4.570,71860787,330211741,15:08:54,9.388,1.068,5341416.12464,4239211.57042,0.77977
sh600028,600028,中国石化,4.990,-0.06,-1.188,4.980,4.990,5.050,5.030,5.050,4.970,199037292,994237881,15:08:54,19.046,0.724,60341831.596778,47281485.212125,0.21006
sh600029,600029,南方航空,5.050,-0.02,-0.394,5.040,5.050,5.070,5.080,5.090,5.040,43395757,219702264,15:00:03,101.0,2.469,9151089.77122,6805871.13068,0.322
sh600030,600030,中信证券,27.840,0.14,0.505,27.840,27.850,27.700,27.700,28.090,27.670,109019160,3043260777,15:08:54,14.204,1.492,43497973.838208,33899517.911616,0.89532
sh600031,600031,三一重工,18.720,-0.19,-1.005,18.710,18.720,18.910,18.900,19.000,18.620,63631942,1193977436,15:08:54,19.036,1.9,17213048.306064,15864058.149264,0.75087
sh600032,600032,浙江新能,7.430,-0.07,-0.933,7.430,7.440,7.500,7.480,7.580,7.400,34278951,256358773,15:08:54,35.314,1.39,1786673.765732,1786673.765732,1.42551
sh600033,600033,福建高速,3.500,-0.02,-0.568,3.500,3.510,3.520,3.520,3.530,3.480,17693350,61916669,15:00:03,10.13,0.763,960540.0,960540.0,0.64471
sh600035,600035,楚天高速,3.420,-0.03,-0.87,3.420,3.430,3.450,3.450,3.460,3.420,9066340,31148790,15:00:03,10.059,0.605,550659.638142,550659.638142,0.56309
sh600036,600036,招商银行,38.770,0.07,0.181,38.770,38.780,38.700,38.590,38.810,38.500,50198478,1940835858,15:08:54,6.802,0.863,97777341.395077,79978417.551233,0.24334
sh600037,600037,歌华有线,7.070,-0.08,-1.119,7.070,7.080,7.150,7.130,7.230,7.060,14713000,104926625,15:00:03,286.235,0.77,983986.963988,983986.963988,1.05714
sh600038,600038,中直股份,26.590,-0.26,-0.968,26.590,26.600,26.850,26.800,26.910,26.580,4004000,107095265,15:00:03,33.442,1.237,2180096.053367,1778698.752639,0.59856
sh600039,600039,四川路桥,8.380,-0.04,-0.475,8.380,8.390,8.420,8.410,8.500,8.350,12870113,108054935,15:08:54,9.976,1.377,7286904.96051,7286904.96051,0.14801
sh600048,600048,保利发展,5.330,-0.12,-2.202,5.320,5.330,5.450,5.430,5.440,5.290,186892634,997520333,15:08:54,59.222,0.329,6380246.341794,6380246.341794,1.56128
sh600050,600050,中国联通,4.300,0,0,4.300,4.310,4.300,4.310,4.360,4.290,143242585,619069594,15:08:54,14.721,0.788,13443702.89061,13325875.93536,0.46222
sh600051,600051,宁波联合,6.170,-0.09,-1.438,6.170,6.180,6.260,6.270,6.270,6.160,4282811,26559760,15:00:03,22.852,0.561,191812.96,191812.96,1.37764
sh600052,600052,东望时代,3.940,-0.03,-0.756,3.940,3.950,3.970,3.950,3.980,3.910,10595276,41845886,15:00:03,-7.164,1.54,332612.727954,332612.727954,1.25507
sh600053,600053,*ST九鼎,7.190,-0.21,-2.838,7.190,7.210,7.400,7.400,7.400,7.190,1340500,9744440,15:00:01,-8.715,1.402,311715.8352,311715.8352,0.3092
sh600054,600054,黄山旅游,11.200,-0.1,-0.885,11.200,11.210,11.300,11.250,11.300,11.180,3815345,42854607,15:00:01,28.0,1.7,816904.9728,574896.0,0.7433
sh600055,600055,万东医疗,11.490,-0.08,-0.691,11.480,11.490,11.570,11.550,11.780,11.390,7293805,84162539,15:00:01,-35.463,1.819,807817.155642,807817.155642,1.03744
sh600056,600056,中国医药,9.570,0.06,0.631,9.570,9.580,9.510,9.500,9.670,9.350,26524600,252886282,15:08:54,30.247,1.191,1431556.918836,1431051.364446,1.7738
sh600057,600057,厦门象屿,6.250,-0.06,-0.951,6.240,6.250,6.310,6.300,6.320,6.210,13568478,84705604,15:08:54,20.833,1.126,1774384.711875,1307818.8525,0.64843
sh600058,600058,五矿发展,10.660,-0.5,-4.48,10.660,10.670,11.160,11.200,11.270,10.660,16019155,174201262,15:08:54,-213.2,2.343,1142656.817926,1142656.817926,1.49445
sh600059,600059,古越龙山,8.420,0.39,4.857,8.410,8.420,8.030,8.000,8.570,7.990,36825521,307076803,15:08:54,33.68,1.3,767518.711746,767518.711746,4.03991
sh600060,600060,海信视像,25.850,-0.4,-1.524,25.840,25.850,26.250,26.250,26.360,25.790,6314368,164180013,15:08:54,13.692,1.546,3373353.27659,3360936.143785,0.48566
sh600061,600061,国投资本,6.460,0.04,0.623,6.450,6.460,6.420,6.400,6.510,6.400,39946413,258387682,15:00:03,12.92,0.755,4130587.161358,4130587.161358,0.62474
sh600062,600062,华润双鹤,16.420,0.03,0.183,16.410,16.420,16.390,16.390,16.580,16.150,14832300,243265376,15:08:54,10.295,1.407,1705352.483062,1704766.087096,1.42862
sh600063,600063,皖维高新,5.980,-0.12,-1.967,5.970,5.980,6.100,6.120,6.240,5.970,59546960,360956733,15:08:54,28.476,1.462,1237325.656502,1237325.656502,2.87791
sh600064,600064,南京高科,7.580,-0.06,-0.785,7.580,7.590,7.640,7.640,7.650,7.570,11586356,88093240,15:00:03,7.164,0.664,1311597.450152,1311597.450152,0.6696
sh600066,600066,宇通客车,29.210,-0.61,-2.046,29.210,29.220,29.820,29.600,29.970,29.000,25298890,742048716,15:08:54,11.637,4.984,6466916.470383,6466916.470383,1.14271
sh600067,600067,冠城新材,2.810,-0.07,-2.431,2.810,2.820,2.880,2.870,2.880,2.810,20324800,57731701,15:00:03,56.2,0.699,391058.915659,391058.915659,1.46046
sh600071,600071,凤凰光学,15.730,-0.41,-2.54,15.720,15.730,16.140,16.100,16.190,15.560,2411800,38427962,15:00:03,131.083,8.695,442915.727397,442915.727397,0.85654
sh600072,600072,中船科技,8.880,-0.09,-1.003,8.870,8.880,8.970,8.960,9.010,8.860,12570832,112126024,15:08:54,-3.949,1.752,1332576.941592,962003.536608,1.16038
sh600073,600073,光明肉业,5.310,0.1,1.919,5.300,5.310,5.210,5.200,5.500,5.140,24018710,127502036,15:00:03,-37.929,1.061,497934.349632,497934.349632,2.56137
sh600075,600075,新疆天业,4.470,-0.12,-2.614,4.460,4.470,4.590,4.590,4.590,4.450,19412197,87757269,15:08:54,-149.0,0.864,763385.412321,763385.412321,1.13668
sh600076,600076,康欣新材,3.110,-0.06,-1.893,3.110,3.120,3.170,3.160,3.220,3.100,18256600,57567036,15:08:54,-10.724,1.175,418152.987137,418152.987137,1.35783
sh600078,600078,澄星股份,10.930,-0.01,-0.091,10.920,10.930,10.940,10.950,11.240,10.870,21689444,239245911,15:08:54,860.63,4.359,742871.507073,724192.137073,3.27352
sh600079,600079,ST人福,18.070,0.01,0.055,18.060,18.070,18.060,18.100,18.180,18.010,6861200,124122420,15:00:03,15.851,1.519,2949432.318755,2788524.03739,0.44461
sh600080,600080,ST金花,4.970,0.02,0.404,4.960,4.970,4.950,4.950,5.000,4.880,2369400,11727847,15:00:03,112.443,1.164,185515.331645,185515.331645,0.63477
sh600081,600081,东风科技,10.000,-0.07,-0.695,9.980,10.000,10.070,10.070,10.110,9.940,2583389,25890105,15:00:03,293.255,1.196,553026.17,553026.17,0.46714
sh600082,600082,ST海泰,2.850,-0.05,-1.724,2.850,2.860,2.900,2.900,2.910,2.850,5647100,16223152,15:00:03,-25.221,1.09,184143.01041,180785.59242,0.89024
sh600084,600084,*ST尼雅,4.130,-0.09,-2.133,4.120,4.130,4.220,4.180,4.200,4.120,3076304,12782472,15:00:03,-178.017,3.645,464099.18079,464099.18079,0.27376
sh600085,600085,同仁堂,24.840,-0.04,-0.161,24.820,24.840,24.880,24.780,24.990,24.620,7230886,179497891,15:00:03,28.651,2.419,3406732.130808,3406732.130808,0.52724
sh600088,600088,中视传媒,11.800,-0.13,-1.09,11.790,11.800,11.930,11.930,12.130,11.800,4611107,55133904,15:00:03,-262.222,3.74,469293.552,469293.552,1.15942
sh600089,600089,特变电工,21.010,-0.33,-1.546,21.000,21.010,21.340,21.350,21.430,21.000,91623322,1943393037,15:08:54,18.096,1.475,10615917.191671,10615917.191671,1.81332
sh600094,600094,大名城,4.120,-0.23,-5.287,4.120,4.130,4.350,4.340,4.360,4.120,32665397,137369316,15:00:03,68.667,0.932,957879.41854,876006.7394,1.53631
sh600095,600095,湘财股份,8.150,-0.09,-1.092,8.150,8.160,8.240,8.240,8.350,8.140,34405400,283744448,15:00:03,50.031,1.894,2330238.010545,2330238.010545,1.20333
sh600096,600096,云天化,28.800,-1.02,-3.421,28.800,28.810,29.820,29.610,29.730,28.800,28422029,829125950,15:08:48,10.183,2.015,5250213.30528,5250213.30528,1.55909
sh600097,600097,开创国际,8.490,-0.1,-1.164,8.480,8.490,8.590,8.580,8.590,8.400,3369800,28584749,15:00:03,27.387,0.908,204555.138591,204555.138591,1.39863
sh600098,600098,广州发展,6.220,-0.02,-0.321,6.210,6.220,6.240,6.220,6.250,6.190,16225711,100893460,15:08:48,9.387,0.785,2180648.018182,2180648.018182,0.46282
sh600099,600099,林海股份,8.810,-0.09,-1.011,8.810,8.820,8.900,8.890,8.950,8.800,2965000,26266818,15:00:01,78.661,3.504,193044.72,193044.72,1.35314
sh600100,600100,同方股份,6.940,-0.1,-1.42,6.940,6.950,7.040,7.040,7.170,6.940,23420628,164535357,15:00:03,46.987,1.466,2325106.612822,2325106.612822,0.69906
sh600101,600101,明星电力,8.200,0,0,8.190,8.200,8.200,8.180,8.280,8.150,15260259,125207267,15:08:48,24.398,1.422,449247.22622,449247.22622,2.78542
sh600103,600103,青山纸业,2.950,-0.1,-3.279,2.950,2.960,3.050,3.050,3.070,2.950,95813656,287180893,15:08:48,119.433,1.662,661043.890365,652637.068865,4.3309
sh600104,600104,上汽集团,10.170,-0.2,-1.929,10.170,10.180,10.370,10.370,10.370,10.160,39641519,405863495,15:08:48,11.492,0.389,11690697.221568,11690697.221568,0.34485
sh600105,600105,永鼎股份,40.760,-0.45,-1.092,40.750,40.760,41.210,43.130,43.250,40.750,227846439,9536178004,15:08:48,255.069,17.959,5959090.812952,5959090.812952,15.58463
sh600106,600106,重庆路桥,4.440,-0.09,-1.987,4.440,4.450,4.530,4.540,4.540,4.430,10076597,45203634,15:00:03,49.333,1.11,590087.127528,590087.127528,0.75819
sh600107,600107,*ST尔雅,5.630,-0.17,-2.931,5.620,5.630,5.800,5.800,5.890,5.620,1767900,10101120,15:00:03,-22.52,4.999,202680.0,202680.0,0.49108
sh600108,600108,亚盛集团,3.170,-0.02,-0.627,3.170,3.180,3.190,3.190,3.230,3.160,62854037,200688926,15:08:48,108.562,1.424,617172.093357,617172.093357,3.22839
sh600109,600109,国金证券,8.780,0.02,0.228,8.770,8.780,8.760,8.770,8.860,8.740,25066665,220550719,15:08:48,14.207,0.901,3253310.39098,3253310.39098,0.6765
sh600110,600110,诺德股份,10.160,-0.18,-1.741,10.160,10.170,10.340,10.420,10.800,10.150,145773546,1524459304,15:08:48,-58.593,2.935,1762943.826912,1762943.826912,8.40106
sh600111,600111,北方稀土,41.020,-1.01,-2.403,41.020,41.030,42.030,42.010,42.120,41.020,56711643,2356113227,15:08:48,65.874,5.796,14829000.083884,14829000.083884,1.56876
sh600113,600113,浙江东日,31.470,-0.54,-1.687,31.450,31.470,32.010,31.910,32.350,31.440,4856688,154289417,15:00:03,89.914,5.175,1325442.94902,1294773.86052,1.18044
sh600114,600114,东睦股份,29.290,-0.59,-1.975,29.280,29.290,29.880,30.000,30.300,29.290,16225518,484951366,15:08:48,34.058,5.189,1849322.204133,1805387.204133,2.63237
sh600115,600115,中国东航,3.570,-0.04,-1.108,3.570,3.580,3.610,3.610,3.630,3.560,106055674,381200730,15:08:48,-32.455,5.592,7885321.99119,6077912.466801,0.62294
sh600116,600116,三峡水利,6.540,0,0,6.530,6.540,6.540,6.500,6.570,6.470,11483889,74947786,15:08:48,28.435,1.103,1250541.459216,1250541.459216,0.60058
sh600117,600117,西宁特钢,2.240,-0.06,-2.609,2.240,2.250,2.300,2.290,2.300,2.240,14333300,32386964,15:00:03,-8.0,2.118,729145.727968,729145.727968,0.44033
sh600118,600118,中国卫星,66.100,0.53,0.808,66.100,66.110,65.570,65.890,67.640,65.880,35713803,2385097541,15:08:48,2203.333,12.358,7816253.18235,7816253.18235,3.02022
sh600119,600119,*ST长投,4.480,-0.13,-2.82,4.480,4.500,4.610,4.640,4.640,4.480,2749506,12435814,15:00:03,-34.462,22.047,163641.12576,163641.12576,0.75273
sh600120,600120,浙江东方,5.070,-0.04,-0.783,5.060,5.070,5.110,5.090,5.150,5.050,30875203,157301809,15:08:48,18.107,1.055,1731598.416444,1731598.416444,0.904
sh600121,600121,郑州煤电,3.950,-0.08,-1.985,3.950,3.960,4.030,3.990,4.030,3.930,56424201,224327100,15:08:48,-5.189,6.54,481272.75501,481272.75501,4.63096
sh600123,600123,兰花科创,7.200,0.01,0.139,7.190,7.200,7.190,7.150,7.250,7.080,23070705,165294295,15:00:03,-19.645,0.702,1060732.81512,1060732.81512,1.56598
sh600125,600125,铁龙物流,5.480,-0.04,-0.725,5.470,5.480,5.520,5.530,5.530,5.450,7768400,42602095,15:00:03,13.632,0.913,715425.986952,715425.986952,0.59504
sh600126,600126,杭钢股份,6.970,-0.21,-2.925,6.970,6.980,7.180,7.230,7.360,6.970,160387222,1150191808,15:08:48,697.0,1.211,2353900.790851,2353900.790851,4.74913
sh600127,600127,金健米业,6.110,-0.01,-0.163,6.100,6.110,6.120,6.100,6.180,6.020,25465557,155242380,15:08:48,1035.593,5.841,392129.546198,392129.546198,3.96794
sh600128,600128,苏豪弘业,8.180,-0.09,-1.088,8.170,8.180,8.270,8.320,8.320,8.160,2977900,24508311,15:00:03,41.82,0.954,205889.5366,201855.815,1.20676
sh600129,600129,太极集团,16.610,0.52,3.232,16.610,16.620,16.090,16.000,17.000,15.720,53254543,874815920,15:08:48,75.5,2.567,915905.605285,915905.605285,9.65774
sh600130,600130,波导股份,4.370,-0.11,-2.455,4.360,4.370,4.480,4.520,4.540,4.370,24606600,109720173,15:00:03,437.0,3.604,327750.0,327750.0,3.28088
sh600131,600131,国网信通,15.660,-0.06,-0.382,15.650,15.660,15.720,15.700,15.950,15.630,5194100,81952123,15:00:01,28.473,2.892,1874479.557654,1872787.463334,0.43432
sh600132,600132,重庆啤酒,43.170,-0.62,-1.416,43.170,43.180,43.790,43.660,43.770,43.170,2956609,128568221,15:00:03,16.996,11.426,2089303.661766,2089303.661766,0.61091
sh600133,600133,东湖高新,8.510,-0.13,-1.505,8.510,8.520,8.640,8.640,8.720,8.470,20446556,175205136,15:08:48,32.857,0.996,907370.133625,907370.133625,1.91763
sh600135,600135,乐凯胶片,7.400,-0.21,-2.76,7.400,7.410,7.610,7.580,7.620,7.400,5862836,43957381,15:00:01,-41.48,1.738,409447.25326,409447.25326,1.0596
sh600136,600136,ST明诚,1.460,-0.05,-3.311,1.460,1.470,1.510,1.510,1.510,1.460,13324231,19703751,15:08:48,-146.0,13.165,297960.585926,283691.066124,0.68572
sh600137,600137,浪莎股份,17.710,-0.41,-2.263,17.710,17.730,18.120,18.110,18.110,17.670,1176600,20978140,15:00:03,53.343,3.057,172172.348348,172172.348348,1.21027
sh600138,600138,中青旅,7.110,-0.08,-1.113,7.100,7.110,7.190,7.180,7.220,7.100,7997332,57189991,15:00:03,61.612,0.817,514650.24,514650.24,1.10485
sh600141,600141,兴发集团,30.900,-0.98,-3.074,30.890,30.900,31.880,31.970,32.440,30.890,30932809,977854627,15:08:48,22.889,1.484,3713376.15813,3713376.15813,2.574
sh600143,600143,金发科技,15.350,-0.31,-1.98,15.340,15.350,15.660,15.610,15.790,15.310,36899185,572982756,15:08:48,34.425,2.08,4103512.99181,4044457.95298,1.40044
sh600148,600148,长春一东,15.170,-0.33,-2.129,15.160,15.170,15.500,15.450,15.560,15.170,1081800,16603238,15:00:03,187.748,4.46,214680.45465,214680.45465,0.76443
sh600149,600149,廊坊发展,4.860,-0.07,-1.42,4.860,4.870,4.930,4.920,4.940,4.850,5902850,28890317,15:00:03,120.0,7.238,184757.76,184757.76,1.55273
sh600150,600150,中国船舶,33.780,-0.11,-0.325,33.780,33.790,33.890,33.880,34.300,33.740,65435855,2223201627,15:08:48,27.242,1.7,25421548.710864,20509367.86242,1.07776
sh600151,600151,航天机电,11.050,-0.08,-0.719,11.040,11.050,11.130,11.170,11.400,11.050,27275182,306643023,15:08:48,-35.611,3.597,1584848.777135,1584848.777135,1.9017
sh600152,600152,维科技术,8.140,-0.2,-2.398,8.130,8.140,8.340,8.400,8.410,8.130,13020900,107634689,15:08:48,-45.222,2.627,430670.61125,430670.61125,2.46105
sh600153,600153,建发股份,8.870,-0.07,-0.783,8.870,8.880,8.940,8.920,9.000,8.730,18866924,167097002,15:00:03,-2.269,0.597,2571890.694737,2571890.694737,0.65069
sh600155,600155,华创云信,5.950,-0.04,-0.668,5.940,5.950,5.990,5.980,6.040,5.940,29189259,174755538,15:08:48,74.375,0.658,1317057.773815,1317057.773815,1.31867
sh600156,600156,华升股份,9.090,0.64,7.574,9.080,9.090,8.450,8.630,9.300,8.510,44966058,406919567,15:08:48,-103.767,9.895,365518.628118,365518.628118,11.18251
sh600157,600157,永泰能源,1.580,-0.03,-1.863,1.580,1.590,1.610,1.610,1.610,1.580,408728119,650612214,15:08:48,166.316,0.735,3447206.73491,3447206.73491,1.87337
sh600158,600158,中体产业,7.180,-0.17,-2.313,7.180,7.190,7.350,7.350,7.370,7.180,27782778,201921427,15:08:48,-32.226,2.871,688930.382106,688930.382106,2.89551
sh600159,600159,大龙地产,2.520,-0.09,-3.448,2.520,2.530,2.610,2.590,2.620,2.510,19408300,49490112,15:00:01,-8.241,1.435,209160.814464,209160.814464,2.33834
sh600160,600160,巨化股份,41.320,0.12,0.291,41.320,41.330,41.200,41.200,41.980,40.810,37436927,1548155666,15:08:48,29.514,5.161,11155350.806692,11155350.806692,1.38668
sh600161,600161,天坛生物,12.770,0.13,1.028,12.760,12.770,12.640,12.650,12.940,12.480,19673930,250750196,15:08:48,23.218,2.129,2525103.336542,2525103.336542,0.99495
sh600162,600162,香江控股,4.570,-0.15,-3.178,4.570,4.580,4.720,5.000,5.190,4.560,393908413,1907323932,15:08:48,-168.635,2.609,1493676.221754,1493676.221754,12.05189
sh600163,600163,中闽能源,5.220,-0.02,-0.382,5.210,5.220,5.240,5.240,5.280,5.200,17631400,92367575,15:00:03,19.333,1.355,993363.986646,993363.986646,0.92651
sh600165,600165,ST宁科,2.460,-0.06,-2.381,2.460,2.470,2.520,2.530,2.590,2.450,6874702,17304358,15:00:01,-43.929,3.476,397507.40865,180296.756916,0.938
sh600166,600166,福田汽车,2.980,-0.06,-1.974,2.970,2.980,3.040,3.030,3.040,2.970,106294001,319070064,15:08:48,17.326,1.466,2359385.309366,2359385.309366,1.34254
sh600167,600167,联美控股,5.710,0,0,5.700,5.710,5.710,5.710,5.750,5.670,7192400,41083168,15:00:03,18.515,1.079,1292081.904373,1292081.904373,0.31785
sh600168,600168,武汉控股,4.320,-0.04,-0.917,4.310,4.320,4.360,4.350,4.360,4.300,5584560,24164803,15:00:03,54.0,0.792,429147.749808,429147.749808,0.56217
sh600169,600169,ST太重,2.060,-0.02,-0.962,2.060,2.070,2.080,2.090,2.100,2.060,11183156,23197435,15:00:03,28.973,1.316,686627.149,686627.149,0.33551
sh600170,600170,上海建工,2.290,-0.04,-1.717,2.280,2.290,2.330,2.330,2.330,2.280,135650417,312217501,15:08:48,28.625,0.65,2034880.201376,2034880.201376,1.52657
sh600171,600171,上海贝岭,23.110,-0.58,-2.448,23.100,23.110,23.690,23.770,23.830,23.090,14670488,344913371,15:08:48,70.03,3.603,1638321.753233,1638321.753233,2.0694
sh600172,600172,黄河旋风,12.080,-0.39,-3.128,12.070,12.080,12.470,12.710,12.900,12.060,140195054,1756658557,15:08:48,-17.702,37.574,1742158.847008,1550103.918464,10.92544
sh600173,600173,卧龙新能,6.250,-0.17,-2.648,6.250,6.260,6.420,6.440,6.450,6.250,6496114,41007791,15:00:03,-23.105,1.224,437816.4025,437760.1525,0.92746
sh600176,600176,中国巨石,41.900,-1.41,-3.256,41.890,41.900,43.310,43.990,44.550,41.880,239887773,10419079143,15:08:48,51.017,5.195,16773142.89032,16640949.64732,6.0401
sh600177,600177,雅戈尔,7.860,0.08,1.028,7.850,7.860,7.780,7.770,7.960,7.750,28619010,224866546,15:08:48,14.83,0.856,3634025.334972,3539705.359338,0.63549
sh600178,600178,东安动力,9.580,-0.15,-1.542,9.570,9.580,9.730,9.730,9.740,9.570,6947800,66935212,15:08:48,358.801,1.76,446884.162238,446884.162238,1.48942
sh600179,600179,安通控股,4.580,0.27,6.265,4.570,4.580,4.310,4.740,4.740,4.510,171723897,800336105,15:08:48,17.849,1.601,1938039.356382,1768923.55071,4.44618
sh600180,600180,*ST瑞茂,1.580,0.01,0.637,1.580,1.590,1.570,1.570,1.630,1.560,21251910,33942241,15:00:03,-0.544,0.4,171687.139312,171687.139312,1.95577
sh600182,600182,S佳通,13.590,0.19,1.418,13.590,13.600,13.400,13.360,13.640,13.320,2733000,36982173,15:00:03,23.443,4.001,462060.0,231030.0,1.60765
sh600183,600183,生益科技,141.740,-1.49,-1.04,141.730,141.740,143.230,146.080,151.900,141.630,82422723,12100094060,15:08:48,101.971,19.204,34428698.01858,34184128.299118,3.41755
sh600184,600184,光电股份,17.990,-0.07,-0.388,17.980,17.990,18.060,18.080,18.510,17.970,16295509,296905982,15:08:48,189.968,3.067,1048326.714932,1048326.714932,2.79642
sh600185,600185,珠免集团,4.740,-0.12,-2.469,4.740,4.750,4.860,4.860,4.880,4.740,19763847,94472238,15:00:03,-8.618,103.493,893492.74683,893492.74683,1.04848
sh600186,600186,莲花控股,10.930,-0.52,-4.541,10.930,10.940,11.450,11.600,12.190,10.870,373617125,4314831954,15:08:48,60.722,10.379,1959491.752613,1945855.102063,20.98633
sh600187,600187,*ST国中,1.360,-0.02,-1.449,1.360,1.370,1.380,1.380,1.390,1.360,21755500,29839189,15:08:48,-10.21,0.738,219474.230008,219474.230008,1.34811
sh600188,600188,兖矿能源,21.500,-0.59,-2.671,21.490,21.500,22.090,21.970,22.350,21.440,64025500,1390763524,15:08:48,25.629,2.821,21579231.843,12816906.843,1.07401
sh600189,600189,泉阳泉,7.530,-0.01,-0.133,7.520,7.530,7.540,7.500,7.640,7.470,7297800,55025825,15:00:01,376.5,4.356,538543.952436,538543.952436,1.02039
sh600191,600191,华资实业,10.740,0.21,1.994,10.740,10.750,10.530,10.550,11.280,10.300,19345700,208211858,15:00:01,88.25,3.032,520816.968,520816.968,3.98936
sh600192,600192,长城电工,7.380,-0.17,-2.252,7.380,7.390,7.550,7.610,7.610,7.350,14465420,107420866,15:08:48,-9.365,4.292,326010.024,326010.024,3.27459
sh600195,600195,中牧股份,6.640,-0.02,-0.3,6.630,6.640,6.660,6.660,6.720,6.550,5557991,36927220,15:00:03,39.571,1.192,678042.44464,678042.44464,0.54429
sh600196,600196,复星医药,24.430,0.18,0.742,24.420,24.430,24.250,24.110,24.690,23.850,36665170,894231164,15:08:48,19.236,1.327,6523858.840975,5175468.199475,1.73072
sh600197,600197,伊力特,10.540,-0.06,-0.566,10.530,10.540,10.600,10.650,10.730,10.510,9903700,105261182,15:00:03,23.038,1.253,498726.151718,498726.151718,2.09303
sh600198,600198,大唐电信,7.130,-0.11,-1.519,7.120,7.130,7.240,7.280,7.360,7.120,16159200,116915043,15:08:48,-162.415,48.306,929469.324733,928290.210252,1.24115
sh600199,600199,金种子酒,7.890,-0.08,-1.004,7.890,7.900,7.970,7.890,8.120,7.880,33324465,266688179,15:08:48,-26.3,2.668,519001.694136,519001.694136,5.06607
sh600201,600201,生物股份,13.640,-0.11,-0.8,13.640,13.650,13.750,13.750,13.980,13.630,16359968,225017122,15:08:48,151.556,2.773,1500301.554664,1500301.554664,1.48737
sh600202,600202,哈空调,4.930,-0.08,-1.597,4.920,4.930,5.010,5.020,5.030,4.850,5030400,24949734,15:00:01,258.115,2.332,188986.951296,188986.951296,1.31225
sh600203,600203,福日电子,10.300,-0.04,-0.387,10.300,10.310,10.340,10.340,10.570,10.300,23515670,245392999,15:08:48,-125.917,3.552,610777.72446,610777.72446,3.96562
sh600206,600206,有研新材,50.210,-2.74,-5.175,50.210,50.220,52.950,54.000,54.180,50.190,109738845,5683707555,15:08:48,160.415,9.749,4250544.279972,4250544.279972,12.96302
sh600207,600207,安彩高科,4.440,-0.13,-2.845,4.440,4.450,4.570,4.590,4.600,4.430,17868800,80580173,15:08:48,-6.652,2.576,483654.773976,483654.773976,1.64037
sh600208,600208,衢州发展,3.070,-0.09,-2.848,3.070,3.080,3.160,3.140,3.190,3.070,121568091,379949189,15:08:48,102.333,0.625,2612244.8256,2611948.735459,1.42887
sh600210,600210,紫江企业,6.100,-0.04,-0.651,6.090,6.100,6.140,6.140,6.150,6.080,14400000,88046409,15:08:48,8.918,1.339,925209.05638,925209.05638,0.94941
sh600211,600211,西藏药业,40.050,1.11,2.851,40.040,40.050,38.940,38.860,40.610,38.220,8431507,334395388,15:08:48,13.763,3.31,1290888.37998,1290888.37998,2.61589
sh600212,600212,绿能慧充,5.490,-0.11,-1.964,5.490,5.500,5.600,5.600,5.640,5.480,6921890,38409446,15:00:03,228.75,6.699,386578.466937,291617.936937,1.30312
sh600215,600215,派斯林,6.740,0.08,1.201,6.740,6.750,6.660,6.710,6.950,6.620,13886000,94255391,15:08:48,-8.971,1.256,307939.06112,307939.06112,3.03929
sh600216,600216,浙江医药,13.410,-0.36,-2.614,13.410,13.420,13.770,13.750,13.850,13.030,88610703,1191264456,15:08:48,14.736,1.147,1289556.22275,1275813.285975,9.31382
sh600217,600217,中再资环,3.130,-0.06,-1.881,3.130,3.140,3.190,3.180,3.190,3.130,9757001,30743021,15:08:48,-8.874,1.821,518845.599649,518845.599649,0.5886
sh600218,600218,全柴动力,7.580,-0.12,-1.558,7.580,7.590,7.700,7.710,7.710,7.570,4942300,37735209,15:08:48,50.533,1.009,330184.738602,330184.738602,1.1346
sh600219,600219,南山铝业,4.730,-0.24,-4.829,4.730,4.740,4.970,4.920,4.940,4.730,253441033,1218074092,15:08:48,11.537,1.066,5431790.837407,5431790.837407,2.20696
sh600221,600221,海航控股,1.330,-0.01,-0.746,1.330,1.340,1.340,1.340,1.350,1.330,188502664,251452212,15:08:48,28.913,8.266,5747679.127155,5698453.486089,0.43996
sh600222,600222,太龙药业,8.070,0.22,2.803,8.070,8.080,7.850,7.860,8.290,7.740,33610079,272379921,15:08:48,74.378,2.81,451406.088681,451406.088681,6.00863
sh600223,600223,福瑞达,5.690,0.01,0.176,5.680,5.690,5.680,5.690,5.750,5.600,9075426,51524235,15:08:48,31.611,1.356,578427.632975,578427.632975,0.89275
sh600226,600226,亨通股份,6.090,-0.07,-1.136,6.090,6.100,6.160,6.240,6.380,6.080,123610896,769723359,15:08:48,87.0,4.888,1811398.165416,1811398.165416,4.15585
sh600227,600227,赤天化,3.500,-0.16,-4.372,3.500,3.510,3.660,3.600,3.620,3.430,190325443,668991130,15:08:48,-21.42,2.635,591054.68975,447159.93105,14.89711
sh600228,600228,返利科技,8.200,-0.13,-1.561,8.190,8.200,8.330,8.230,8.530,8.200,26889300,223486508,15:08:48,-54.161,8.947,341671.39014,341150.48514,6.4632
sh600229,600229,城市传媒,5.160,-0.05,-0.96,5.150,5.160,5.210,5.220,5.310,5.120,3780300,19746957,15:00:03,-8.6,1.234,340925.216544,340925.216544,0.57216
sh600230,600230,沧州大化,14.750,-0.86,-5.509,14.740,14.750,15.610,15.410,15.580,14.700,19873654,298845365,15:08:48,197.987,1.502,610592.497125,610592.497125,4.80085
sh600231,600231,凌钢股份,1.690,-0.05,-2.874,1.690,1.700,1.740,1.730,1.730,1.680,16221464,27606592,15:00:01,-3.018,1.364,485378.711389,479348.791389,0.57191
sh600232,600232,金鹰股份,6.350,-0.09,-1.398,6.340,6.350,6.440,6.440,6.470,6.340,3655200,23378618,15:00:03,105.833,2.409,231596.27544,231596.27544,1.0022
sh600233,600233,圆通速递,18.460,-0.02,-0.108,18.460,18.470,18.480,18.520,18.580,18.290,13077472,241363652,15:08:48,14.676,1.746,6320734.344548,6320734.344548,0.38193
sh600234,600234,科新发展,22.660,-0.73,-3.121,22.660,22.680,23.390,24.000,24.780,22.540,5574900,131723660,15:08:48,-323.714,13.214,594872.524818,594872.524818,2.1236
sh600235,600235,民丰特纸,5.650,-0.05,-0.877,5.650,5.660,5.700,5.700,5.720,5.600,5089500,28771507,15:00:01,113.0,1.315,198484.5,198484.5,1.44876
sh600236,600236,桂冠电力,10.430,-0.14,-1.325,10.430,10.440,10.570,10.530,10.730,10.420,24931809,264204831,15:08:48,25.514,4.544,8221320.047486,8221320.047486,0.3163
sh600237,600237,铜峰电子,8.660,-0.15,-1.703,8.660,8.670,8.810,8.890,9.210,8.660,39109703,349997451,15:08:48,45.579,2.727,546004.12783,540917.27847,6.2614
sh600238,600238,ST椰岛,4.460,-0.06,-1.327,4.450,4.460,4.520,4.500,4.500,4.410,3848504,17109693,15:00:01,-74.333,25.632,199897.2,198591.12468,0.8643
sh600239,600239,ST云城,1.430,-0.03,-2.055,1.430,1.440,1.460,1.450,1.460,1.420,19171408,27540711,15:00:03,-7.944,2.274,229613.227987,229613.227987,1.19397
sh600241,600241,时代万恒,7.150,-0.15,-2.055,7.140,7.150,7.300,7.300,7.310,7.140,3234800,23340502,15:00:03,-15.889,2.057,210426.012225,210426.012225,1.09914
sh600243,600243,*ST海华,3.760,0.08,2.174,3.760,3.770,3.680,3.700,3.860,3.700,12935600,49021067,15:00:01,-20.215,2.992,165007.6,165007.6,2.94761
sh600246,600246,万通发展,12.530,0.02,0.16,12.530,12.540,12.510,12.640,13.030,12.480,126162662,1609984972,15:08:48,-35.985,5.33,2434563.307428,2368686.832428,6.67382
sh600248,600248,陕建股份,2.880,-0.03,-1.031,2.870,2.880,2.910,2.910,2.920,2.860,18122200,52322335,15:00:03,47.603,0.385,1069611.634368,1067252.914368,0.48903
sh600249,600249,两面针,5.280,-0.05,-0.938,5.270,5.280,5.330,5.340,5.350,5.240,7665100,40621422,15:00:03,294.972,1.357,290400.0,290400.0,1.39365
sh600250,600250,南京商旅,8.540,-0.11,-1.272,8.540,8.550,8.650,8.640,8.710,8.530,5625400,48377348,15:08:48,284.667,4.277,267123.859016,267123.859016,1.79845
sh600251,600251,冠农股份,9.720,-0.17,-1.719,9.720,9.730,9.890,9.850,9.980,9.710,12720801,124854145,15:08:48,21.6,1.869,755237.762676,755237.762676,1.63718
sh600252,600252,中恒集团,2.380,0.08,3.478,2.370,2.380,2.300,2.300,2.400,2.250,122645192,287522033,15:08:48,-20.804,1.44,757830.81066,757830.81066,3.85172
sh600255,600255,鑫科材料,3.260,-0.11,-3.264,3.250,3.260,3.370,3.370,3.380,3.250,76210952,252269562,15:08:48,163.0,3.92,588803.90733,588803.90733,4.21953
sh600256,600256,广汇能源,5.780,-0.11,-1.868,5.770,5.780,5.890,5.880,5.890,5.750,94500167,548608581,15:08:48,27.896,1.514,3694577.713192,3694577.713192,1.47841
sh600257,600257,大湖股份,5.620,0.13,2.368,5.610,5.620,5.490,5.590,5.720,5.480,31581432,177604811,15:08:48,562.0,3.314,270455.299656,270455.299656,6.56255
sh600258,600258,首旅酒店,12.200,-0.08,-0.651,12.190,12.200,12.280,12.280,12.380,12.150,10769655,132013385,15:08:48,16.795,1.113,1362255.81372,1362255.81372,0.9645
sh600259,600259,中稀有色,88.080,-1.23,-1.377,88.080,88.090,89.310,89.310,90.880,88.020,10517978,938198396,15:08:48,231.789,8.092,2963327.49528,2963327.49528,3.12629
sh600261,600261,阳光照明,3.070,-0.01,-0.325,3.060,3.070,3.080,3.090,3.100,3.050,9622200,29619607,15:00:01,21.929,1.16,409861.260562,409861.260562,0.72074
sh600262,600262,北方股份,14.850,-0.45,-2.941,14.840,14.850,15.300,15.200,15.220,14.830,8051460,120890865,15:08:48,11.693,1.889,353430.0,353430.0,3.38297
sh600265,600265,*ST景谷,24.670,0.74,3.092,24.660,24.670,23.930,24.020,24.870,23.920,1146200,28108870,15:00:03,-13.053,15.125,320216.6,320216.6,0.88305
sh600266,600266,城建发展,4.400,-0.2,-4.348,4.390,4.400,4.600,4.760,4.800,4.400,102218234,463158469,15:08:48,-15.172,0.5,913327.14308,913327.14308,4.92442
sh600267,600267,海正药业,13.960,-0.12,-0.852,13.960,13.970,14.080,13.860,14.360,13.610,77343830,1086823189,15:08:48,30.348,1.841,1647659.846016,1647659.846016,6.55305
sh600268,600268,国电南自,11.080,-0.1,-0.894,11.080,11.090,11.180,11.180,11.300,11.080,18190886,203063608,15:00:03,23.083,2.978,1125270.076896,1125168.9586,1.79133
sh600269,600269,赣粤高速,3.780,-0.02,-0.526,3.780,3.790,3.800,3.800,3.810,3.770,16408745,62138228,15:00:03,6.873,0.459,882783.851292,882783.851292,0.70261
sh600271,600271,航天信息,6.930,-0.12,-1.702,6.920,6.930,7.050,7.050,7.100,6.920,12842300,90047541,15:00:03,-17.325,0.989,1284049.054134,1284049.054134,0.6931
sh600272,600272,开开实业,16.000,-1.27,-7.354,16.000,16.010,17.270,15.560,16.890,15.540,52416726,843876031,15:08:48,320.0,5.288,420243.112,256000.0,32.76045
sh600273,600273,嘉化能源,6.780,-0.1,-1.453,6.780,6.800,6.880,6.890,6.900,6.770,14819410,100957705,15:00:03,9.162,0.874,889067.584716,889067.584716,1.13012
sh600276,600276,恒瑞医药,53.760,-0.6,-1.104,53.750,53.760,54.360,54.050,55.280,53.670,97590004,5313853180,15:08:48,45.176,5.608,35681586.522624,34293516.225024,1.52986
sh600278,600278,XD东方创,6.240,-0.1,-1.577,6.230,6.240,6.340,6.380,6.380,6.230,5115600,32160432,15:00:03,27.13,0.71,536963.641968,536963.641968,0.59448
sh600279,600279,重庆港,4.250,-0.08,-1.848,4.240,4.250,4.330,4.330,4.340,4.240,6448457,27560406,15:00:06,106.25,0.748,504418.170275,504418.170275,0.54332
sh600280,600280,中央商场,3.040,-0.01,-0.328,3.030,3.040,3.050,3.030,3.090,3.010,28006700,85490503,15:00:03,-8.686,12.903,343013.775552,343013.775552,2.48213
sh600281,600281,华阳新材,4.400,-0.11,-2.439,4.390,4.400,4.510,4.520,4.520,4.370,8409400,37256417,15:00:03,-363.636,40.219,226336.891,226336.891,1.63479
sh600282,600282,南钢股份,4.620,-0.05,-1.071,4.610,4.620,4.670,4.670,4.680,4.580,34739024,160212277,15:00:01,9.933,1.009,2848272.047082,2848272.047082,0.56348
sh600283,600283,钱江水利,7.950,-0.05,-0.625,7.950,7.960,8.000,7.990,8.010,7.940,2318360,18467833,15:00:03,18.488,1.403,445855.79391,445855.79391,0.41338
sh600284,600284,浦东建设,5.340,0.02,0.376,5.340,5.350,5.320,5.270,5.450,5.210,35768569,190626968,15:00:03,14.67,0.65,518116.704,518116.704,3.68651
sh600285,600285,羚锐制药,19.670,-0.8,-3.908,19.670,19.680,20.470,20.270,20.270,19.660,33669692,670089233,15:08:48,14.679,3.452,1115516.160962,1114286.785962,5.94356
sh600287,600287,苏豪时尚,4.730,-0.09,-1.867,4.720,4.730,4.820,4.830,4.840,4.700,2644400,12603169,15:00:03,82.261,0.904,206604.543002,206604.543002,0.60541
sh600288,600288,大恒科技,12.020,0.44,3.8,12.020,12.030,11.580,11.580,12.250,11.410,53321841,631823925,15:08:48,50.398,2.638,525033.6,525033.6,12.20738
sh600289,600289,ST信通,4.540,-0.02,-0.439,4.540,4.560,4.560,4.580,4.600,4.540,1756700,8004151,15:08:48,-6.127,3.186,286497.639326,256928.898536,0.31041
sh600292,600292,电投水电,12.550,-0.09,-0.712,12.550,12.560,12.640,12.640,12.790,12.470,11598300,145944760,15:00:00,103.292,3.427,5979052.25532,551300.896665,2.64028
sh600293,600293,三峡新材,2.790,-0.07,-2.448,2.790,2.800,2.860,2.860,2.870,2.780,27108351,76451774,15:08:48,-93.0,1.898,323680.467834,323680.467834,2.33663
sh600295,600295,鄂尔多斯,12.470,-0.32,-2.502,12.470,12.490,12.790,12.750,12.790,12.300,8094700,101068383,15:00:01,14.845,1.553,3490073.988738,2463543.588738,0.40974
sh600298,600298,安琪酵母,43.660,0.62,1.441,43.660,43.670,43.040,42.840,44.000,42.690,11512121,500286494,15:08:48,24.528,3.04,3788883.219586,3742318.956386,1.34307
sh600299,600299,安迪苏,8.300,-0.23,-2.696,8.290,8.300,8.530,8.470,8.560,8.260,53410739,446822856,15:08:48,19.302,1.302,2556216.78331,2556216.78331,1.73424
sh600300,600300,维维股份,3.230,0.03,0.937,3.230,3.240,3.200,3.190,3.280,3.180,34080921,110361272,15:08:48,15.381,1.409,522336.92414,522336.92414,2.10748
sh600301,600301,华锡有色,48.770,-0.73,-1.475,48.750,48.770,49.500,48.930,51.680,48.620,12656500,635621305,15:08:48,38.523,6.192,3085031.595083,1342812.116237,4.59675
sh600302,600302,ST标准,6.910,0.17,2.522,6.910,6.920,6.740,6.760,7.260,6.660,6258600,43924189,15:00:03,-16.619,4.934,239092.774564,239092.774564,1.80879
sh600303,600303,曙光股份,2.950,0.03,1.027,2.950,2.960,2.920,2.900,3.020,2.890,32131250,95133344,15:00:03,-5.673,2.14,201663.242245,199866.102245,4.74253
sh600305,600305,恒顺醋业,6.900,0.01,0.145,6.890,6.900,6.890,6.880,6.940,6.830,6451425,44419286,15:08:48,53.077,2.221,762222.07092,761042.33652,0.58492
sh600307,600307,酒钢宏兴,1.460,-0.03,-2.013,1.460,1.470,1.490,1.500,1.500,1.460,35624300,52569322,15:08:48,-4.551,1.719,914450.183904,914450.183904,0.56877
sh600308,600308,华泰股份,3.210,-0.06,-1.835,3.210,3.220,3.270,3.270,3.290,3.210,9612924,31109222,15:00:03,-80.25,0.538,486915.326496,486915.326496,0.63373
sh600309,600309,万华化学,73.110,-1.95,-2.598,73.110,73.120,75.060,74.760,74.770,73.050,35048937,2580677326,15:08:48,18.323,2.054,22886878.057686,22886878.057686,1.11961
sh600310,600310,广西能源,4.590,0.02,0.438,4.590,4.600,4.570,4.570,4.680,4.530,78853127,364044180,15:08:48,-31.897,2.476,672761.221398,672761.221398,5.37986
sh600312,600312,平高电气,19.550,-0.32,-1.61,19.550,19.560,19.870,19.880,20.100,19.530,18011306,357566670,15:08:48,23.688,2.274,2652781.159095,2652781.159095,1.32737
sh600313,600313,农发种业,5.700,-0.02,-0.35,5.700,5.710,5.720,5.680,5.750,5.620,21881300,124213539,15:00:03,71.25,2.74,661983.16233,616853.23791,2.02193
sh600315,600315,上海家化,17.550,-0.36,-2.01,17.540,17.550,17.910,17.860,17.940,17.520,7285182,128839918,15:00:03,43.875,1.668,1179756.5949,1179756.5949,1.08374
sh600316,600316,洪都航空,28.700,-0.41,-1.408,28.690,28.700,29.110,29.010,29.580,28.700,16029097,467122240,15:08:48,518.051,3.817,2058118.64944,2058118.64944,2.23522
sh600318,600318,新力金融,6.530,-0.16,-2.392,6.530,6.540,6.690,6.660,6.700,6.530,10080940,66593754,15:08:48,93.286,3.018,334811.143696,334811.143696,1.96614
sh600319,600319,亚星化学,6.110,-0.16,-2.552,6.110,6.120,6.270,6.270,6.270,6.100,3194100,19750307,15:00:03,-15.275,7.017,236890.433624,236890.433624,0.82384
sh600320,600320,振华重工,4.090,-0.05,-1.208,4.080,4.090,4.140,4.140,4.160,4.080,39155380,160615716,15:08:48,29.214,1.344,2149933.751251,1353874.212691,1.18287
sh600322,600322,津投城开,2.710,-0.07,-2.518,2.700,2.710,2.780,2.760,2.780,2.700,26884811,73556883,15:00:03,-2.199,39.39,299644.7,299644.7,2.43147
sh600323,600323,瀚蓝环境,29.610,0.01,0.034,29.610,29.620,29.600,29.690,29.780,29.320,4758968,140660433,15:00:03,12.236,1.588,2414242.899306,2414242.899306,0.58367
sh600325,600325,华发股份,2.500,-0.1,-3.846,2.500,2.510,2.600,2.610,2.660,2.490,98006918,249762268,15:00:01,-0.718,0.802,688038.029,688038.029,3.5611
sh600326,600326,西藏天路,7.490,-0.33,-4.22,7.480,7.490,7.820,7.770,7.790,7.480,60508893,459896457,15:08:48,-175.41,2.604,1020485.852827,1020485.852827,4.44114
sh600327,600327,大东方,4.180,0.15,3.722,4.180,4.190,4.030,4.100,4.300,3.930,67569655,281576356,15:08:48,-14.929,1.31,369837.838524,369837.838524,7.63689
sh600328,600328,中盐化工,6.280,-0.1,-1.567,6.280,6.290,6.380,6.400,6.420,6.280,13233680,83555554,15:00:03,124.603,0.777,920842.386724,920842.386724,0.90252
sh600329,600329,达仁堂,36.790,0.07,0.191,36.780,36.790,36.720,36.740,37.140,36.320,3313800,122085826,15:00:03,13.282,3.766,2833177.135724,2086321.740724,0.58435
sh600330,600330,天通股份,24.210,-0.03,-0.124,24.200,24.210,24.240,24.570,26.140,24.000,149746365,3754145992,15:08:48,-178.015,3.85,2986144.721136,2986144.721136,12.1406
sh600331,600331,宏达股份,12.910,-0.77,-5.629,12.910,12.920,13.680,13.680,13.760,12.900,65847914,873533146,15:08:48,-405.975,10.949,3410305.6,2623312.0,3.24055
sh600332,600332,白云山,21.510,0.02,0.093,21.510,21.520,21.490,21.490,21.690,21.210,10806352,232030688,15:08:48,11.722,0.884,3497076.331299,3024071.431299,0.76865
sh600333,600333,长春燃气,6.210,0,0,6.200,6.210,6.210,6.210,6.260,6.090,10603600,65533090,15:00:01,-621.0,1.953,378208.054764,378208.054764,1.74106
sh600335,600335,国机汽车,5.040,-0.07,-1.37,5.040,5.050,5.110,5.120,5.130,5.030,11004000,55731677,15:08:48,17.885,0.642,749678.273568,749678.273568,0.73979
sh600336,600336,澳柯玛,6.280,-0.06,-0.946,6.280,6.300,6.340,6.290,6.390,6.280,4891046,30928908,15:00:01,-23.259,2.214,501153.274932,501153.274932,0.6129
sh600337,600337,ST美克,2.990,0,0,2.980,2.990,2.990,2.980,3.040,2.940,10177570,30551765,15:00:03,-2.04,10.952,429662.442963,429662.442963,0.70825
sh600338,600338,西藏珠峰,13.540,-0.41,-2.939,13.530,13.540,13.950,13.950,14.000,13.520,40764926,559396508,15:08:48,24.174,2.74,1237840.567472,1237840.567472,4.45903
sh600339,600339,中油工程,3.220,-0.04,-1.227,3.220,3.230,3.260,3.250,3.260,3.200,45784315,147709818,15:08:48,50.47,0.668,1797773.485662,1797773.485662,0.82004
sh600340,600340,*ST华幸,1.100,-0.03,-2.655,1.100,1.110,1.130,1.120,1.130,1.100,51938170,57720299,15:08:48,-0.187,-0.224,428269.05682,428269.05682,1.33402
sh600343,600343,航天动力,19.660,-0.36,-1.798,19.650,19.660,20.020,20.420,20.440,19.660,19836578,397639593,15:08:48,-65.142,9.852,1254713.680168,1254713.680168,3.10818
sh600345,600345,长江通信,46.200,-1.02,-2.16,46.200,46.210,47.220,48.000,48.150,46.200,6221603,295016419,15:08:48,70.0,3.999,1522808.04984,977403.95214,2.94083
sh600346,600346,恒力石化,17.160,-0.59,-3.324,17.160,17.170,17.750,17.750,17.760,17.100,41705723,721346701,15:08:48,16.99,1.708,12079095.232776,12079095.232776,0.59249
sh600348,600348,华阳股份,8.570,-0.12,-1.381,8.560,8.570,8.690,8.660,8.730,8.560,19237302,165701050,15:08:48,19.93,1.11,3091627.5,3091627.5,0.53326
sh600350,600350,山东高速,11.010,0.14,1.288,11.000,11.010,10.870,10.880,11.100,10.820,16129520,177713400,15:08:48,20.202,1.735,5322862.478325,5322862.478325,0.33363
sh600351,600351,亚宝药业,7.040,0.11,1.587,7.030,7.040,6.930,6.900,7.100,6.820,39535285,277159608,15:08:48,15.385,1.727,487168.032384,487168.032384,5.71319
sh600352,600352,浙江龙盛,13.170,-0.53,-3.869,13.170,13.180,13.700,13.640,13.800,13.140,59319428,795628071,15:08:48,23.426,1.293,4284638.05962,4284638.05962,1.82334
sh600353,600353,旭光电子,28.210,-0.88,-3.025,28.210,28.220,29.090,29.460,30.260,28.160,65722144,1929539431,15:08:48,144.741,12.091,2338076.279539,2338076.279539,7.92969
sh600354,600354,敦煌种业,6.080,-0.06,-0.977,6.070,6.080,6.140,6.090,6.160,6.020,23516100,143375035,15:08:48,67.933,4.287,320903.66464,320903.66464,4.45548
sh600356,600356,恒丰纸业,8.800,-0.14,-1.566,8.800,8.810,8.940,8.910,8.960,8.750,6331600,55904617,15:00:03,13.333,0.941,289992.12352,262883.61264,2.1195
sh600358,600358,国旅联合,5.280,-0.19,-3.473,5.280,5.290,5.470,5.510,5.510,5.270,5382500,28849098,15:08:48,-71.063,126.923,614146.055952,266606.55648,1.06598
sh600359,600359,新农开发,6.130,-0.04,-0.648,6.120,6.130,6.170,6.170,6.180,6.080,4781100,29307359,15:00:03,-306.5,3.468,233867.35866,233867.35866,1.2532
sh600360,600360,华微电子,10.330,-0.28,-2.639,10.320,10.330,10.610,10.750,10.880,10.320,49694760,526857900,15:08:57,57.389,2.823,991985.049032,991985.049032,5.17495
sh600361,600361,创新新材,3.630,-0.11,-2.941,3.630,3.640,3.740,3.720,3.740,3.630,43719300,160247247,15:08:57,18.042,1.188,1354956.637419,1354956.637419,1.17126
sh600362,600362,江西铜业,44.360,-2.11,-4.541,44.360,44.370,46.470,46.090,46.940,44.230,71704599,3253594242,15:08:57,21.43,1.826,15360667.64058,9205797.48858,3.45523
sh600363,600363,联创光电,20.730,-0.99,-4.558,20.730,20.740,21.720,21.720,21.970,20.730,59995242,1264999368,15:08:57,19.557,2.061,934691.75685,934691.75685,13.30601
sh600365,600365,ST通葡,2.770,-0.06,-2.12,2.770,2.780,2.830,2.810,2.840,2.760,2982200,8346822,15:08:57,-14.579,5.709,125738.61,118356.56,0.69795
sh600366,600366,宁波韵升,12.040,-0.28,-2.273,12.040,12.050,12.320,12.320,12.490,12.010,38099115,466376253,15:08:57,39.167,2.082,1323245.425404,1323245.425404,3.46658
sh600367,600367,红星发展,33.010,-0.45,-1.345,33.010,33.020,33.460,33.900,34.600,33.000,34715801,1177031976,15:08:57,122.259,4.524,1126073.107502,1062833.473782,10.7822
sh600368,600368,五洲交通,3.950,-0.07,-1.741,3.950,3.960,4.020,4.020,4.020,3.940,16446796,65346684,15:08:57,11.426,0.858,635813.27391,635813.27391,1.02176
sh600369,600369,西南证券,4.120,0,0,4.120,4.130,4.120,4.120,4.170,4.110,30201100,125012523,15:08:57,25.75,1.029,2737784.959088,2737784.959088,0.45449
sh600370,600370,*ST三房,1.510,-0.05,-3.205,1.510,1.520,1.560,1.550,1.560,1.510,23197148,35355638,15:00:01,-6.649,1.235,607421.981177,607421.981177,0.57666
sh600371,600371,万向德农,7.210,-0.08,-1.097,7.210,7.220,7.290,7.270,7.300,7.130,6082464,43885888,15:00:03,360.5,4.056,210948.738,210948.738,2.07892
sh600372,600372,中航机载,11.170,-0.14,-1.238,11.170,11.180,11.310,11.340,11.370,11.170,21682688,244492007,15:00:03,50.612,1.425,5405047.53571,5405047.53571,0.44809
sh600373,600373,中文传媒,7.160,-0.06,-0.831,7.150,7.160,7.220,7.210,7.320,7.140,15773402,113673769,15:00:01,35.428,0.539,964708.842804,964708.842804,1.17069
sh600375,600375,汉马科技,4.030,-0.06,-1.467,4.030,4.040,4.090,4.100,4.110,4.020,22759100,92433587,15:00:03,134.333,1.902,646037.760901,589462.36128,1.55598
sh600376,600376,首开股份,4.180,-0.24,-5.43,4.170,4.180,4.420,4.340,4.390,4.160,244854681,1041425987,15:08:57,-1.575,4.58,1078258.271156,1078258.271156,9.49209
sh600377,600377,宁沪高速,12.010,-0.08,-0.662,12.010,12.020,12.090,12.100,12.110,12.000,6019500,72512067,15:00:03,13.17,1.396,6050334.7475,4566421.784201,0.15832
sh600378,600378,昊华科技,48.840,0.94,1.962,48.830,48.840,47.900,48.940,51.530,48.670,76112291,3812252867,15:08:57,43.615,3.391,6300358.14408,5238409.232892,7.09628
sh600379,600379,宝光股份,14.420,-0.38,-2.568,14.410,14.420,14.800,14.800,15.680,14.300,43134316,645855158,15:08:57,92.793,6.047,476150.655288,476150.655288,13.06303
sh600380,600380,健康元,10.350,0.03,0.291,10.350,10.360,10.320,10.320,10.500,10.160,20998491,217867616,15:00:03,14.178,1.213,1893484.25451,1893484.25451,1.1478
sh600381,600381,*ST春天,4.400,-0.17,-3.72,4.400,4.410,4.570,4.600,4.620,4.380,6380436,28487947,15:08:57,-62.857,2.639,258306.72604,258306.72604,1.08684
sh600382,600382,广东明珠,6.320,-0.07,-1.095,6.320,6.330,6.390,6.420,6.430,6.320,9616034,61140513,15:08:57,22.38,1.399,438865.912248,438865.912248,1.38478
sh600383,600383,金地集团,2.270,-0.06,-2.575,2.260,2.270,2.330,2.320,2.350,2.260,105216192,241324749,15:08:57,-0.772,0.229,1024810.470844,1024810.470844,2.33058
sh600386,600386,北巴传媒,3.400,-0.02,-0.585,3.390,3.400,3.420,3.420,3.490,3.360,11694522,40045259,15:00:03,-261.538,1.632,274176.0,274176.0,1.45021
sh600388,600388,龙净环保,17.600,-0.5,-2.762,17.590,17.600,18.100,18.160,18.250,17.500,14427898,255860907,15:00:03,20.0,1.992,2235281.47568,2235281.47568,1.13601
sh600389,600389,江山股份,18.820,-0.86,-4.37,18.810,18.820,19.680,19.620,19.630,18.740,16759047,319475170,15:08:57,15.177,1.939,810483.3,810483.3,3.89157
sh600390,600390,五矿资本,4.890,0,0,4.890,4.900,4.890,4.890,4.960,4.880,33406794,164304202,15:08:57,97.8,0.518,2199554.009451,2199554.009451,0.74269
sh600391,600391,航发科技,30.970,-0.51,-1.62,30.970,30.980,31.480,31.700,31.920,30.960,6066947,190869674,15:00:03,172.056,5.762,1022410.649599,1022410.649599,1.83775
sh600392,600392,盛和资源,22.850,-0.86,-3.627,22.850,22.860,23.710,23.720,23.890,22.840,77881969,1819794942,15:08:57,47.733,3.112,4005208.71245,4005208.71245,4.44322
sh600395,600395,盘江股份,5.020,-0.07,-1.375,5.010,5.020,5.090,5.070,5.080,4.980,21596500,108421409,15:08:57,32.81,1.006,1077605.696788,1077605.696788,1.00607
sh600396,600396,华电辽能,18.730,1.55,9.022,18.720,18.730,17.180,16.800,18.890,16.800,361571988,6432438907,15:08:57,970.466,17.972,2758379.868241,2758379.868241,24.55153
sh600397,600397,江钨装备,17.500,-1.24,-6.617,17.490,17.500,18.740,19.560,20.000,17.430,170560835,3143578649,15:08:57,-60.345,89.744,1732429.7935,1732429.7935,17.22907
sh600398,600398,海澜之家,5.990,-0.08,-1.318,5.990,6.000,6.070,6.080,6.090,5.990,21633183,130539742,15:08:57,13.311,1.494,2876859.407304,2876859.407304,0.45043
sh600399,600399,抚顺特钢,4.240,-0.09,-2.079,4.240,4.250,4.330,4.350,4.350,4.230,27827634,118856837,15:08:57,-10.341,1.558,836170.4,836170.4,1.41107
sh600400,600400,红豆股份,3.130,-0.03,-0.949,3.130,3.140,3.160,3.170,3.210,3.110,51485148,163108604,15:00:01,-17.389,5.17,717199.389676,717199.389676,2.24691
sh600403,600403,大有能源,6.530,-0.18,-2.683,6.520,6.530,6.710,6.500,6.710,6.300,107326563,700373010,15:08:57,-7.743,4.671,1561200.498506,1561200.498506,4.48913
sh600405,600405,动力源,4.550,0.04,0.887,4.540,4.550,4.510,4.510,4.860,4.480,25115211,117850154,15:00:03,-8.75,88.867,278837.46254,278837.46254,4.09824
sh600406,600406,国电南瑞,23.690,-0.37,-1.538,23.680,23.690,24.060,23.950,24.040,23.670,51328472,1222835173,15:08:57,22.779,3.557,19027230.333564,18971369.327778,0.64095
sh600408,600408,安泰集团,2.820,-0.07,-2.422,2.820,2.830,2.890,2.880,2.890,2.810,33965200,96612619,15:08:57,-9.473,2.454,283917.6,283917.6,3.37358
sh600409,600409,三友化工,6.700,-0.21,-3.039,6.700,6.710,6.910,6.890,6.910,6.630,32436500,218049493,15:08:57,154.378,1.004,1383114.13016,1383114.13016,1.57127
sh600410,600410,华胜天成,15.540,-0.35,-2.203,15.540,15.550,15.890,15.980,16.370,15.540,86223385,1376571951,15:08:57,614.229,3.954,1703952.737382,1703952.737382,7.86355
sh600415,600415,小商品城,11.590,-0.22,-1.863,11.580,11.590,11.810,11.780,11.880,11.570,67482213,790000220,15:08:57,15.052,2.663,6355445.142934,6355445.142934,1.23063
sh600416,600416,湘电股份,9.000,-0.06,-0.662,8.990,9.000,9.060,9.080,9.180,8.970,16384510,148778855,15:08:57,56.25,1.364,1328204.1456,1328204.1456,1.11023
sh600418,600418,江淮汽车,24.610,-0.89,-3.49,24.600,24.610,25.500,25.480,25.590,24.570,88873098,2222005410,15:08:57,-31.551,4.408,5547532.537895,5547532.537895,3.94259
sh600419,600419,天润乳业,9.000,0.07,0.784,8.990,9.000,8.930,8.860,9.320,8.810,14707022,133347516,15:08:57,68.441,1.156,283963.3272,283963.3272,4.66128
sh600420,600420,国药现代,8.720,0.07,0.809,8.720,8.730,8.650,8.650,8.800,8.520,12424708,107976863,15:08:57,12.42,0.84,1169502.587424,1169502.587424,0.92641
sh600422,600422,昆药集团,9.120,-0.28,-2.979,9.120,9.130,9.400,9.310,9.400,8.950,27365002,249708567,15:08:57,19.826,1.322,690361.890384,690361.890384,3.61504
sh600423,600423,*ST柳化,2.790,-0.13,-4.452,2.790,2.800,2.920,2.920,2.930,2.780,8975042,25454262,15:00:03,-93.0,4.119,222835.912254,222835.912254,1.12371
sh600425,600425,青松建化,3.570,-0.07,-1.923,3.560,3.570,3.640,3.610,3.640,3.560,13652702,49026367,15:00:03,21.0,0.889,572879.223399,572879.223399,0.85079
sh600426,600426,华鲁恒升,20.890,-0.5,-2.338,20.880,20.890,21.390,21.310,21.360,20.690,41786052,872534289,15:08:57,13.365,1.681,5744630.958335,5743870.558157,1.51973
sh600428,600428,中远海特,11.850,-0.21,-1.741,11.850,11.860,12.060,12.000,12.520,11.840,62506674,755745788,15:08:57,17.274,1.901,3251545.668075,2897663.415855,2.55621
sh600429,600429,三元股份,4.700,0.04,0.858,4.700,4.710,4.660,4.640,4.750,4.590,19025500,89007745,15:00:01,-31.544,1.462,705981.86055,703851.99022,1.27044
sh600433,600433,冠豪高新,3.310,-0.1,-2.933,3.310,3.320,3.410,3.420,3.430,3.310,35007700,117602390,15:00:01,-19.471,1.303,579342.426123,579342.426123,2.00012
sh600435,600435,北方导航,10.610,-0.05,-0.469,10.600,10.610,10.660,10.700,10.880,10.570,22713323,243299449,15:08:57,132.625,5.525,1604611.571689,1604611.571689,1.50185
sh600436,600436,片仔癀,133.660,-1.42,-1.051,133.650,133.660,135.080,134.500,136.760,133.300,4835540,652101269,15:08:57,37.335,5.301,8063937.82886,8063937.82886,0.80149
sh600438,600438,通威股份,12.890,-0.6,-4.448,12.880,12.890,13.490,13.400,13.450,12.860,104058841,1362377278,15:08:57,-6.074,1.66,5803066.32166,5803066.32166,2.3114
sh600439,600439,ST瑞贝卡,1.880,-0.04,-2.083,1.870,1.880,1.920,1.910,1.920,1.870,22668800,42787564,15:00:03,-26.857,0.845,212813.26272,212813.26272,2.00257
sh600444,600444,国机通用,13.630,-0.25,-1.801,13.630,13.650,13.880,13.850,13.920,13.630,1990950,27423426,15:00:03,34.212,2.615,199573.093316,199573.093316,1.35973
sh600446,600446,金证股份,11.030,-0.05,-0.451,11.020,11.030,11.080,11.100,11.500,11.010,21336922,239811898,15:00:03,-61.897,2.936,1038218.029337,1038218.029337,2.26683
sh600448,600448,华纺股份,2.850,-0.04,-1.384,2.850,2.860,2.890,2.890,2.910,2.850,11083540,31880069,15:00:03,-6.887,1.969,179498.60367,179498.60367,1.7598
sh600449,600449,宁夏建材,12.040,-0.61,-4.822,12.040,12.050,12.650,12.560,12.660,12.010,32621431,400373904,15:08:57,31.684,0.781,575729.974568,575729.974568,6.82198
sh600452,600452,涪陵电力,9.430,0.01,0.106,9.430,9.440,9.420,9.380,9.550,9.380,30973888,293375031,15:00:01,36.269,2.522,1448958.779722,1448958.779722,2.01582
sh600455,600455,博通股份,23.930,-0.22,-0.911,23.930,24.010,24.150,24.150,24.370,23.810,1271400,30664283,15:00:03,33.657,4.368,149461.994,149461.994,2.03561
sh600456,600456,宝钛股份,27.380,-0.82,-2.908,27.370,27.380,28.200,28.210,28.250,27.350,8230574,228564259,15:00:03,32.63,1.806,1308154.901782,1308154.901782,1.72268
sh600458,600458,时代新材,11.360,-0.21,-1.815,11.360,11.370,11.570,11.620,12.090,11.360,17719200,206174691,15:08:57,19.254,1.343,1081808.84672,987376.00104,2.03864
sh600459,600459,贵研铂业,20.740,-0.97,-4.468,20.740,20.750,21.710,21.780,21.870,20.700,30766013,652533194,15:08:57,24.69,2.179,1707478.818806,1575630.779092,4.04972
sh600460,600460,士兰微,32.280,-0.57,-1.735,32.280,32.290,32.850,33.390,33.920,32.190,91484093,3042480959,15:08:57,134.5,4.404,5371623.91566,5371623.91566,5.4976
sh600461,600461,洪城环境,8.930,-0.03,-0.335,8.920,8.930,8.960,8.960,8.980,8.910,6155360,55015779,15:00:01,9.602,1.121,1146752.033116,1146752.033116,0.47933
sh600463,600463,空港股份,8.160,-0.15,-1.805,8.160,8.170,8.310,8.310,8.310,8.150,3257300,26756600,15:08:57,-24.014,2.758,244800.0,244800.0,1.08577
sh600467,600467,好当家,2.340,0.02,0.862,2.340,2.350,2.320,2.320,2.370,2.300,45506395,106888788,15:00:03,117.0,0.994,341872.667136,341872.667136,3.11476
sh600468,600468,百利电气,6.140,-0.21,-3.307,6.140,6.150,6.350,6.310,6.320,6.130,34118460,212602074,15:08:57,74.969,3.276,667869.487094,667869.487094,3.13665
sh600469,600469,风神股份,5.230,-0.19,-3.506,5.230,5.240,5.420,5.400,5.420,5.230,13544355,71538984,15:00:03,16.344,0.996,465488.206676,442583.097416,1.60054
sh600470,600470,六国化工,5.490,-0.19,-3.345,5.490,5.500,5.680,5.680,5.690,5.480,18579100,103437494,15:08:57,-6.31,1.879,286358.4,286358.4,3.56194
sh600475,600475,华光环能,14.340,-0.58,-3.887,14.330,14.340,14.920,14.900,15.150,14.320,14271843,208656190,15:08:57,35.216,1.583,1370854.855386,1352098.135386,1.51363
sh600476,600476,*ST湘邮,9.800,-0.43,-4.203,9.800,9.810,10.230,10.150,10.340,9.800,2674200,26722674,15:00:01,-3.33,-3.572,157848.6,157848.6,1.66027
sh600477,600477,杭萧钢构,2.460,-0.06,-2.381,2.460,2.470,2.520,2.510,2.530,2.460,33439800,82983043,15:00:01,50.204,1.163,580306.235256,580306.235256,1.41756
sh600478,600478,科力远,4.890,-0.12,-2.395,4.890,4.900,5.010,5.020,5.030,4.890,25010900,123572010,15:08:57,58.007,2.825,828326.349924,828326.349924,1.47651
sh600479,600479,千金药业,9.990,0.06,0.604,9.980,9.990,9.930,9.870,10.060,9.760,8164000,81337145,15:08:57,15.032,1.584,491717.805984,418088.609883,1.95074
sh600480,600480,凌云股份,8.630,-0.14,-1.596,8.620,8.630,8.770,8.780,8.800,8.610,11531920,100243073,15:00:01,12.507,1.278,1054782.186653,1046978.777546,0.95055
sh600481,600481,双良节能,4.350,-0.13,-2.902,4.350,4.360,4.480,4.490,4.520,4.350,51767971,228438965,15:08:57,-7.306,2.068,897927.560715,897927.560715,2.50789
sh600482,600482,中国动力,31.440,-0.92,-2.843,31.440,31.450,32.360,32.350,32.660,31.320,17568572,562146943,15:08:57,54.207,1.743,7131366.580992,7131366.580992,0.77454
sh600483,600483,福能股份,10.500,0.03,0.287,10.490,10.500,10.470,10.490,10.520,10.260,16828646,174999568,15:08:57,9.906,1.048,2919153.93945,2919153.93945,0.60532
sh600486,600486,扬农化工,52.850,-1.18,-2.184,52.840,52.850,54.030,54.040,54.320,52.510,6166448,326563787,15:08:57,16.578,1.8,2135731.59233,2135731.59233,1.52593
sh600487,600487,亨通光电,57.250,-2.05,-3.457,57.250,57.260,59.300,60.140,60.800,57.210,216352692,12846078955,15:08:57,52.045,4.357,14120095.671325,14047124.821325,8.8176
sh600488,600488,津药药业,5.950,0,0,5.950,5.960,5.950,5.930,6.140,5.760,117487183,701425962,15:08:57,91.538,2.131,649672.5746,649672.5746,10.76002
sh600489,600489,XD中金黄,24.310,-0.79,-3.147,24.310,24.320,25.100,25.300,25.590,24.280,99053238,2456845698,15:08:57,23.833,3.593,11783816.843084,11783816.843084,2.04347
sh600490,600490,鹏欣资源,7.090,-0.22,-3.01,7.090,7.100,7.310,7.350,7.450,7.090,75689248,550722369,15:08:57,69.578,2.465,1568936.939011,1412768.562674,3.79848
sh600491,600491,ST龙元,1.500,0.14,10.294,1.500,0.000,1.360,1.320,1.500,1.280,179929925,249308950,15:08:57,-0.888,0.33,229463.69325,229463.69325,11.76199
sh600493,600493,凤竹纺织,6.010,-0.1,-1.637,6.010,6.020,6.110,6.110,6.140,6.010,5805700,35168343,15:00:01,103.979,1.466,163472.0,163472.0,2.13445
sh600495,600495,晋西车轴,4.180,0.06,1.456,4.180,4.190,4.120,4.150,4.280,4.110,45174102,190315354,15:08:57,174.167,1.54,505023.790348,505023.790348,3.73899
sh600496,600496,精工钢构,3.250,-0.1,-2.985,3.240,3.250,3.350,3.350,3.360,3.240,46255600,151480056,15:00:03,10.569,0.692,646790.819675,646790.819675,2.32426
sh600497,600497,驰宏锌锗,9.990,-0.49,-4.676,9.990,10.000,10.480,10.520,10.550,9.980,166126707,1701911639,15:08:57,48.923,2.929,5035340.102517,5035340.102517,3.29592
sh600498,600498,烽火通信,39.070,-0.32,-0.812,39.060,39.070,39.390,40.060,40.990,39.030,88478583,3556892503,15:08:57,108.528,3.02,5306360.352174,4968225.028592,6.95793
sh600499,600499,科达制造,13.990,-0.43,-2.982,13.990,14.000,14.420,14.400,14.410,13.840,42557116,598584200,15:08:57,20.101,2.04,2683081.091009,2683081.091009,2.21899
sh600500,600500,中化国际,5.170,-0.13,-2.453,5.160,5.170,5.300,5.300,5.370,5.160,110149342,580816021,15:08:57,-8.339,1.823,1855154.358651,1855154.358651,3.06968
sh600501,600501,航天晨光,14.680,-0.21,-1.41,14.680,14.690,14.890,14.860,15.000,14.680,4600200,68329350,15:00:03,-29.36,4.296,628045.9256,628045.9256,1.07525
sh600502,600502,安徽建工,4.450,-0.09,-1.982,4.440,4.450,4.540,4.540,4.550,4.440,38344313,171620994,15:08:57,5.563,0.626,763857.60241,763857.60241,2.23382
sh600503,600503,华丽家族,2.180,-0.06,-2.679,2.170,2.180,2.240,2.250,2.250,2.170,31587200,69492969,15:00:00,-47.598,1.012,349299.22,349299.22,1.97138
sh600505,600505,西昌电力,11.300,0.05,0.444,11.300,11.310,11.250,11.250,11.640,11.120,12594669,142554028,15:00:01,345.566,3.362,411961.275,411961.275,3.45469
sh600506,600506,统一股份,14.750,-0.1,-0.673,14.740,14.750,14.850,14.800,14.980,14.700,4022607,59632726,15:08:57,216.912,7.267,368196.30565,368196.30565,1.61146
sh600507,600507,方大特钢,4.230,-0.04,-0.937,4.220,4.230,4.270,4.280,4.290,4.210,20771800,87833951,15:08:51,10.393,0.953,978478.47747,978478.47747,0.89797
sh600508,600508,上海能源,8.570,-0.14,-1.607,8.560,8.570,8.710,8.710,8.710,8.550,6081956,52337700,15:00:03,27.645,0.68,867117.0564,867117.0564,0.6011
sh600509,600509,天富能源,7.600,-0.1,-1.299,7.600,7.610,7.700,7.710,7.770,7.590,22120892,169623076,15:08:51,45.4,1.344,1044542.02932,1044542.02932,1.6095
sh600510,600510,黑牡丹,6.760,-0.22,-3.152,6.750,6.760,6.980,7.040,7.060,6.760,7618580,52241755,15:00:01,112.667,0.661,697649.208932,697649.208932,0.73822
sh600511,600511,国药股份,27.380,0.03,0.11,27.370,27.380,27.350,27.350,27.680,27.000,5304898,145105241,15:00:03,10.347,1.085,2065829.208524,1515062.508912,0.95869
sh600512,600512,腾达建设,2.030,-0.02,-0.976,2.030,2.040,2.050,2.050,2.060,2.010,26522940,53982473,15:08:51,101.5,0.521,322243.248089,322243.248089,1.67084
sh600513,600513,联环药业,17.940,0.34,1.932,17.940,17.950,17.600,17.400,18.270,17.000,35345762,628673453,15:08:51,-52.765,4.005,512108.54838,512108.54838,12.3822
sh600515,600515,海南机场,2.880,-0.06,-2.041,2.880,2.890,2.940,2.950,2.960,2.880,79996768,232109312,15:00:03,150.785,1.357,3290489.165376,2642691.602304,0.8718
sh600516,600516,方大炭素,5.350,0.14,2.687,5.350,5.360,5.210,5.200,5.430,5.170,108124512,577277500,15:08:51,267.5,1.318,2153894.14688,2153894.14688,2.68568
sh600517,600517,国网英大,4.960,-0.04,-0.8,4.960,4.970,5.000,5.020,5.030,4.950,15523400,77467349,15:08:51,11.196,1.184,2836344.129024,2836344.129024,0.27146
sh600518,600518,康美药业,1.450,0.01,0.694,1.450,1.460,1.440,1.440,1.490,1.410,375467547,546512867,15:08:51,2071.429,2.757,2005190.02005,2004241.06726,2.71638
sh600519,600519,贵州茅台,1355.290,12.29,0.915,1355.290,1355.300,1343.000,1338.000,1359.600,1337.000,3235348,4376205567,15:08:51,20.641,6.254,169422309.30193,169422309.30193,0.25881
sh600520,600520,三佳科技,25.060,-0.74,-2.868,25.050,25.060,25.800,26.060,26.180,25.050,7520156,193149473,15:08:51,501.2,10.085,397025.58,397025.58,4.74667
sh600521,600521,华海药业,18.000,-0.03,-0.166,17.990,18.000,18.030,17.950,18.410,17.810,45476392,825533957,15:08:51,100.0,2.805,2695053.9528,2695053.9528,3.03732
sh600522,600522,中天科技,32.900,-0.65,-1.937,32.890,32.900,33.550,34.010,34.490,32.880,256128871,8669049372,15:08:51,38.39,2.954,11228604.35508,11228604.35508,7.50462
sh600523,600523,贵航股份,11.470,-0.09,-0.779,11.460,11.470,11.560,11.590,11.770,11.420,5191370,60066912,15:00:00,23.896,1.426,463745.08404,463439.17914,1.28485
sh600525,600525,ST长园,5.050,-0.12,-2.321,5.050,5.060,5.170,5.170,5.180,5.050,8099017,41420385,15:00:03,-5.872,2.37,665983.97676,665983.97676,0.61413
sh600526,600526,菲达环保,4.460,-0.04,-0.889,4.450,4.460,4.500,4.510,4.520,4.440,7696350,34436072,15:00:03,13.118,0.857,396361.46664,389361.18444,0.88159
sh600527,600527,江南高纤,2.200,-0.03,-1.345,2.190,2.200,2.230,2.220,2.240,2.190,48147640,106659814,15:08:51,183.333,1.837,380987.39844,380987.39844,2.78027
sh600528,600528,中铁工业,7.100,-0.04,-0.56,7.090,7.100,7.140,7.150,7.160,7.080,8593100,61076102,15:00:03,12.034,0.618,1577301.62748,1577301.62748,0.38681
sh600529,600529,山东药玻,19.150,0.1,0.525,19.150,19.160,19.050,19.130,19.330,18.980,10539145,201924420,15:00:03,18.413,1.517,1270821.026395,1270821.026395,1.58814
sh600530,600530,ST交昂,3.830,-0.07,-1.795,3.830,3.840,3.900,3.900,3.900,3.820,9890200,38156500,15:08:51,851.111,9.443,296794.36,296794.36,1.27629
sh600531,600531,豫光金铅,13.170,-0.61,-4.427,13.170,13.180,13.780,13.750,13.960,13.160,67290254,908743268,15:08:51,16.671,2.242,1592598.973266,1592598.973266,5.56457
sh600533,600533,栖霞建设,2.150,-0.04,-1.826,2.150,2.160,2.190,2.200,2.200,2.140,15784491,34158970,15:00:03,-1.222,1.702,225750.0,225750.0,1.50328
sh600535,600535,天士力,15.430,0.12,0.784,15.430,15.450,15.310,15.240,15.550,15.160,17154509,264293738,15:00:01,20.851,1.805,2305164.857715,2305164.857715,1.14827
sh600536,600536,中国软件,31.620,-0.5,-1.557,31.610,31.620,32.120,32.120,32.430,31.530,14373632,459549195,15:08:51,-632.4,8.399,2952633.178608,2667639.93999,1.70373
sh600537,600537,*ST亿晶,2.230,-0.06,-2.62,2.220,2.230,2.290,2.290,2.300,2.220,16020600,36061310,15:00:03,-4.956,-18.16,263968.449014,263968.449014,1.35342
sh600538,600538,国发股份,5.130,-0.03,-0.581,5.120,5.130,5.160,5.170,5.240,5.100,10090000,52208895,15:00:03,-30.176,3.953,268913.752524,268913.752524,1.92484
sh600539,600539,狮头股份,14.300,-0.66,-4.412,14.300,14.310,14.960,15.020,15.080,14.300,14546800,212962883,15:00:06,-158.889,10.946,328900.0,328900.0,6.3247
sh600540,600540,新赛股份,3.990,-0.06,-1.481,3.990,4.000,4.050,4.050,4.080,3.980,22861200,91986734,15:08:51,-16.292,6.028,231969.40704,231969.40704,3.93225
sh600543,600543,*ST莫高,3.990,-0.08,-1.966,3.990,4.010,4.070,4.090,4.090,3.990,1376200,5535242,15:00:03,-11.932,1.848,128126.88,128126.88,0.42856
sh600545,600545,卓郎智能,4.310,-0.16,-3.579,4.300,4.310,4.470,4.500,4.560,4.300,62774215,278067311,15:08:51,-12.555,2.94,770590.167682,770590.167682,3.51103
sh600546,600546,山煤国际,12.720,-0.23,-1.776,12.710,12.720,12.950,12.900,12.980,12.680,18318000,234801573,15:08:51,21.559,1.51,2521684.21008,2521684.21008,0.92401
sh600547,600547,山东黄金,29.500,-1.52,-4.9,29.500,29.510,31.020,31.350,31.490,29.390,88205074,2663348560,15:08:51,31.383,4.249,13599292.09875,10662607.87365,2.44035
sh600548,600548,深高速,8.370,0.03,0.36,8.360,8.370,8.340,8.290,8.400,8.290,2301999,19244909,15:08:51,19.51,0.905,2124185.578299,1434974.547771,0.13427
sh600549,600549,厦门钨业,54.710,-1.66,-2.945,54.710,54.720,56.370,56.730,57.290,54.600,60921443,3416703143,15:08:51,37.612,4.746,8685682.054046,8501561.86258,3.92047
sh600550,600550,保变电气,12.010,0.04,0.334,12.010,12.020,11.970,11.980,12.250,11.850,50332489,605437626,15:08:51,112.243,24.783,2211675.70448,2211675.70448,2.73319
sh600551,600551,时代出版,6.940,-0.01,-0.144,6.940,6.950,6.950,6.950,7.080,6.920,5086200,35540332,15:00:03,11.484,0.788,470570.335866,470570.335866,0.75012
sh600552,600552,凯盛科技,17.770,-0.43,-2.363,17.770,17.780,18.200,18.310,18.550,17.760,51188258,933047027,15:08:51,130.47,3.889,1678566.450638,1678566.450638,5.419
sh600556,600556,天下秀,5.020,-0.11,-2.144,5.020,5.030,5.130,5.130,5.280,5.020,91603167,472440719,15:08:51,251.0,2.368,907489.316284,907489.316284,5.06725
sh600557,600557,康缘药业,12.880,0.27,2.141,12.880,12.890,12.610,12.620,13.030,12.360,16144509,207141599,15:08:51,23.852,1.489,729212.542128,729212.542128,2.85159
sh600558,600558,大西洋,4.800,0.02,0.418,4.790,4.800,4.780,4.760,4.940,4.720,23871950,115268885,15:08:51,23.645,1.737,430850.31888,430850.31888,2.65952
sh600559,600559,老白干酒,12.310,0.15,1.234,12.300,12.310,12.160,12.110,12.470,12.100,20687582,254730264,15:08:51,26.191,2.056,1126054.103564,1126054.103564,2.26156
sh600560,600560,金自天正,11.120,-0.21,-1.853,11.120,11.130,11.330,11.330,11.380,11.120,1995700,22379227,15:00:01,48.201,2.519,248693.796,248693.796,0.89235
sh600561,600561,江西长运,5.600,-0.08,-1.408,5.600,5.610,5.680,5.680,5.720,5.590,3669970,20737738,15:00:03,93.333,1.749,159307.008,159307.008,1.29008
sh600562,600562,国睿科技,26.000,0.17,0.658,26.000,26.010,25.830,25.840,27.560,25.640,16427752,437778746,15:08:51,50.98,4.804,3228830.384,3228830.384,1.32284
sh600563,600563,法拉电子,135.490,2.49,1.872,135.490,135.500,133.000,133.900,138.960,133.890,6993463,958413555,15:08:51,25.564,4.841,3048525.0,3048525.0,3.10821
sh600566,600566,济川药业,25.000,-0.19,-0.754,25.000,25.010,25.190,25.130,25.340,24.820,5035099,126248408,15:00:00,12.953,1.537,2303656.9,2296728.4,0.54807
sh600567,600567,山鹰国际,1.340,-0.03,-2.19,1.340,1.350,1.370,1.370,1.370,1.340,53820744,72819229,15:00:03,-6.7,0.563,831531.386204,831531.386204,0.86731
sh600568,600568,ST中珠,2.230,0.01,0.45,2.220,2.230,2.220,2.220,2.250,2.210,7305900,16290489,15:00:03,-37.167,2.75,444409.938863,372202.003217,0.43772
sh600569,600569,安阳钢铁,1.770,-0.04,-2.21,1.760,1.770,1.810,1.810,1.810,1.760,24607500,43743263,15:00:01,-10.231,3.488,508418.585322,508418.585322,0.85668
sh600570,600570,恒生电子,22.410,-0.39,-1.711,22.410,22.420,22.800,22.810,23.100,22.400,25709055,585580904,15:08:51,34.477,4.255,4243665.038022,4243665.038022,1.35765
sh600571,600571,信雅达,10.520,-0.17,-1.59,10.520,10.530,10.690,10.700,10.890,10.510,9332798,99853375,15:08:51,75.143,4.243,490566.861068,481554.791556,2.03883
sh600572,600572,康恩贝,4.680,-0.07,-1.474,4.680,4.690,4.750,4.780,4.970,4.570,267303861,1271649082,15:08:51,24.632,1.637,1188032.990508,1184877.803304,10.5579
sh600573,600573,惠泉啤酒,9.780,-0.12,-1.212,9.780,9.790,9.900,9.880,9.930,9.760,4434700,43620247,15:00:03,30.563,1.79,244500.0,244500.0,1.77388
sh600575,600575,淮河能源,3.370,-0.04,-1.173,3.370,3.380,3.410,3.400,3.430,3.360,40062300,135676099,15:08:51,14.042,1.082,2415208.96129,1309669.978905,1.03087
sh600576,600576,祥源文旅,5.560,-0.09,-1.593,5.560,5.570,5.650,5.640,5.730,5.560,9300100,52453715,15:00:03,50.545,2.266,586328.93264,367176.886148,1.40827
sh600577,600577,精达股份,8.110,-0.23,-2.758,8.100,8.110,8.340,8.350,8.400,8.100,49220007,405380466,15:08:51,28.964,2.906,1810001.428118,1810001.428118,2.20538
sh600578,600578,京能电力,6.590,0.59,9.833,6.580,6.590,6.000,5.930,6.600,5.870,377037035,2371554307,15:08:51,13.18,1.75,4411755.248885,4411755.248885,5.63194
sh600579,600579,中化装备,7.200,-0.12,-1.639,7.200,7.210,7.320,7.300,7.380,7.200,5882272,42853764,15:00:03,-30.0,2.341,355392.54648,355392.54648,1.19171
sh600580,600580,卧龙电驱,35.060,-0.8,-2.231,35.060,35.070,35.860,35.860,36.170,35.050,46517390,1659724342,15:08:51,48.472,4.907,5476783.993566,5461059.583566,2.98642
sh600581,600581,*ST八钢,2.300,-0.04,-1.709,2.300,2.310,2.340,2.330,2.340,2.300,5943400,13778421,15:00:01,-1.882,-6.825,352566.5101,352566.5101,0.38772
sh600582,600582,天地科技,4.880,-0.02,-0.408,4.880,4.890,4.900,4.880,4.920,4.830,20947260,101957422,15:08:51,8.257,0.775,2019631.379296,2019631.379296,0.50614
sh600583,600583,海油工程,5.460,-0.01,-0.183,5.450,5.460,5.470,5.460,5.510,5.370,31595011,171436655,15:08:51,11.617,0.832,2414059.7208,2414059.7208,0.7146
sh600584,600584,长电科技,77.820,-0.36,-0.46,77.820,77.830,78.180,79.300,81.880,77.770,150048941,11980625234,15:08:51,89.448,4.841,13925224.18374,13925224.18374,8.38536
sh600585,600585,海螺水泥,17.490,-0.21,-1.186,17.480,17.490,17.700,17.610,17.640,17.460,23012025,403319123,15:08:51,11.357,0.476,9229578.016956,6956577.616956,0.57856
sh600586,600586,金晶科技,4.180,-0.09,-2.108,4.180,4.190,4.270,4.270,4.280,4.180,13554601,57224548,15:08:51,-10.046,1.176,592447.1586,592447.1586,0.95634
sh600587,600587,新华医疗,12.890,0.05,0.389,12.880,12.890,12.840,12.810,12.990,12.630,9345610,120087719,15:00:01,14.816,0.996,781964.823661,781964.823661,1.54054
sh600588,600588,用友网络,11.650,-0.12,-1.02,11.640,11.650,11.770,11.770,12.020,11.580,77418689,913485997,15:08:51,-28.415,5.773,3980801.981485,3980801.981485,2.26569
sh600589,600589,大位科技,8.190,-0.08,-0.967,8.180,8.190,8.270,8.370,8.620,8.180,108799509,918724405,15:08:51,-819.0,19.537,1213405.73991,1210866.83991,7.35893
sh600590,600590,泰豪科技,8.610,-0.17,-1.936,8.610,8.630,8.780,8.810,8.920,8.610,25175614,220202197,15:08:51,123.0,2.261,734320.85475,726313.359303,2.98441
sh600592,600592,龙溪股份,14.620,-0.18,-1.216,14.610,14.620,14.800,14.800,15.040,14.620,6486600,96191855,15:00:03,34.81,2.259,584147.320802,584147.320802,1.62346
sh600593,600593,大连圣亚,41.550,1.05,2.593,41.530,41.550,40.500,40.510,41.960,40.260,7537754,310664671,15:08:51,196.361,25.923,541998.975,535164.0,5.85229
sh600594,600594,益佰制药,3.920,0.04,1.031,3.910,3.920,3.880,3.850,4.020,3.700,53938879,211206962,15:08:51,-9.333,1.425,307482.4088,307482.4088,6.8765
sh600595,600595,中孚实业,6.270,-0.45,-6.696,6.260,6.270,6.720,6.630,6.660,6.240,224875229,1437865537,15:08:51,15.675,1.373,2512956.506478,2512956.506478,5.61079
sh600596,600596,新安股份,10.700,-0.23,-2.104,10.690,10.700,10.930,10.940,11.030,10.680,27400890,297011832,15:08:51,98.346,1.15,1444068.84243,1444068.84243,2.0303
sh600597,600597,光明乳业,6.860,0.01,0.146,6.850,6.860,6.850,6.830,6.920,6.800,12644305,86679574,15:00:01,-62.364,1.029,945633.001418,945620.379018,0.91728
sh600598,600598,北大荒,12.050,0,0,12.040,12.050,12.050,12.040,12.060,11.820,25115441,299957644,15:08:51,18.369,2.496,2142104.290345,2142104.290345,1.41282
sh600600,600600,青岛啤酒,53.070,-0.38,-0.711,53.060,53.070,53.450,53.400,53.620,53.050,4577660,244042710,15:00:01,15.781,2.232,7239783.507147,3763331.379501,0.64554
sh600601,600601,方正科技,12.580,-0.38,-2.932,12.580,12.590,12.960,13.100,13.350,12.550,234211127,3038901136,15:08:51,114.364,11.02,5376368.551846,5246228.955046,5.61618
sh600602,600602,云赛智联,19.360,-0.89,-4.395,19.350,19.360,20.250,21.720,21.720,19.340,139665176,2880215536,15:08:51,136.338,5.381,2647815.80888,2079850.58864,13.00054
sh600603,600603,广汇物流,4.460,-0.09,-1.978,4.460,4.470,4.550,4.550,4.570,4.460,11629980,52417673,15:00:06,14.387,0.71,524470.466946,524470.466946,0.98899
sh600604,600604,市北高新,4.780,-0.23,-4.591,4.770,4.780,5.010,5.210,5.350,4.760,77982939,389962236,15:08:51,-28.118,1.489,895439.696312,672763.396312,5.54071
sh600605,600605,汇通能源,25.270,-0.4,-1.558,25.230,25.270,25.670,25.600,26.220,25.270,3315000,85468634,15:00:01,210.583,3.65,521275.698083,521275.698083,1.60702
sh600606,600606,绿地控股,1.310,-0.04,-2.963,1.300,1.310,1.350,1.340,1.350,1.300,148424724,195852670,15:08:51,-0.701,0.478,1841102.599134,1841102.599134,1.05609
sh600609,600609,金杯汽车,3.300,-0.04,-1.198,3.290,3.300,3.340,3.350,3.360,3.290,19542025,64927204,15:00:03,18.333,2.541,430504.32414,430504.32414,1.49798
sh600610,600610,中毅达,7.030,-0.17,-2.361,7.030,7.040,7.200,7.180,7.290,7.030,12186400,86609198,15:08:51,148.626,54.16,753106.047315,498234.873615,1.71948
sh600611,600611,大众交通,4.870,-0.38,-7.238,4.870,4.880,5.250,5.080,5.080,4.870,179691754,891208207,15:08:51,162.333,1.202,1151327.834768,761335.069268,11.49427
sh600612,600612,老凤祥,34.320,-0.53,-1.521,34.320,34.330,34.850,34.830,34.960,34.250,1936590,66786181,15:08:51,10.23,1.308,1795340.166048,1088320.25016,0.6107
sh600613,600613,神奇制药,5.830,0.53,10,5.830,0.000,5.300,5.300,5.830,5.100,23366740,131927351,15:08:51,83.286,1.338,311363.759124,279443.547174,4.87498
sh600615,600615,鑫源智造,9.280,-0.14,-1.486,9.270,9.280,9.420,9.400,9.460,9.260,1695260,15817615,15:00:03,-464.0,2.902,209379.63808,209046.8944,0.75256
sh600616,600616,金枫酒业,4.350,0.04,0.928,4.330,4.350,4.310,4.300,4.460,4.260,15176391,66061390,15:00:01,1450.0,1.504,291017.15325,291017.15325,2.2685
sh600617,600617,国新能源,3.480,-0.06,-1.695,3.470,3.480,3.540,3.520,3.540,3.450,28026605,97875041,15:08:51,-21.75,2.099,671358.738048,617888.855772,1.57848
sh600618,600618,氯碱化工,10.130,-0.25,-2.408,10.130,10.140,10.380,10.410,10.410,10.130,8137843,83237998,15:00:00,13.579,1.23,1171433.175688,759587.895688,1.08528
sh600619,600619,海立股份,14.160,-0.48,-3.279,14.150,14.160,14.640,14.640,14.680,14.150,26320475,378678563,15:08:51,202.286,2.463,1519855.678896,1117471.513968,3.33519
sh600620,600620,天宸股份,4.300,-0.09,-2.05,4.300,4.310,4.390,4.410,4.420,4.300,4994250,21710690,15:00:03,143.333,2.07,295271.15859,295271.15859,0.72731
sh600621,600621,华鑫股份,13.330,-0.1,-0.745,13.330,13.340,13.430,13.350,13.570,13.310,10130526,136115851,15:08:51,22.217,1.512,1414178.756236,1414178.756236,0.9549
sh600622,600622,光大嘉宝,2.230,-0.07,-3.043,2.230,2.240,2.300,2.290,2.300,2.220,25060056,56432525,15:00:03,-2.398,1.673,334429.844646,334429.844646,1.67102
sh600623,600623,华谊集团,8.220,-0.23,-2.722,8.210,8.220,8.450,8.430,8.440,8.180,17924938,148024415,15:00:03,31.615,0.773,1742221.449108,1542100.550526,0.95547
sh600624,600624,ST复华,4.090,-0.09,-2.153,4.080,4.090,4.180,4.170,4.190,4.080,3667900,15122269,15:00:03,-14.103,6.539,277852.899278,277852.899278,0.53992
sh600626,600626,申达股份,3.520,-0.06,-1.676,3.520,3.530,3.580,3.580,3.600,3.520,8192300,29103549,15:00:03,1135.484,1.449,464902.122784,464902.122784,0.62028
sh600628,600628,新世界,6.200,-0.05,-0.8,6.200,6.210,6.250,6.230,6.270,6.150,7851397,48746828,15:00:03,62.0,0.944,401062.73808,401062.73808,1.21374
sh600629,600629,华建集团,16.060,-0.36,-2.192,16.060,16.070,16.420,16.400,16.910,16.050,38108411,628216797,15:08:51,229.429,3.505,1846586.634068,1846586.634068,3.31434
sh600630,600630,龙头股份,6.660,-0.14,-2.059,6.660,6.670,6.800,6.830,6.840,6.640,9759693,65826502,15:00:01,60.545,3.478,282957.823602,282957.823602,2.29715
sh600633,600633,浙数文化,11.070,-0.09,-0.806,11.060,11.070,11.160,11.190,11.530,11.040,35785802,404173216,15:08:51,24.6,1.349,1403758.440504,1403758.440504,2.82206
sh600635,600635,大众公用,4.700,-0.05,-1.053,4.690,4.700,4.750,4.740,4.780,4.680,31862267,150337442,15:08:51,33.428,1.561,1387644.29725,1136832.08725,1.31728
sh600637,600637,东方明珠,8.190,-0.11,-1.325,8.180,8.190,8.300,8.300,8.400,8.180,35602367,295182767,15:08:51,44.584,0.92,2753395.950123,2753395.950123,1.059
sh600638,600638,新黄浦,5.020,-0.15,-2.901,5.010,5.020,5.170,5.140,5.150,5.000,12302140,62156945,15:08:51,50.0,0.723,338045.186572,338045.186572,1.82688
sh600639,600639,浦东金桥,9.530,-0.14,-1.448,9.530,9.540,9.670,9.670,9.680,9.480,4592600,43759140,15:00:03,9.88,0.71,1069659.487029,810275.577959,0.54016
sh600640,600640,国脉文化,10.970,-0.03,-0.273,10.950,10.970,11.000,11.010,11.240,10.930,9347335,103606457,15:00:01,406.296,2.183,868331.81998,868331.81998,1.18089
sh600641,600641,先导基电,34.020,-1.7,-4.759,34.010,34.020,35.720,37.780,38.000,34.000,122192923,4357614757,15:08:51,-244.748,3.83,3221237.85984,3166002.98784,13.13013
sh600642,600642,申能股份,8.550,0.12,1.423,8.550,8.560,8.430,8.450,8.630,8.410,31122595,265325188,15:08:51,10.621,1.098,4184437.86648,4184210.24838,0.63596
sh600643,600643,爱建集团,4.030,-0.04,-0.983,4.020,4.030,4.070,4.060,4.090,4.010,13556785,54798703,15:00:03,-3.342,0.654,642047.823534,640911.741548,0.85244
sh600644,600644,乐山电力,10.130,-0.21,-2.031,10.130,10.140,10.340,10.220,10.450,9.950,47601721,485641870,15:08:51,248.284,2.833,585838.988634,585838.988634,8.23102
sh600645,600645,中源协和,20.300,0.42,2.113,20.300,20.310,19.880,19.980,20.720,19.770,16763885,341644607,15:08:51,81.2,2.554,949936.2467,949573.43495,3.58379
sh600648,600648,外高桥,8.990,-0.09,-0.991,8.980,8.990,9.080,9.030,9.090,8.930,2176400,19556274,15:08:51,12.315,0.766,1222561.083982,1022855.851209,0.19129
sh600649,600649,城投控股,3.780,-0.1,-2.577,3.780,3.790,3.880,3.880,3.880,3.760,28187775,106955695,15:00:03,31.5,0.447,941900.690304,941900.690304,1.13122
sh600650,600650,锦江在线,10.740,-0.4,-3.591,10.730,10.740,11.140,11.020,11.140,10.740,8208498,89317874,15:08:51,41.79,1.395,592429.254918,419461.52055,2.10172
sh600651,600651,飞乐音响,6.020,-0.16,-2.589,6.010,6.020,6.180,6.240,6.390,6.000,24958975,153020450,15:00:00,273.636,5.982,1509230.86503,1509230.86503,0.99556
sh600653,600653,申华控股,1.710,-0.02,-1.156,1.700,1.710,1.730,1.730,1.740,1.700,22161800,38033871,15:00:01,-18.587,5.32,332831.034207,332831.034207,1.13862
sh600654,600654,中安科,2.950,-0.08,-2.64,2.950,2.960,3.030,3.030,3.080,2.950,72047300,217634907,15:08:51,156.915,4.981,839395.849995,683642.387785,3.10893
sh600655,600655,豫园股份,4.640,-0.05,-1.066,4.630,4.640,4.690,4.670,4.680,4.600,10073435,46746926,15:00:03,-3.668,0.602,1805520.689712,1804888.670672,0.25897
sh600657,600657,信达地产,2.590,-0.1,-3.717,2.590,2.600,2.690,2.680,2.700,2.580,28692699,75024639,15:00:01,-0.938,0.477,738636.556105,738636.556105,1.0061
sh600658,600658,电子城,4.090,-0.09,-2.153,4.090,4.100,4.180,4.180,4.210,4.090,12973709,53552909,15:00:03,-2.479,1.129,457501.283405,457501.283405,1.15983
sh600660,600660,福耀玻璃,54.870,-0.56,-1.01,54.870,54.880,55.430,55.590,55.590,54.710,7323068,402671477,15:08:51,15.37,3.658,14319662.760084,10990386.003684,0.36561
sh600661,600661,昂立教育,9.410,-0.44,-4.467,9.410,9.420,9.850,9.770,9.820,9.390,8797606,84127072,15:08:51,30.355,10.584,269642.44903,269642.44903,3.07019
sh600662,600662,外服控股,4.460,-0.03,-0.668,4.460,4.470,4.490,4.480,4.540,4.450,14421588,64731462,15:08:51,15.567,1.878,1018415.624384,1015435.86984,0.63343
sh600663,600663,陆家嘴,9.360,-0.29,-3.005,9.350,9.360,9.650,9.630,9.750,9.350,21098270,200171817,15:00:03,38.455,1.848,4712903.843544,3682614.947544,0.53625
sh600664,600664,哈药股份,8.860,0.05,0.568,8.860,8.870,8.810,8.900,9.140,8.550,505920763,4487849333,15:08:51,63.286,3.808,2231399.750136,2231399.750136,20.0881
sh600665,600665,天地源,3.470,-0.12,-3.343,3.460,3.470,3.590,3.570,3.660,3.460,21473040,76455763,15:00:03,-2.305,2.116,299850.514787,299850.514787,2.48495
sh600666,600666,奥瑞德,3.830,-0.13,-3.283,3.820,3.830,3.960,3.960,4.040,3.810,173610860,682208192,15:08:51,73.796,9.611,1053754.561902,958313.287478,6.93854
sh600667,600667,太极实业,23.780,1.07,4.712,23.770,23.780,22.710,22.800,24.880,21.910,512903289,12016583505,15:08:51,113.238,5.689,4973687.299284,4973687.299284,24.52273
sh600668,600668,尖峰集团,7.630,-0.26,-3.295,7.630,7.640,7.890,7.800,7.920,7.620,13696980,106319940,15:00:01,7.644,0.575,315043.153222,315043.153222,3.31726
sh600671,600671,天目药业,22.460,0.9,4.174,22.450,22.460,21.560,21.540,22.880,21.250,7367592,164615311,15:00:01,155.218,37.05,273515.37571,273496.617118,6.05039
sh600673,600673,东阳光,34.480,0.37,1.085,34.470,34.480,34.110,34.550,36.300,34.400,51907995,1833035835,15:08:51,383.111,10.451,10376945.843432,10349371.732296,1.72937
sh600674,600674,川投能源,15.200,0.14,0.93,15.190,15.200,15.060,15.050,15.220,14.950,21925806,331554814,15:08:51,15.585,1.598,7409402.37856,7409402.37856,0.4498
sh600675,600675,中华企业,2.270,-0.08,-3.404,2.260,2.270,2.350,2.350,2.370,2.260,41662961,95312356,15:00:01,113.5,0.956,1372472.720137,1372472.720137,0.68908
sh600676,600676,久事动娱,6.780,-0.17,-2.446,6.780,6.790,6.950,6.920,6.930,6.780,9048100,62070057,15:00:03,-21.188,1.462,697318.216032,697318.216032,0.87974
sh600678,600678,ST金顶,5.530,-0.15,-2.641,5.520,5.530,5.680,5.690,5.700,5.520,7159257,40102315,15:08:51,267.15,7.484,192991.47,192991.47,2.05142
sh600679,600679,上海凤凰,9.470,-0.13,-1.354,9.470,9.480,9.600,9.610,9.650,9.450,2240300,21324412,15:08:51,45.727,2.202,469043.680319,325478.461379,0.65183
sh600681,600681,百川能源,3.440,0,0,3.440,3.450,3.440,3.430,3.480,3.410,20387520,70246954,15:00:03,19.446,1.253,461254.05464,460894.217568,1.52167
sh600682,600682,南京新百,5.920,0.08,1.37,5.920,5.930,5.840,5.830,6.040,5.740,27119861,160933004,15:08:51,-9.397,0.485,796318.274832,689123.6828,2.32976
sh600683,600683,京投发展,12.930,1.18,10.043,12.930,0.000,11.750,12.930,12.930,12.930,1884600,24367878,15:00:03,-6.497,-6.54,957825.432921,957825.432921,0.25441
sh600684,600684,珠江股份,3.440,-0.11,-3.099,3.440,3.450,3.550,3.570,3.570,3.430,16689120,57894858,15:08:51,43.0,3.02,380489.553352,293590.488712,1.95546
sh600685,600685,中船防务,26.210,-0.45,-1.688,26.200,26.210,26.660,26.730,26.780,26.210,8684528,230402910,15:00:01,36.745,2.032,3704800.216738,2152981.609401,1.05724
sh600686,600686,金龙汽车,11.900,-0.36,-2.936,11.900,11.910,12.260,12.220,12.250,11.870,16226106,194411773,15:08:51,18.308,2.348,853286.42623,853286.42623,2.26291
sh600688,600688,上海石化,2.790,-0.05,-1.761,2.780,2.790,2.840,2.830,2.840,2.780,65310330,183251857,15:08:51,-20.515,1.25,2941390.2825,2044738.9665,0.89114
sh600689,600689,上海三毛,10.410,-0.23,-2.162,10.410,10.420,10.640,10.680,10.680,10.410,2318600,24413260,15:00:03,173.5,4.414,209231.988063,158444.512863,1.52335
sh600690,600690,海尔智家,21.790,0.04,0.184,21.790,21.800,21.750,21.720,21.980,21.610,29166611,636521807,15:08:51,10.278,1.632,20433855.00735,13625348.907569,0.46644
sh600691,600691,潞化科技,2.450,-0.08,-3.162,2.450,2.460,2.530,2.540,2.550,2.430,26299120,64977037,15:08:51,-7.052,1.872,582115.57824,582018.55824,1.10706
sh600692,600692,亚通股份,6.160,-0.1,-1.597,6.150,6.160,6.260,6.260,6.330,6.130,6220300,38687656,15:00:03,150.611,2.229,216686.663424,157086.478472,2.43923
sh600693,600693,东百集团,10.480,0.31,3.048,10.480,10.490,10.170,10.020,10.850,9.960,119339557,1238935854,15:08:51,199.24,2.53,911598.865808,910662.515536,13.73372
sh600694,600694,大商股份,14.390,-0.18,-1.235,14.390,14.400,14.570,14.580,14.590,14.340,2827974,40820802,15:00:03,10.134,0.596,545084.006229,545084.006229,0.74657
sh600697,600697,欧亚集团,10.670,-0.12,-1.112,10.650,10.670,10.790,10.700,10.790,10.590,2655700,28375749,15:00:01,-32.77,0.759,169746.976025,165786.208005,1.70921
sh600698,600698,湖南天雁,7.220,-0.09,-1.231,7.220,7.230,7.310,7.330,7.330,7.120,37419675,270570152,15:08:51,-246.416,10.443,771556.442504,599586.157002,4.50594
sh600699,600699,均胜电子,20.950,-0.28,-1.319,20.940,20.950,21.230,21.340,21.590,20.920,25923510,552369717,15:08:51,22.053,1.854,3248864.329485,2923929.829485,1.85742
sh600702,600702,舍得酒业,38.350,-0.08,-0.208,38.350,38.360,38.430,38.010,39.450,38.010,15753028,609786363,15:08:51,56.372,1.781,1273568.467275,1273031.567275,4.74559
sh600703,600703,三安光电,13.510,-0.16,-1.17,13.510,13.520,13.670,13.800,14.070,13.510,176954140,2443503537,15:08:51,-193.0,1.931,6740164.300177,6740164.300177,3.54687
sh600704,600704,物产中大,4.860,-0.05,-1.018,4.860,4.870,4.910,4.900,4.920,4.850,25653414,125111646,15:00:03,7.043,0.596,2513193.42654,2513193.42654,0.49608
sh600706,600706,曲江文旅,7.800,-0.13,-1.639,7.790,7.800,7.930,7.950,7.960,7.780,5475640,43037987,15:00:03,-10.13,4.433,198946.6323,198143.5443,2.15551
sh600707,600707,彩虹股份,9.150,-0.19,-2.034,9.150,9.160,9.340,9.490,9.550,9.140,86458597,809718605,15:08:51,87.981,1.506,3283376.60478,3282717.80478,2.40988
sh600708,600708,光明地产,3.250,-0.04,-1.216,3.250,3.260,3.290,3.290,3.390,3.210,24983391,82283319,15:00:01,-1.982,1.215,724306.941475,723215.275575,1.12271
sh600710,600710,苏美达,10.370,-0.26,-2.446,10.360,10.370,10.630,10.610,10.640,10.360,9804683,102573602,15:00:01,9.971,1.582,1355099.163058,1355099.163058,0.75031
sh600711,600711,盛屯矿业,11.850,-0.59,-4.743,11.840,11.850,12.440,12.390,12.410,11.760,150866228,1820150275,15:08:51,18.597,2.049,3662374.687935,3662374.687935,4.88144
sh600712,600712,南宁百货,5.480,-0.11,-1.968,5.480,5.490,5.590,5.550,5.620,5.460,18487100,102411698,15:08:51,-72.2,3.937,298471.13728,295179.307308,3.43213
sh600713,600713,南京医药,5.300,0,0,5.300,5.310,5.300,5.270,5.350,5.180,20180006,106692342,15:08:51,11.042,0.943,693326.93696,683601.26736,1.56457
sh600714,600714,金瑞矿业,15.030,-0.25,-1.636,15.030,15.040,15.280,15.410,15.580,15.020,10951088,167100334,15:00:00,141.792,5.752,433128.938319,433128.938319,3.80014
sh600715,600715,文投控股,1.720,-0.02,-1.149,1.720,1.730,1.740,1.710,1.830,1.710,101165317,177400815,15:08:51,-172.0,6.459,698294.802,492328.025452,3.53432
sh600716,600716,凤凰股份,3.590,-0.04,-1.102,3.590,3.600,3.630,3.630,3.650,3.560,6338911,22875047,15:00:03,-8.678,0.755,336045.75181,336045.75181,0.67719
sh600717,600717,天津港,4.190,-0.05,-1.179,4.190,4.200,4.240,4.240,4.240,4.180,17423407,73211849,15:00:03,12.324,0.593,1212586.434922,1212586.434922,0.60205
sh600718,600718,东软集团,8.240,-0.1,-1.199,8.230,8.240,8.340,8.380,8.420,8.200,11704560,97109117,15:00:03,-26.581,1.114,985865.614048,985865.614048,0.97828
sh600719,600719,大连热电,7.800,-0.08,-1.015,7.790,7.800,7.880,7.860,7.910,7.700,13594600,106062461,15:08:51,-33.333,7.827,315587.688,315587.688,3.36001
sh600720,600720,中交设计,5.170,-0.07,-1.336,5.170,5.180,5.240,5.220,5.240,5.140,8718395,45095060,15:00:03,8.153,0.742,1186305.907105,521678.731607,0.86402
sh600721,600721,百花医药,14.500,0.47,3.35,14.490,14.500,14.030,13.600,15.090,13.000,184971401,2571709395,15:08:51,136.922,6.897,557594.07075,557594.07075,48.10104
sh600722,600722,金牛化工,12.520,0.66,5.565,12.520,12.530,11.860,11.760,12.520,11.170,138189346,1626093726,15:08:51,177.841,6.753,851760.234352,851760.234352,20.31241
sh600724,600724,宁波富达,5.060,-0.17,-3.25,5.050,5.060,5.230,5.250,5.250,5.050,10129475,51830114,15:00:03,39.874,2.587,731291.981926,731140.987984,0.70103
sh600725,600725,云维股份,3.260,-0.05,-1.511,3.260,3.270,3.310,3.310,3.310,3.240,12049200,39397531,15:08:51,-102.194,15.658,401785.22,401785.22,0.97765
sh600726,600726,华电能源,6.800,0.62,10.032,6.800,0.000,6.180,6.180,6.800,6.160,144133999,955907805,15:08:51,226.667,10.797,5376988.6228,5083228.62144,1.92813
sh600727,600727,鲁北化工,7.350,-0.14,-1.869,7.350,7.360,7.490,7.450,7.500,7.350,12689374,93969966,15:08:51,105.0,1.161,388508.604225,388508.604225,2.40064
sh600728,600728,佳都科技,4.690,-0.04,-0.846,4.690,4.700,4.730,4.730,4.830,4.690,31025453,147596196,15:00:03,57.125,1.266,1000189.053409,1000189.053409,1.45482
sh600729,600729,XD重百集,19.330,-0.46,-2.324,19.320,19.330,19.790,19.610,19.650,19.260,6707100,130176304,15:00:03,8.122,1.048,851395.797841,372069.337452,3.48452
sh600730,600730,*ST高科,9.990,-0.56,-5.308,9.990,10.000,10.550,10.650,10.690,9.910,15533013,159332581,15:00:01,-46.465,3.494,586069.345998,586069.345998,2.64772
sh600731,600731,湖南海利,5.730,-0.08,-1.377,5.730,5.740,5.810,5.790,5.820,5.720,4766400,27430414,15:00:03,13.041,0.986,317357.434368,310384.167045,0.87992
sh600732,600732,爱旭股份,12.150,-0.51,-4.028,12.150,12.160,12.660,12.600,12.670,12.150,40370400,496921593,15:08:51,-12.656,5.42,2569961.442645,2557882.79352,1.9176
sh600733,600733,北汽蓝谷,5.400,-0.17,-3.052,5.400,5.410,5.570,5.550,5.650,5.400,102361668,561713545,15:08:51,-6.585,5.709,3438263.13948,3264270.72174,1.69334
sh600734,600734,*ST实达,1.670,-0.03,-1.765,1.670,1.680,1.700,1.700,1.720,1.670,31758200,53707372,15:00:03,-24.963,15.875,363776.618702,363701.468702,1.45823
sh600735,600735,ST新华锦,6.170,-0.4,-6.088,6.170,6.180,6.570,6.170,6.370,6.170,10232200,63923320,15:00:03,-20.746,2.48,264556.161123,262503.777259,2.40502
sh600736,600736,苏州高新,6.830,0.04,0.589,6.830,6.840,6.790,6.770,6.920,6.770,34297345,235150316,15:00:03,160.706,1.055,786333.055481,786333.055481,2.97903
sh600737,600737,中粮糖业,12.670,-0.47,-3.577,12.660,12.670,13.140,12.880,12.960,12.610,46283020,591135924,15:08:51,28.491,2.33,2709920.704876,2709920.704876,2.16392
sh600738,600738,丽尚国潮,4.030,-0.03,-0.739,4.020,4.030,4.060,4.050,4.080,4.010,8165600,33003715,15:00:03,18.318,1.42,306818.100108,306548.476988,1.07348
sh600739,600739,XD辽宁成,10.750,0.01,0.093,10.740,10.750,10.740,10.760,10.910,10.710,16928411,183018090,15:08:51,22.22,0.555,1636489.6226,1636489.6226,1.11202
sh600740,600740,山西焦化,3.560,-0.08,-2.198,3.560,3.570,3.640,3.620,3.650,3.540,30904778,110427927,15:00:01,109.877,0.599,912115.130824,912115.130824,1.20622
sh600741,600741,华域汽车,15.520,-0.3,-1.896,15.520,15.530,15.820,15.830,15.830,15.520,13691580,214067894,15:00:03,6.789,0.718,4893027.623168,4893027.623168,0.43428
sh600742,600742,富维股份,7.640,-0.08,-1.036,7.630,7.640,7.720,7.710,7.750,7.630,6277343,48274442,15:00:01,12.206,0.666,567696.22032,567696.22032,0.8448
sh600743,600743,华远控股,2.300,-0.1,-4.167,2.300,2.310,2.400,2.390,2.420,2.300,42873320,101010529,15:00:00,-51.111,9.742,539603.20102,539603.20102,1.82743
sh600744,600744,华银电力,7.800,0.28,3.723,7.790,7.800,7.520,7.400,7.800,7.400,294083856,2241170923,15:08:51,255.738,12.291,1584276.93372,1584276.93372,14.47887
sh600745,600745,*ST闻泰,17.430,0.28,1.633,17.420,17.430,17.150,17.020,17.950,17.020,49430789,865045726,15:08:51,-2.479,0.971,2220354.101007,2220354.101007,3.88037
sh600746,600746,江苏索普,6.540,-0.18,-2.679,6.540,6.550,6.720,6.700,6.720,6.540,13794301,91059027,15:08:51,85.267,1.402,763769.246136,763769.246136,1.18118
sh600748,600748,上实发展,3.900,-0.15,-3.704,3.900,3.910,4.050,4.050,4.050,3.900,14958000,59027754,15:08:51,-11.471,0.696,719379.52788,719379.52788,0.81092
sh600749,600749,西藏旅游,14.150,-0.26,-1.804,14.140,14.150,14.410,14.390,14.470,14.140,5579900,79819230,15:08:51,135.536,3.088,321156.206555,321156.206555,2.45848
sh600750,600750,华润江中,24.080,-0.13,-0.537,24.080,24.090,24.210,24.240,24.400,23.950,5408931,130572558,15:00:03,16.839,3.546,1530496.599912,1514211.295912,0.86016
sh600751,600751,海航科技,3.210,-0.03,-0.926,3.210,3.220,3.240,3.260,3.270,3.200,33673311,108808851,15:00:01,90.423,1.231,930687.428343,825993.685692,1.30862
sh600753,600753,ST海钦,9.980,-0.03,-0.3,9.980,9.990,10.010,10.190,10.250,9.950,1134484,11466494,15:00:01,62.375,26.167,229846.56065,229846.56065,0.4926
sh600754,600754,锦江酒店,19.230,-0.25,-1.283,19.220,19.230,19.480,19.420,19.590,19.190,8995588,174285459,15:08:51,22.103,1.27,2046222.882426,1742322.733149,0.99284
sh600755,600755,厦门国贸,5.690,-0.09,-1.557,5.690,5.700,5.780,5.780,5.780,5.690,11426412,65518646,15:00:03,284.5,0.63,1216306.404193,1213198.179103,0.53591
sh600756,600756,浪潮软件,15.400,-0.97,-5.925,15.400,15.410,16.370,16.280,16.490,15.400,33923800,538974569,15:08:51,-19.012,2.409,538428.27962,499112.07962,10.46712
sh600757,600757,长江传媒,7.710,0,0,7.700,7.710,7.710,7.710,7.800,7.670,6815717,52606646,15:00:00,9.179,0.904,935724.360483,935606.266413,0.56166
sh600758,600758,辽宁能源,3.540,0.02,0.568,3.530,3.540,3.520,3.510,3.580,3.450,61786535,218104210,15:08:51,-16.857,0.877,467994.157476,467543.161476,4.67816
sh600759,600759,ST洲际,2.530,-0.04,-1.556,2.530,2.540,2.570,2.510,2.560,2.500,150583442,379968634,15:08:51,69.315,1.155,1049699.34784,1048352.50234,3.63405
sh600760,600760,中航沈飞,44.360,0.2,0.453,44.360,44.370,44.160,44.220,45.530,43.920,22975872,1027630702,15:08:51,35.206,5.288,12575746.955916,12551895.559836,0.812
sh600761,600761,安徽合力,16.680,-0.3,-1.767,16.670,16.680,16.980,17.020,17.060,16.630,14169600,237341930,15:00:01,12.175,1.332,1485675.525348,1485675.525348,1.59085
sh600763,600763,通策医疗,36.810,-0.23,-0.621,36.810,36.820,37.040,37.030,37.440,36.440,12217855,451244002,15:08:51,32.866,3.724,1646471.239677,1646471.239677,2.73153
sh600764,600764,中国海防,17.860,-0.55,-2.988,17.860,17.870,18.410,18.350,18.470,17.840,9379007,169967406,15:00:03,105.307,1.547,1269184.083396,1269184.083396,1.31982
sh600765,600765,中航重机,13.410,-0.12,-0.887,13.410,13.420,13.530,13.590,13.600,13.390,12265967,165662313,15:08:51,34.385,1.451,2081894.659173,2081894.659173,0.79008
sh600768,600768,宁波富邦,14.950,-0.02,-0.134,14.950,14.960,14.970,15.190,15.380,14.950,5077300,76903195,15:00:03,33.977,4.153,199952.064,199952.064,3.79619
sh600769,600769,祥龙电业,15.010,-0.38,-2.469,15.010,15.020,15.390,15.440,15.690,14.970,8505500,130557339,15:08:51,296.055,44.408,562840.7772,562840.7772,2.26827
sh600770,600770,综艺股份,5.200,-0.09,-1.701,5.200,5.210,5.290,5.310,5.410,5.200,25635700,136183504,15:08:51,61.979,1.986,676000.0,676000.0,1.97198
sh600771,600771,广誉远,14.310,0.21,1.489,14.300,14.310,14.100,14.040,14.480,13.810,16125096,230029185,15:08:51,110.077,4.122,700461.822771,700461.822771,3.29426
sh600773,600773,西藏城投,11.050,-0.29,-2.557,11.050,11.060,11.340,11.340,11.400,11.030,15996400,179005986,15:00:03,-19.052,2.48,1051503.485825,1051503.485825,1.68102
sh600774,600774,汉商集团,7.270,0.03,0.414,7.270,7.280,7.240,7.280,7.410,7.150,4901000,35722528,15:00:03,-12.268,1.449,214488.556254,214377.888679,1.66203
sh600775,600775,南京熊猫,10.060,-0.19,-1.854,10.060,10.070,10.250,10.180,10.340,10.050,27613979,280978919,15:08:51,859.829,2.955,919321.560174,675869.560174,4.11021
sh600776,600776,东方通信,12.830,-0.13,-1.003,12.830,12.840,12.960,13.020,13.200,12.820,12608800,164205723,15:08:51,45.002,4.219,1611448.082112,1226548.082112,1.31891
sh600777,600777,新潮能源,4.170,-0.09,-2.113,4.170,4.180,4.260,4.220,4.230,4.160,19354400,80968409,15:08:51,23.167,1.278,2835806.759025,2654685.547047,0.30402
sh600778,600778,友好集团,5.530,-0.09,-1.601,5.520,5.530,5.620,5.670,5.680,5.510,4799900,26676053,15:00:03,138.25,6.815,172254.717656,172101.829746,1.54231
sh600779,600779,XD水井坊,28.900,0.13,0.452,28.890,28.900,28.770,28.590,29.650,28.520,5220955,152171242,15:00:03,34.499,2.666,1408884.24222,1408884.24222,1.07096
sh600780,600780,通宝能源,5.960,0,0,5.950,5.960,5.960,5.960,5.990,5.940,8254857,49211037,15:00:06,10.543,0.797,683315.503708,683315.503708,0.72
sh600782,600782,新钢股份,2.720,-0.05,-1.805,2.710,2.720,2.770,2.770,2.780,2.710,38243600,104422610,15:00:03,272.0,0.341,866054.024528,855617.384528,1.21576
sh600783,600783,鲁信创投,18.540,0.89,5.042,18.540,18.550,17.650,17.710,19.050,17.710,36088479,669750054,15:08:51,97.579,3.136,1380042.131076,1380042.131076,4.84826
sh600784,600784,鲁银投资,8.040,-0.03,-0.372,8.030,8.040,8.070,8.010,8.190,8.010,9820906,79471926,15:08:51,32.16,1.636,543224.430708,543224.430708,1.45354
sh600785,600785,新华百货,8.870,-0.26,-2.848,8.860,8.870,9.130,9.130,9.160,8.850,9059259,81620995,15:00:03,26.879,1.213,280188.923504,280188.923504,2.86791
sh600787,600787,中储股份,4.600,-0.01,-0.217,4.590,4.600,4.610,4.610,4.630,4.560,14079542,64572300,15:08:51,18.327,0.714,998236.60772,998236.60772,0.6488
sh600789,600789,鲁抗医药,7.670,0.14,1.859,7.660,7.670,7.530,7.520,7.810,7.430,55108581,423080904,15:08:51,63.917,1.551,801660.559726,774898.717099,5.45468
sh600790,600790,轻纺城,3.320,-0.06,-1.775,3.310,3.320,3.380,3.360,3.380,3.310,12669022,42238634,15:00:03,-332.0,0.818,486642.588096,486642.588096,0.86431
sh600791,600791,京能置业,7.510,-0.47,-5.89,7.500,7.510,7.980,7.890,7.950,7.480,27616600,211009499,15:08:51,-2.912,-5.609,340112.88,339687.585696,6.10563
sh600792,600792,云煤能源,3.700,-0.06,-1.596,3.690,3.700,3.760,3.730,3.750,3.650,15307900,56560162,15:00:03,-8.409,1.683,410671.732,410671.732,1.37919
sh600793,600793,宜宾纸业,15.060,-0.24,-1.569,15.060,15.070,15.300,15.350,15.390,15.030,6544301,99350097,15:08:51,97.476,11.758,266417.427012,266417.427012,3.69935
sh600794,600794,保税科技,3.120,-0.04,-1.266,3.120,3.130,3.160,3.170,3.180,3.120,9900676,31088242,15:08:51,-39.0,1.498,374447.472984,374447.472984,0.82495
sh600795,600795,国电电力,5.070,0.03,0.595,5.060,5.070,5.040,5.040,5.080,5.010,99764375,504399958,15:08:51,12.612,1.48,9042658.874574,9042658.874574,0.55935
sh600796,600796,钱江生化,5.110,-0.02,-0.39,5.110,5.120,5.130,5.130,5.220,5.050,6869771,35210111,15:00:03,26.895,1.274,442825.326426,159165.201279,2.20554
sh600797,600797,浙大网新,7.370,-0.03,-0.405,7.360,7.370,7.400,7.390,7.830,7.360,58264530,440234239,15:08:51,-147.4,2.288,757286.93469,757286.93469,5.67037
sh600798,600798,宁波海运,3.230,-0.05,-1.524,3.220,3.230,3.280,3.270,3.270,3.220,12546500,40673588,15:00:01,142.291,0.987,389710.546923,389710.546923,1.03988
sh600800,600800,渤海化学,3.740,0.34,10,3.740,0.000,3.400,3.450,3.740,3.440,22965400,84934146,15:00:03,-6.448,4.242,415156.910784,415039.100784,2.06946
sh600801,600801,华新建材,22.800,-0.48,-2.062,22.800,22.810,23.280,23.410,23.500,22.800,11702112,269444127,15:08:51,16.642,1.442,4740110.07972,3059070.63972,0.87219
sh600802,600802,福建水泥,4.520,-0.08,-1.739,4.510,4.520,4.600,4.620,4.620,4.500,5637712,25598739,15:00:06,-16.318,2.264,207128.2768,207128.2768,1.23027
sh600803,600803,新奥股份,17.330,0.01,0.058,17.330,17.340,17.320,17.250,17.440,17.160,6325865,109326320,15:00:01,11.401,2.217,5363955.790431,5323302.383231,0.20594
sh600805,600805,悦达投资,4.420,-0.02,-0.45,4.410,4.420,4.440,4.430,4.470,4.410,5353288,23765828,15:00:03,102.791,0.881,376095.366348,375821.712656,0.62959
sh600807,600807,济高发展,2.630,-0.03,-1.128,2.630,2.640,2.660,2.670,2.670,2.600,15497200,40879628,15:00:01,-10.958,7.87,232658.934253,206985.856032,1.9691
sh600808,600808,马钢股份,2.490,-0.08,-3.113,2.480,2.490,2.570,2.560,2.570,2.480,77244600,193793575,15:00:03,-92.222,0.797,1917469.615314,1485970.045314,1.29437
sh600809,600809,山西汾酒,126.550,4.23,3.458,126.550,126.560,122.320,121.200,128.630,121.010,15016055,1893930563,15:08:51,12.607,3.429,15438647.22941,15438647.22941,1.23086
sh600810,600810,神马股份,6.180,-0.16,-2.524,6.180,6.190,6.340,6.330,6.360,6.180,9143728,57124724,15:08:51,-28.091,0.945,673977.826944,667905.358944,0.84605
sh600812,600812,华北制药,5.080,0.07,1.397,5.080,5.090,5.010,4.990,5.140,4.920,34199150,173270420,15:08:51,47.477,1.57,871591.02796,871591.02796,1.99327
sh600814,600814,杭州解百,6.690,-0.08,-1.182,6.690,6.700,6.770,6.770,6.780,6.670,5770500,38765034,15:00:03,21.581,1.285,491767.582062,491767.582062,0.78502
sh600815,600815,厦工股份,3.620,-0.06,-1.63,3.620,3.630,3.680,3.680,3.800,3.620,77128700,285975065,15:08:51,-88.293,4.417,642222.20176,642222.20176,4.3475
sh600816,600816,建元信托,2.590,0.04,1.569,2.590,2.600,2.550,2.580,2.700,2.540,136363920,355027300,15:08:51,217.647,1.667,2549712.097786,1416506.721021,2.49333
sh600817,600817,宇通重工,9.400,0,0,9.380,9.400,9.400,9.400,9.580,9.260,2805600,26393321,15:00:03,15.932,1.919,500142.83524,497722.33524,0.52987
sh600818,600818,ST中路,7.350,-0.14,-1.869,7.350,7.360,7.490,7.570,7.570,7.350,3268828,24307641,15:00:03,-40.833,4.73,236264.21385,174899.06385,1.3737
sh600819,600819,耀皮玻璃,5.400,-0.1,-1.818,5.400,5.410,5.500,5.520,5.540,5.390,6275844,34131596,15:00:01,38.571,1.362,527448.81942,426198.81834,0.79516
sh600820,600820,隧道股份,5.420,-0.04,-0.733,5.420,5.430,5.460,5.450,5.470,5.410,11167520,60761384,15:00:03,8.212,0.53,1704100.082948,1704100.082948,0.35519
sh600821,600821,金开新能,7.150,0.65,10,7.150,0.000,6.500,6.680,7.150,6.680,78632327,551932544,15:08:51,143.0,1.56,1406637.341395,1406637.341395,3.99692
sh600822,600822,上海物贸,8.490,-0.12,-1.394,8.490,8.500,8.610,8.650,8.700,8.490,3791400,32578304,15:00:03,141.5,3.393,421081.003986,336329.573892,0.95707
sh600824,600824,益民集团,3.600,-0.06,-1.639,3.590,3.600,3.660,3.650,3.660,3.570,10471600,37781360,15:00:01,31.304,1.498,379449.74628,379449.74628,0.99348
sh600825,600825,新华传媒,5.130,-0.02,-0.388,5.120,5.130,5.150,5.140,5.250,5.120,10834600,56112690,15:08:51,128.25,2.147,536027.46705,536027.46705,1.03692
sh600826,600826,兰生股份,7.940,-0.16,-1.975,7.940,7.950,8.100,8.090,8.120,7.930,4201300,33701846,15:00:03,17.644,1.326,575001.752992,575001.752992,0.58014
sh600827,600827,百联股份,7.710,-0.08,-1.027,7.700,7.710,7.790,7.810,7.820,7.690,14001699,108358635,15:00:03,22.029,0.668,1375593.618207,1237030.88832,0.87268
sh600828,600828,茂业商业,4.030,-0.04,-0.983,4.030,4.040,4.070,4.050,4.100,4.010,12898234,52291573,15:00:03,-28.4,1.038,697988.966038,697738.152943,0.74498
sh600829,600829,人民同泰,10.750,0.06,0.561,10.750,10.760,10.690,10.560,11.550,10.380,42570872,465296048,15:00:03,46.577,2.013,623380.241775,623380.241775,7.34122
sh600830,600830,香溢融通,8.110,-0.1,-1.218,8.110,8.120,8.210,8.220,8.250,8.100,4278400,34916030,15:00:03,45.819,1.626,368455.747817,368455.747817,0.94171
sh600831,600831,广电网络,3.410,-0.07,-2.011,3.410,3.420,3.480,3.450,3.510,3.410,12122800,41830006,15:08:51,-1.618,6.841,242432.924272,242432.924272,1.70516
sh600833,600833,第一医药,11.880,-0.61,-4.884,11.880,11.890,12.490,12.430,12.440,11.500,34442248,409398839,15:08:51,45.692,2.243,265026.580236,265026.580236,15.43898
sh600834,600834,申通地铁,7.380,-0.03,-0.405,7.360,7.380,7.410,7.390,7.410,7.320,1643400,12089426,15:00:03,64.965,2.021,352307.84589,352307.84589,0.34425
sh600835,600835,上海机电,18.820,-0.1,-0.529,18.810,18.820,18.920,18.950,19.220,18.770,5733811,108655621,15:00:03,24.442,1.341,1895728.71009,1517841.0926,0.71095
sh600838,600838,上海九百,7.460,-0.15,-1.971,7.460,7.470,7.610,7.550,7.610,7.450,7704701,57866944,15:00:03,65.959,1.937,299057.957826,299057.957826,1.92194
sh600839,600839,四川长虹,7.050,0.19,2.77,7.040,7.050,6.860,6.870,7.260,6.850,167294115,1174935764,15:08:51,32.913,2.114,3254452.17651,3253545.834855,3.62504
sh600841,600841,动力新科,5.810,-0.09,-1.525,5.810,5.820,5.900,5.910,6.000,5.810,15084097,89055383,15:00:03,2.807,1.256,806324.456504,605997.225204,1.44619
sh600843,600843,上工申贝,7.090,-0.13,-1.801,7.080,7.090,7.220,7.230,7.260,7.090,6885400,49394618,15:08:51,-35.012,1.864,505635.03432,332678.91557,1.46741
sh600844,600844,金煤科技,3.540,0.04,1.143,3.530,3.540,3.500,3.500,3.580,3.440,41545100,145749021,15:08:51,-21.248,45.443,359849.58096,291246.644436,5.04966
sh600845,600845,宝信软件,18.460,-0.27,-1.442,18.460,18.470,18.730,18.710,19.300,18.460,34398041,649591062,15:08:51,40.394,4.619,5275691.036902,3939463.966438,1.61186
sh600846,600846,同济科技,12.370,-0.24,-1.903,12.370,12.380,12.610,12.550,12.610,12.350,3858487,48148308,15:08:51,28.114,1.779,772829.995292,772829.995292,0.61759
sh600847,600847,万里股份,12.530,-0.17,-1.339,12.530,12.550,12.700,12.700,12.820,12.520,1959000,24773811,15:00:03,-35.8,4.008,192069.1122,192069.1122,1.27799
sh600848,600848,上海临港,8.650,-0.27,-3.027,8.650,8.660,8.920,8.880,8.920,8.630,9334877,81822943,15:00:03,22.763,1.301,2181951.25846,2070734.116145,0.38994
sh600850,600850,电科数字,15.090,-0.27,-1.758,15.090,15.100,15.360,15.350,15.760,15.070,15634540,240392296,15:08:51,31.418,2.509,1231703.879901,1231703.879901,1.91544
sh600851,600851,海欣股份,8.550,-0.06,-0.697,8.550,8.560,8.610,8.550,8.710,8.430,9739416,83855700,15:08:51,58.642,2.27,1032033.47166,631166.22405,1.31934
sh600853,600853,龙建股份,3.280,-0.02,-0.606,3.270,3.280,3.300,3.290,3.350,3.240,11697796,38464968,15:08:51,8.632,0.932,332493.29988,332493.29988,1.15397
sh600854,600854,春兰股份,4.480,-0.1,-2.183,4.480,4.490,4.580,4.560,4.580,4.470,6739400,30348880,15:00:03,18.234,0.939,232717.425024,232717.425024,1.29739
sh600855,600855,航天长峰,12.740,-0.1,-0.779,12.730,12.740,12.840,12.890,13.060,12.740,7595539,97974184,15:08:51,-34.79,4.269,596923.435472,595773.013472,1.62423
sh600857,600857,宁波中百,19.940,0.21,1.064,19.940,19.950,19.730,19.720,20.880,19.030,15519301,314733695,15:08:51,132.933,5.058,447293.918486,447293.918486,6.91838
sh600858,600858,银座股份,4.900,-0.06,-1.21,4.900,4.910,4.960,4.940,4.970,4.840,6992800,34346488,15:00:03,43.02,0.924,254832.62861,253598.53421,1.35114
sh600859,600859,王府井,10.150,-0.09,-0.879,10.140,10.150,10.240,10.220,10.230,10.100,13816483,140380079,15:08:51,-290.0,0.587,1140790.39536,1140685.48496,1.22941
sh600860,600860,京城股份,8.880,0.15,1.718,8.880,8.890,8.730,8.680,9.090,8.630,13230604,117470609,15:08:51,-88.8,5.889,486167.557344,394308.219744,2.97959
sh600861,600861,北京人力,12.990,-0.18,-1.367,12.990,13.000,13.170,13.200,13.210,12.940,3641948,47491396,15:00:03,6.286,0.971,735380.420682,735380.420682,0.64333
sh600862,600862,中航高科,18.040,-0.16,-0.879,18.030,18.040,18.200,18.220,18.290,18.030,9169658,166579297,15:08:51,24.378,3.169,2513060.589028,2513060.589028,0.65824
sh600863,600863,华能蒙电,5.010,-0.09,-1.765,5.010,5.020,5.100,5.110,5.250,5.000,252660606,1275244311,15:08:51,14.735,1.878,3925429.96956,3269970.793311,3.87107
sh600864,600864,哈投股份,5.460,-0.04,-0.727,5.460,5.470,5.500,5.500,5.570,5.460,29033528,160074526,15:08:51,32.118,0.881,1135991.50392,1135991.50392,1.39546
sh600865,600865,百大集团,8.990,-0.15,-1.641,8.990,9.000,9.140,9.100,9.200,8.960,8666623,78694850,15:00:01,299.667,1.464,338240.044084,338240.044084,2.30348
sh600866,600866,星湖科技,4.370,-0.04,-0.907,4.360,4.370,4.410,4.400,4.420,4.350,20285353,88900949,15:00:01,7.417,0.888,726063.533192,726063.533192,1.22093
sh600867,600867,通化东宝,8.590,0.2,2.384,8.580,8.590,8.390,8.370,8.630,8.200,59641787,506169504,15:08:51,13.855,2.324,1682388.290111,1682388.290111,3.04521
sh600868,600868,梅雁吉祥,3.120,0.27,9.474,3.110,3.120,2.850,2.850,3.140,2.810,173167954,525718230,15:08:51,-62.4,3.061,592222.387848,592222.387848,9.12299
sh600869,600869,远东股份,15.810,-0.59,-3.598,15.800,15.810,16.400,16.550,16.870,15.790,129432899,2115689538,15:08:51,592.135,8.157,3508796.691426,3508796.691426,5.83201
sh600871,600871,石化油服,2.170,-0.05,-2.252,2.160,2.170,2.220,2.210,2.220,2.150,145774070,316979448,15:08:51,62.0,4.279,4113678.945761,2939701.680167,1.07606
sh600872,600872,中炬高新,18.980,-0.27,-1.403,18.970,18.980,19.250,19.060,19.260,18.950,10160567,193723989,15:08:51,27.103,2.474,1469609.142716,1463335.1291,1.31786
sh600873,600873,梅花生物,7.920,0,0,7.910,7.920,7.920,7.920,7.960,7.750,24188707,190140096,15:08:57,6.769,1.353,2220959.3868,2220959.3868,0.86258
sh600874,600874,创业环保,5.570,-0.05,-0.89,5.560,5.570,5.620,5.610,5.630,5.560,5581500,31195868,15:00:03,10.127,0.83,874722.873345,685342.873345,0.45363
sh600875,600875,东方电气,27.040,-0.45,-1.637,27.040,27.050,27.490,27.560,27.890,27.020,46103806,1266374789,15:08:57,23.513,1.995,9351406.321504,6120143.27288,2.03696
sh600876,600876,凯盛新能,6.940,-0.21,-2.937,6.930,6.940,7.150,7.110,7.180,6.940,3178900,22363356,15:00:03,-4.887,1.63,448098.424322,274598.424322,0.80341
sh600877,600877,电科芯片,13.250,0.05,0.379,13.240,13.250,13.200,13.300,13.880,13.080,26083988,350802356,15:08:57,331.25,6.267,1568878.8269,1568878.8269,2.20293
sh600879,600879,航天电子,15.800,-0.08,-0.504,15.800,15.810,15.880,15.980,16.310,15.800,64319006,1031837251,15:08:57,228.986,2.497,5212892.94772,5212892.94772,1.94947
sh600880,600880,博瑞传播,4.030,-0.05,-1.225,4.030,4.040,4.080,4.080,4.180,4.030,22217100,91103358,15:00:03,-403.0,1.468,440612.833076,440491.160525,2.03262
sh600881,600881,亚泰集团,2.270,0.21,10.194,2.270,0.000,2.060,2.150,2.270,2.100,287398445,639190457,15:08:57,-3.603,17.068,733698.274276,733698.274276,8.89186
sh600882,600882,妙可蓝多,21.700,-0.49,-2.208,21.690,21.700,22.190,22.040,22.130,21.660,6545464,143173384,15:08:57,91.949,2.374,1103344.41399,1103344.41399,1.28733
sh600883,600883,博闻科技,7.530,-0.11,-1.44,7.530,7.540,7.640,7.620,7.660,7.450,3489800,26367997,15:00:03,74.114,1.81,177774.264,177774.264,1.47818
sh600884,600884,杉杉股份,11.990,-0.18,-1.479,11.990,12.000,12.170,12.240,12.250,11.980,46043378,555685052,15:08:57,57.095,1.196,2692521.470342,2200296.585454,2.50903
sh600885,600885,宏发股份,36.020,1.37,3.954,36.020,36.030,34.650,34.680,36.190,34.600,21629827,771378966,15:08:57,30.017,4.219,5574434.715426,5574434.715426,1.39764
sh600886,600886,国投电力,13.950,-0.05,-0.357,13.950,13.960,14.000,13.900,14.030,13.870,23240108,324119231,15:08:57,15.219,1.618,11166269.49549,10398580.816815,0.31177
sh600887,600887,伊利股份,25.890,-0.02,-0.077,25.890,25.900,25.910,25.890,26.040,25.770,32401536,838654540,15:08:57,14.148,2.748,16376358.766863,16294984.047669,0.51481
sh600888,600888,新疆众和,9.940,-0.19,-1.876,9.940,9.950,10.130,10.130,10.240,9.930,50830985,513356911,15:08:57,20.874,1.206,1543767.433306,1543767.433306,3.2729
sh600889,600889,*ST京化,13.700,-0.19,-1.368,13.690,13.700,13.890,13.960,13.960,13.680,1809900,25027465,15:00:03,-50.741,7.181,803627.40539,501894.0337,0.49404
sh600892,600892,大晟文化,3.860,-0.19,-4.691,3.850,3.860,4.050,4.040,4.210,3.850,69305500,277984137,15:08:57,-25.733,245.86,215953.176568,215897.340896,12.39104
sh600893,600893,航发动力,36.270,-0.42,-1.145,36.270,36.280,36.690,36.610,37.420,36.270,28081832,1032932078,15:08:57,151.125,2.404,9668110.301226,9666407.497266,1.05368
sh600894,600894,广日股份,7.800,-0.05,-0.637,7.790,7.800,7.850,7.830,7.850,7.760,3262100,25418110,15:08:57,9.589,0.743,660820.85862,657652.6671,0.3869
sh600895,600895,张江高科,32.620,-0.96,-2.859,32.620,32.630,33.580,33.590,33.600,32.600,32299113,1071159445,15:08:57,52.613,3.696,5051825.3121,5051825.3121,2.08558
sh600897,600897,厦门空港,14.630,-0.13,-0.881,14.620,14.630,14.760,14.750,14.770,14.600,962700,14133583,15:00:03,11.768,1.228,609974.442,609974.442,0.2309
sh600900,600900,长江电力,28.240,0.22,0.785,28.230,28.240,28.020,27.900,28.240,27.800,76607981,2149278508,15:08:57,20.027,3.032,69098246.829984,69098246.829984,0.31309
sh600901,600901,江苏金租,6.550,0,0,6.540,6.550,6.550,6.530,6.650,6.510,31178678,204737066,15:00:03,11.696,1.465,3793672.512305,3792746.342305,0.53845
sh600903,600903,贵州燃气,6.430,-0.03,-0.464,6.420,6.430,6.460,6.450,6.630,6.350,28676285,185397055,15:08:57,160.75,2.445,748442.51575,748442.51575,2.46363
sh600905,600905,三峡能源,3.770,0,0,3.760,3.770,3.770,3.760,3.780,3.750,66848779,251504261,15:08:57,29.045,1.201,10777544.103534,10777544.103534,0.23384
sh600906,600906,财达证券,6.660,0.09,1.37,6.650,6.660,6.570,6.570,6.770,6.560,43768474,293172651,15:08:57,28.957,1.727,2161170.0,1414740.4767,2.06043
sh600908,600908,无锡银行,5.400,-0.01,-0.185,5.390,5.400,5.410,5.410,5.420,5.370,11768347,63439764,15:00:03,5.347,0.512,1185128.1153,1079628.8391,0.58862
sh600909,600909,华安证券,8.250,-0.1,-1.198,8.240,8.250,8.350,8.410,8.470,8.230,115133243,963158369,15:08:57,18.333,1.571,4144972.65435,4144972.65435,2.29157
sh600916,600916,中国黄金,7.670,-0.22,-2.788,7.670,7.680,7.890,7.910,7.920,7.660,36472700,282576309,15:08:57,47.938,1.765,1288560.0,1288560.0,2.17099
sh600917,600917,重庆燃气,4.830,-0.02,-0.412,4.830,4.840,4.850,4.860,4.870,4.830,4391914,21314417,15:00:03,37.154,1.307,753982.20408,753982.20408,0.28135
sh600918,600918,中泰证券,5.620,0.03,0.537,5.610,5.620,5.590,5.580,5.680,5.580,36905159,208227218,15:08:57,31.222,0.996,4450107.639752,2564307.123406,0.80882
sh600919,600919,江苏银行,11.690,0.02,0.171,11.680,11.690,11.670,11.640,11.700,11.580,62312341,725762911,15:08:57,6.642,0.812,21452698.297247,21452698.297247,0.33955
sh600925,600925,苏能股份,4.340,-0.04,-0.913,4.330,4.340,4.380,4.390,4.390,4.320,7063100,30686603,15:00:03,132.722,1.919,2989777.777826,697025.086324,0.43978
sh600926,600926,杭州银行,16.180,0.25,1.569,16.170,16.180,15.930,15.880,16.180,15.850,35506698,570018836,15:08:57,6.083,0.837,11728886.122664,11728886.122664,0.48981
sh600927,600927,永安期货,13.110,0,0,13.100,13.110,13.110,13.120,13.260,13.070,4824000,63517454,15:08:57,29.133,1.419,1901532.944016,1901532.944016,0.33259
sh600928,600928,西安银行,3.540,-0.01,-0.282,3.530,3.540,3.550,3.560,3.560,3.520,15180700,53720828,15:00:03,5.9,0.439,1573333.33353,1565867.339364,0.34319
sh600929,600929,雪天盐业,5.210,-0.12,-2.251,5.210,5.220,5.330,5.330,5.410,5.200,14706675,77649241,15:00:03,110.851,1.13,854499.006376,854499.006376,0.89669
sh600930,600930,华电新能,4.200,-0.01,-0.238,4.190,4.200,4.210,4.210,4.250,4.180,175270493,738288629,15:08:57,23.333,1.586,17519999.99988,4512142.08312,1.63146
sh600933,600933,爱柯迪,13.790,-0.11,-0.791,13.790,13.800,13.900,13.920,14.080,13.770,10986221,152606871,15:00:03,11.686,1.444,1420396.605047,1352816.990434,1.11989
sh600935,600935,华塑股份,2.280,-0.03,-1.299,2.280,2.290,2.310,2.310,2.320,2.280,15195000,34848567,15:00:03,-57.0,1.38,819600.276768,799687.613136,0.43323
sh600936,600936,北投科技,5.960,-0.22,-3.56,5.960,5.970,6.180,6.160,6.210,5.960,88371976,538721231,15:08:57,-25.913,10.018,995931.638444,995931.638444,5.28849
sh600938,600938,中国海油,32.630,-0.22,-0.67,32.620,32.630,32.850,32.470,32.930,31.900,48573813,1573512373,15:08:57,12.696,1.853,155090239.84979,9756370.0,1.62454
sh600939,600939,重庆建工,2.610,-0.06,-2.247,2.600,2.610,2.670,2.670,2.680,2.600,12097300,31795980,15:00:03,-4.143,0.708,496545.960384,496545.960384,0.63587
sh600941,600941,中国移动,96.110,-0.11,-0.114,96.110,96.120,96.220,96.190,96.440,95.820,5661481,544440104,15:08:57,15.135,1.465,208435815.4167,8676501.969737,0.62712
sh600955,600955,维远股份,12.530,-0.27,-2.109,12.530,12.550,12.800,12.750,12.800,12.530,2765700,35016818,15:00:03,-6.923,0.898,689150.0,689150.0,0.50285
sh600956,600956,新天绿能,7.260,0.01,0.138,7.250,7.260,7.250,7.280,7.310,7.210,6592899,47892612,15:00:03,16.884,1.321,3267194.185398,1704712.379502,0.28078
sh600958,600958,东方证券,9.180,0.02,0.218,9.170,9.180,9.160,9.150,9.280,9.140,61256214,564581090,15:08:57,14.123,0.953,7799920.378056,6856985.269152,0.82009
sh600959,600959,江苏有线,3.100,-0.04,-1.274,3.100,3.110,3.140,3.160,3.180,3.090,38177050,119814357,15:00:03,62.0,0.682,1550222.48266,1550222.48266,0.76343
sh600960,600960,渤海汽车,3.990,-0.05,-1.238,3.980,3.990,4.040,4.030,4.070,3.970,7688500,30837126,15:00:03,22.658,1.077,379255.691682,379255.691682,0.80888
sh600961,600961,株冶集团,28.240,-1.06,-3.618,28.230,28.240,29.300,29.840,29.900,28.220,57567105,1670172002,15:08:57,28.525,5.995,3029792.513272,2123118.211952,7.65711
sh600962,600962,国投中鲁,25.760,-2.17,-7.769,25.750,25.760,27.930,27.850,27.890,25.690,15866355,420857332,15:08:57,165.022,7.133,675452.96,675452.96,6.05101
sh600963,600963,岳阳林纸,3.310,-0.06,-1.78,3.310,3.320,3.370,3.360,3.390,3.290,29384153,97657452,15:00:01,-25.462,0.765,581754.959674,581754.959674,1.67186
sh600965,600965,*ST福成,2.650,-0.01,-0.376,2.650,2.660,2.660,2.670,2.680,2.620,3168600,8399831,15:00:01,38.075,0.986,216955.753075,216955.753075,0.38703
sh600966,600966,博汇纸业,4.890,-0.15,-2.976,4.890,4.900,5.040,5.020,5.090,4.890,10827998,53510022,15:00:01,39.692,0.874,653716.856832,653716.856832,0.80997
sh600967,600967,内蒙一机,11.610,-0.16,-1.359,11.610,11.620,11.770,11.750,11.860,11.570,27558483,321984807,15:08:57,58.934,1.654,1975783.608387,1975783.608387,1.61938
sh600968,600968,海油发展,3.840,-0.03,-0.775,3.840,3.850,3.870,3.870,3.870,3.810,32017100,122876183,15:08:57,10.05,1.294,3903400.012416,3903400.012416,0.31497
sh600969,600969,郴电国际,8.630,0,0,8.630,8.640,8.630,8.590,8.730,8.500,8717700,75268673,15:00:03,41.832,0.877,319353.567692,319353.567692,2.35581
sh600970,600970,中材国际,7.800,-0.09,-1.141,7.790,7.800,7.890,7.870,7.910,7.740,16101212,126031701,15:08:57,7.156,0.874,2045014.08072,2045014.08072,0.61413
sh600971,600971,恒源煤电,8.290,-0.01,-0.12,8.260,8.290,8.300,8.270,8.330,8.130,13922425,114705109,15:00:00,-51.877,0.838,994804.048836,994804.048836,1.1602
sh600973,600973,宝胜股份,6.110,-0.08,-1.292,6.100,6.110,6.190,6.190,6.250,6.100,18221720,112396840,15:08:57,-203.667,2.475,837904.777528,837904.777528,1.32873
sh600975,600975,新五丰,4.980,0.04,0.81,4.970,4.980,4.940,4.920,5.010,4.870,13022200,64337746,15:08:57,-7.114,3.483,622331.54652,622331.54652,1.04206
sh600976,600976,健民集团,29.810,0.08,0.269,29.800,29.810,29.730,29.570,30.440,29.200,4265613,128030474,15:00:01,12.578,1.666,457281.2266,456983.1266,2.78255
sh600977,600977,中国电影,12.770,-0.47,-3.55,12.760,12.770,13.240,13.130,13.290,12.770,61433300,799894604,15:08:57,205.968,2.17,2384159.0,2384159.0,3.29048
sh600979,600979,广安爱众,4.160,0.08,1.961,4.160,4.170,4.080,4.070,4.310,4.050,72658084,302887148,15:08:57,-14.365,1.263,524503.456256,516541.565696,5.85156
sh600980,600980,北矿科技,18.790,-0.43,-2.237,18.780,18.790,19.220,19.180,19.300,18.780,2438800,46394919,15:00:03,28.552,2.402,363142.165354,355626.165354,1.28857
sh600981,600981,苏豪汇鸿,2.460,-0.01,-0.405,2.450,2.460,2.470,2.480,2.490,2.420,17723200,43585673,15:00:03,246.0,1.108,551638.565232,551638.565232,0.79036
sh600982,600982,宁波能源,5.100,-0.03,-0.585,5.100,5.110,5.130,5.100,5.160,5.070,28977600,148247353,15:08:57,17.126,1.249,569990.01735,569990.01735,2.59278
sh600983,600983,惠而浦,7.710,-0.15,-1.908,7.710,7.740,7.860,7.880,7.910,7.710,2685100,20995249,15:00:03,11.338,1.923,590924.469,590924.469,0.35033
sh600984,600984,建设机械,4.490,0,0,0.000,0.000,4.490,0.000,0.000,0.000,0,0,15:08:48,-2.569,3.155,564412.722325,564412.722325,0.0
sh600985,600985,淮北矿业,16.260,0.12,0.743,16.260,16.270,16.140,16.020,16.520,15.910,27029067,439236929,15:08:57,29.036,1.043,4379238.660834,4379238.660834,1.00358
sh600986,600986,浙文互联,8.000,-0.24,-2.913,7.990,8.000,8.240,8.220,8.620,8.000,158509393,1319279570,15:08:57,133.333,2.306,1189899.2496,1189899.2496,10.657
sh600987,600987,航民股份,6.610,-0.12,-1.783,6.600,6.610,6.730,6.720,6.750,6.600,7273746,48378061,15:00:03,9.181,0.987,674761.275053,674761.275053,0.71254
sh600988,600988,赤峰黄金,38.660,-2.32,-5.661,38.660,38.670,40.980,41.000,41.530,38.600,78923962,3133762203,15:08:57,22.876,5.142,7346989.614148,6432681.387348,4.74328
sh600989,600989,宝丰能源,22.810,-0.62,-2.646,22.810,22.820,23.430,23.600,23.640,22.800,77898462,1803842479,15:08:57,14.622,3.03,16727394.16,16727394.16,1.06225
sh600990,600990,四创电子,18.900,0.67,3.675,18.890,18.900,18.230,18.240,19.680,18.180,10453232,197784779,15:08:57,-13.578,3.286,508433.99544,508433.99544,3.88578
sh600992,600992,贵绳股份,9.900,-0.19,-1.883,9.900,9.910,10.090,10.210,10.290,9.900,7685670,77370002,15:08:57,81.015,1.698,242639.1,242639.1,3.13586
sh600993,600993,马应龙,23.280,-0.17,-0.725,23.270,23.280,23.450,23.400,23.590,23.150,7234484,168773448,15:00:03,17.244,2.185,1003493.458248,1001780.224848,1.68119
sh600995,600995,南网储能,12.650,-0.08,-0.628,12.640,12.650,12.730,12.730,12.770,12.630,10118800,128419969,15:08:57,23.868,1.75,4042947.343325,4042947.343325,0.31661
sh600996,600996,贵广网络,7.030,-0.1,-1.403,7.030,7.040,7.130,7.120,7.300,7.030,18083213,129265664,15:08:57,-6.632,5.586,876500.297362,876500.297362,1.45037
sh600997,600997,开滦股份,5.420,-0.08,-1.455,5.410,5.420,5.500,5.500,5.530,5.410,7615291,41519823,15:00:01,-271.0,0.636,860587.519242,860587.519242,0.47961
sh600998,600998,九州通,5.090,0.05,0.992,5.090,5.100,5.040,5.050,5.150,4.950,45553731,230830774,15:08:57,11.568,0.933,2566617.349106,2566617.349106,0.9034
sh600999,600999,招商证券,18.240,0.01,0.055,18.240,18.250,18.230,18.240,18.600,18.210,55376969,1019157493,15:08:57,13.511,1.276,15862464.894144,13537737.616128,0.74612
sh601000,601000,唐山港,4.530,-0.06,-1.307,4.530,4.540,4.590,4.590,4.590,4.500,34580015,157126838,15:00:01,13.434,1.225,2684445.662142,2684445.662142,0.58354
sh601001,601001,晋控煤业,17.160,-0.3,-1.718,17.160,17.170,17.460,17.310,17.510,17.030,14392717,248136599,15:08:57,15.743,1.469,2872069.2,2872069.2,0.85993
sh601002,601002,晋亿实业,5.290,-0.08,-1.49,5.280,5.290,5.370,5.350,5.380,5.250,13082797,69761990,15:00:03,21.16,1.158,508713.23088,504899.14088,1.37073
sh601003,601003,柳钢股份,3.690,-0.12,-3.15,3.690,3.700,3.810,3.790,3.800,3.680,22029252,82271091,15:08:57,14.192,1.035,972027.833499,945670.6908,0.85958
sh601005,601005,重庆钢铁,1.200,-0.02,-1.639,1.200,1.210,1.220,1.220,1.230,1.200,73184300,88820079,15:00:03,-3.871,0.84,1153120.74288,997636.38804,0.88029
sh601006,601006,大秦铁路,4.720,-0.03,-0.632,4.710,4.720,4.750,4.750,4.750,4.710,90838788,429489054,15:08:57,15.733,0.564,9375285.391216,9375285.391216,0.45733
sh601007,601007,金陵饭店,6.680,-0.06,-0.89,6.680,6.690,6.740,6.720,6.770,6.680,4675199,31433725,15:00:03,40.982,1.612,260520.0,260520.0,1.19877
sh601008,601008,连云港,4.340,-0.03,-0.686,4.340,4.350,4.370,4.380,4.390,4.330,6071700,26432596,15:00:03,31.0,1.273,538436.894604,538436.894604,0.4894
sh601009,601009,南京银行,11.210,-0.02,-0.178,11.200,11.210,11.230,11.230,11.250,11.120,34225001,383048833,15:00:00,6.369,0.737,13859558.881645,13859558.881645,0.27682
sh601010,601010,ST文峰,1.440,-0.02,-1.37,1.430,1.440,1.460,1.460,1.470,1.430,22672050,32728409,15:00:03,-28.8,0.631,260452.2528,260452.2528,1.2535
sh601011,601011,宝泰隆,2.670,-0.07,-2.555,2.670,2.680,2.740,2.740,2.750,2.660,28053652,75460784,15:08:57,-15.706,0.944,511482.431913,511482.431913,1.46443
sh601012,601012,隆基绿能,12.700,-0.44,-3.349,12.700,12.710,13.140,13.050,13.120,12.680,131325699,1690314678,15:08:57,-14.941,1.907,9624147.81796,9624138.23454,1.73297
sh601015,601015,陕西黑猫,3.380,-0.1,-2.874,3.370,3.380,3.480,3.470,3.480,3.370,46568302,159043897,15:08:57,-5.828,1.435,690364.201982,690364.201982,2.27997
sh601016,601016,节能风电,3.700,0.03,0.817,3.700,3.710,3.670,3.640,3.740,3.620,272704091,1007307106,15:08:57,34.906,1.36,2421460.29138,2234155.07335,4.51627
sh601018,601018,宁波港,3.330,0,0,3.330,3.340,3.330,3.330,3.360,3.310,42286278,141156063,15:00:03,12.333,0.79,6478311.336867,6478311.336867,0.21736
sh601019,601019,山东出版,6.920,-0.03,-0.432,6.920,6.930,6.950,6.980,7.010,6.890,8455201,58707411,15:00:03,12.357,0.919,1444134.8,1444134.8,0.40516
sh601020,601020,华钰矿业,21.910,-0.89,-3.904,21.900,21.910,22.800,22.900,23.410,21.900,34521523,778435238,15:08:57,20.67,4.178,1796542.653318,1796542.653318,4.21012
sh601021,601021,春秋航空,44.480,-0.54,-1.199,44.480,44.490,45.020,44.950,45.050,44.470,5433218,242671005,15:00:03,18.689,2.334,4351627.065504,4351627.065504,0.55535
sh601022,601022,宁波远洋,7.990,-0.05,-0.622,7.990,8.000,8.040,8.070,8.130,7.980,4598700,36934097,15:00:03,15.98,1.665,1045598.033866,1045598.033866,0.35141
sh601026,601026,道生天合,16.630,1.51,9.987,16.630,0.000,15.120,15.180,16.630,15.110,13382951,215261794,15:00:03,44.946,4.159,1096582.2,184735.50247,12.04741
sh601033,601033,永兴股份,14.250,-0.01,-0.07,14.230,14.250,14.260,14.250,14.390,14.170,2789257,39767543,15:00:03,14.844,1.16,1282500.0,342000.0,1.16219
sh601038,601038,一拖股份,12.860,-0.2,-1.531,12.860,12.870,13.060,13.030,13.140,12.850,6052520,78367631,15:09:00,17.797,1.757,1445007.82365,940972.98365,0.82718
sh601058,601058,赛轮轮胎,13.380,-0.21,-1.545,13.380,13.390,13.590,13.610,13.620,13.380,20647634,277881171,15:09:00,12.389,1.963,4399478.146542,4399478.146542,0.62795
sh601059,601059,信达证券,16.800,0.05,0.299,16.790,16.800,16.750,16.750,16.870,16.670,5481064,92130900,15:00:03,31.111,2.534,5448240.0,5448240.0,0.16901
sh601061,601061,中信金属,11.600,-0.44,-3.654,11.590,11.600,12.040,11.980,12.100,11.580,21486167,254066496,15:00:03,21.091,2.346,5684000.0,5684000.0,0.43849
sh601065,601065,江盐集团,6.760,-0.11,-1.601,6.760,6.770,6.870,6.850,6.870,6.740,4999291,33973601,15:00:03,17.333,0.965,434516.629404,434516.629404,0.77777
sh601066,601066,中信建投,25.970,0.27,1.051,25.970,25.980,25.700,25.750,26.470,25.730,32465064,849784059,15:09:00,23.826,2.335,20144136.387809,16869257.677895,0.4998
sh601068,601068,中铝国际,4.460,-0.14,-3.043,4.450,4.460,4.600,4.650,4.660,4.440,16041340,72413777,15:00:01,122.527,4.329,1332165.413282,1141577.437482,0.62672
sh601069,601069,西部黄金,27.540,-1.36,-4.706,27.540,27.550,28.900,29.100,29.490,27.540,28803554,815224505,15:09:00,53.382,4.773,2508891.584742,2443316.972022,3.24661
sh601077,601077,渝农商行,6.530,0,0,6.520,6.530,6.530,6.520,6.560,6.440,60917064,396793527,15:09:00,6.219,0.546,7416121.0,5771372.293077,0.68924
sh601083,601083,锦江航运,11.190,-0.06,-0.533,11.190,11.200,11.250,11.280,11.290,11.160,3429400,38460133,15:00:00,9.647,1.496,1448120.28,217220.28,1.76664
sh601086,601086,国芳集团,7.980,-0.21,-2.564,7.980,7.990,8.190,8.140,8.200,7.980,15126500,121844158,15:09:00,72.545,3.261,531468.0,531468.0,2.27125
sh601088,601088,中国神华,44.340,0.27,0.613,44.330,44.340,44.070,43.870,44.450,43.600,26947694,1189306493,15:09:00,16.669,2.0,96170951.703936,73121262.29247,0.16341
sh601089,601089,福元医药,18.400,0.27,1.489,18.400,18.410,18.130,18.220,18.750,17.800,4864691,89552836,15:00:03,18.4,2.279,883200.0,883200.0,1.01348
sh601096,601096,宏盛华源,4.320,-0.03,-0.69,4.320,4.330,4.350,4.340,4.380,4.300,25042600,108470191,15:00:01,31.146,2.424,1155666.998016,709765.865712,1.52422
sh601098,601098,中南传媒,10.300,-0.01,-0.097,10.290,10.300,10.310,10.340,10.430,10.280,7552302,78126791,15:00:03,11.573,1.118,1849880.0,1849880.0,0.42051
sh601099,601099,太平洋,3.430,0.01,0.292,3.420,3.430,3.420,3.420,3.480,3.420,100649133,347004962,15:09:00,110.645,2.354,2337996.51491,2337996.51491,1.47659
sh601100,601100,恒立液压,106.010,0.66,0.626,106.010,106.030,105.350,105.330,108.300,104.810,5630782,602899792,15:09:00,51.966,7.947,14214043.336192,14214043.336192,0.41995
sh601101,601101,昊华能源,12.570,-0.06,-0.475,12.570,12.580,12.630,12.610,12.880,12.400,37515356,472921344,15:09:00,34.917,1.47,1810077.392982,1810077.392982,2.60524
sh601106,601106,中国一重,3.150,-0.03,-0.943,3.150,3.160,3.180,3.170,3.210,3.150,52429381,166643062,15:00:03,-69.383,4.182,2160201.622005,2160201.622005,0.76452
sh601107,601107,四川成渝,5.530,0.01,0.181,5.530,5.540,5.520,5.520,5.540,5.470,6573000,36224261,15:00:01,11.882,0.974,1691107.18,1195995.22,0.30392
sh601108,601108,财通证券,8.980,0.61,7.288,8.970,8.980,8.370,8.360,9.210,8.350,243168074,2187884393,15:09:00,15.754,1.094,4170104.55302,4170104.55302,5.23644
sh601111,601111,中国国航,5.940,-0.05,-0.835,5.940,5.950,5.990,5.980,6.010,5.930,41323306,246330228,15:09:00,-54.0,2.767,12172581.25182,6913037.027556,0.35507
sh601112,601112,振石股份,15.100,-0.38,-2.455,15.100,15.110,15.480,15.490,15.550,15.100,4945904,75702778,15:09:00,30.2,3.999,2627953.21417,275935.135,2.70655
sh601113,601113,华鼎股份,3.410,-0.05,-1.445,3.410,3.420,3.460,3.460,3.480,3.410,8255301,28350900,15:00:01,17.05,1.141,461765.909066,376515.909066,0.74766
sh601116,601116,三江购物,10.800,-0.11,-1.008,10.800,10.810,10.910,10.950,11.030,10.800,11599801,126804337,15:09:00,31.56,1.766,591492.672,591492.672,2.11799
sh601117,601117,中国化学,7.470,-0.09,-1.19,7.460,7.470,7.560,7.550,7.560,7.440,60310903,451703959,15:09:00,7.047,0.662,4560853.814514,4547786.319414,0.99064
sh601118,601118,海南橡胶,5.410,-0.08,-1.457,5.400,5.410,5.490,5.500,5.550,5.380,48038055,261663262,15:09:00,-224.481,2.42,2315170.438177,2315170.438177,1.12253
sh601121,601121,宝地矿业,7.130,-0.12,-1.655,7.120,7.130,7.250,7.380,7.450,7.100,14955400,108161401,15:09:00,39.611,1.604,701765.079324,570400.0,1.86943
sh601126,601126,四方股份,47.100,1.19,2.592,47.100,47.110,45.910,46.450,49.880,46.260,41194583,1974200695,15:09:00,47.1,7.589,3923926.905,3886152.234,4.99277
sh601127,601127,赛力斯,54.280,-1.55,-2.776,54.280,54.290,55.830,55.660,55.980,54.260,23807927,1310513167,15:09:00,14.75,2.289,9455495.046808,8452500.011776,1.52889
sh601128,601128,常熟银行,6.130,0.02,0.327,6.130,6.140,6.110,6.110,6.150,6.090,34642178,212034088,15:00:03,4.827,0.62,2236333.876572,2236333.876572,0.94957
sh601133,601133,柏诚股份,26.160,-0.52,-1.949,26.150,26.160,26.680,26.910,27.580,26.100,13630567,367146702,15:09:00,67.077,4.547,1376545.957128,1371795.722304,2.59933
sh601136,601136,首创证券,14.390,-0.16,-1.1,14.390,14.400,14.550,14.580,14.700,14.370,13731459,199590071,15:09:00,36.897,2.78,3933267.3382,3933267.3382,0.50237
sh601137,601137,博威合金,17.840,-0.06,-0.335,17.840,17.850,17.900,18.050,18.330,17.770,13680289,246531471,15:09:00,118.933,1.746,1637938.446688,1637938.446688,1.49002
sh601138,601138,工业富联,65.230,-0.37,-0.564,65.230,65.240,65.600,67.990,68.080,65.200,146889710,9785252845,15:09:00,36.646,7.365,129443013.96853,129443013.96853,0.74022
sh601139,601139,深圳燃气,6.230,-0.05,-0.796,6.230,6.240,6.280,6.280,6.300,6.220,18619900,116305860,15:00:03,12.714,1.086,1792211.795465,1792211.795465,0.64726
sh601155,601155,新城控股,11.550,-0.62,-5.094,11.540,11.550,12.170,12.000,12.100,11.520,35449614,414008032,15:09:00,38.5,0.421,2605244.39868,2605244.39868,1.57161
sh601156,601156,东航物流,17.910,-0.4,-2.185,17.910,17.920,18.310,18.300,18.340,17.910,10473015,188790439,15:00:03,10.598,1.407,2843312.000796,1691770.640796,1.10873
sh601158,601158,重庆水务,4.160,-0.01,-0.24,4.150,4.160,4.170,4.160,4.190,4.140,5279282,21983198,15:00:03,24.471,1.141,1996812.529504,1996812.529504,0.10998
sh601162,601162,天风证券,3.800,0.07,1.877,3.790,3.800,3.730,3.730,3.880,3.730,329689035,1258485348,15:09:00,190.0,1.397,3828114.38892,3267228.78012,3.8345
sh601163,601163,三角轮胎,13.070,-0.15,-1.135,13.070,13.080,13.220,13.200,13.240,13.060,2305900,30238741,15:00:03,11.365,0.738,1045600.0,1045600.0,0.28824
sh601166,601166,兴业银行,18.170,0.07,0.387,18.170,18.180,18.100,18.070,18.180,18.020,69769968,1262072950,15:09:00,5.251,0.462,38452915.735121,38452915.735121,0.32968
sh601168,601168,西部矿业,36.300,-2.06,-5.37,36.300,36.310,38.360,38.000,38.430,36.230,100397920,3753283344,15:09:00,23.725,3.858,8650290.0,8650290.0,4.21309
sh601169,601169,北京银行,4.990,-0.02,-0.399,4.990,5.000,5.010,5.010,5.020,4.980,106222454,530531947,15:09:00,6.397,0.372,10550349.151728,10550349.151728,0.5024
sh601177,601177,杭齿前进,13.240,-0.26,-1.926,13.240,13.250,13.500,13.510,13.590,13.240,5613639,75382887,15:09:00,20.933,1.854,539812.674,532799.446,1.39498
sh601179,601179,中国西电,13.850,0.06,0.435,13.840,13.850,13.790,13.790,14.070,13.680,145389300,2022268320,15:09:00,55.914,3.04,7099347.05752,7099347.05752,2.83638
sh601186,601186,中国铁建,6.070,-0.05,-0.817,6.070,6.080,6.120,6.130,6.130,6.060,30534101,185925363,15:09:00,5.144,0.297,8242781.6905,6982470.0185,0.26544
sh601187,601187,厦门银行,7.400,0.06,0.817,7.390,7.400,7.340,7.310,7.420,7.270,14382200,105869578,15:09:00,8.222,0.716,1952954.63712,1948701.26808,0.54615
sh601188,601188,龙江交通,2.870,-0.03,-1.034,2.870,2.880,2.900,2.890,2.910,2.860,14229696,40956651,15:00:03,22.283,0.828,374669.865605,374669.865605,1.09001
sh601198,601198,东兴证券,13.880,0.03,0.217,13.870,13.880,13.850,13.850,13.950,13.810,21581458,299805286,15:00:03,21.453,1.474,4486634.38176,4486634.38176,0.66765
sh601199,601199,江南水务,6.400,0.02,0.313,6.390,6.400,6.380,6.310,6.590,6.310,25567132,165218807,15:09:00,16.0,1.273,598534.58688,598534.58688,2.73384
sh601200,601200,上海环境,6.980,-0.04,-0.57,6.980,6.990,7.020,7.030,7.040,6.960,6729296,47036545,15:00:03,15.58,0.795,939668.715198,939668.715198,0.49986
sh601208,601208,东材科技,46.920,-1.48,-3.058,46.910,46.920,48.400,49.050,50.000,46.660,76466222,3698190514,15:09:00,154.291,7.786,4739778.368556,4739778.368556,7.56954
sh601211,601211,国泰海通,18.150,0.13,0.721,18.150,18.160,18.020,18.070,18.260,18.030,62446451,1134430671,15:09:00,10.431,0.977,31909620.17562,24410160.10356,0.46432
sh601212,601212,白银有色,5.490,-0.29,-5.017,5.490,5.500,5.780,5.750,5.840,5.490,228817207,1289303661,15:09:00,-53.824,2.558,4065221.206539,4065221.206539,3.09013
sh601216,601216,君正集团,4.480,-0.05,-1.104,4.480,4.490,4.530,4.530,4.540,4.480,45259903,203690247,15:09:00,11.394,1.266,3780231.79072,3780231.79072,0.53638
sh601218,601218,吉鑫科技,4.650,-0.1,-2.105,4.650,4.660,4.750,4.760,4.780,4.640,36678112,172270880,15:09:00,33.333,1.486,450600.58308,450600.58308,3.78502
sh601222,601222,林洋能源,5.590,-0.07,-1.237,5.580,5.590,5.660,5.660,5.670,5.570,16672264,93450250,15:09:00,46.583,0.753,1141042.067204,1141042.067204,0.81678
sh601225,601225,陕西煤业,25.080,-0.12,-0.476,25.070,25.080,25.200,25.020,25.360,24.680,29994034,751812122,15:09:00,14.497,2.382,24315060.0,24315060.0,0.30938
sh601226,601226,华电科工,6.220,-0.13,-2.047,6.220,6.230,6.350,6.350,6.350,6.220,8227300,51627570,15:09:00,46.28,1.663,722903.1414,722903.1414,0.70789
sh601228,601228,广州港,3.030,-0.02,-0.656,3.020,3.030,3.050,3.050,3.060,3.020,14030000,42636855,15:00:03,27.798,1.062,2285992.999353,2285992.999353,0.18596
sh601229,601229,上海银行,9.310,0.04,0.431,9.310,9.320,9.270,9.250,9.350,9.250,45155000,420236273,15:00:03,5.642,0.523,13228615.064147,13228615.064147,0.31779
sh601231,601231,环旭电子,27.220,-0.91,-3.235,27.210,27.220,28.130,28.690,28.690,27.080,30753791,859588918,15:09:00,32.024,2.812,6502682.915516,6502682.915516,1.28734
sh601233,601233,桐昆股份,22.670,-0.66,-2.829,22.660,22.670,23.330,23.110,23.330,22.660,35960719,826825017,15:09:00,26.36,1.341,5393196.37783,5383381.92274,1.51434
sh601236,601236,红塔证券,6.980,-0.03,-0.428,6.980,6.990,7.010,7.020,7.090,6.980,10848054,76306819,15:00:01,26.846,1.281,3275877.126788,3275877.126788,0.23114
sh601238,601238,广汽集团,5.150,-0.15,-2.83,5.150,5.160,5.300,5.300,5.300,5.140,26135757,136217858,15:09:00,-6.059,0.504,5251488.9385,3802604.261425,0.35397
sh601279,601279,英利汽车,3.240,-0.04,-1.22,3.230,3.240,3.280,3.270,3.290,3.230,8662700,28217962,15:00:03,-61.132,1.239,513794.65914,513794.65914,0.54627
sh601288,601288,农业银行,6.560,0.12,1.863,6.550,6.560,6.440,6.390,6.560,6.390,515235465,3351317420,15:09:00,8.41,0.812,229588870.22069,209424202.26971,0.16139
sh601298,601298,青岛港,8.690,-0.07,-0.799,8.690,8.700,8.760,8.740,8.780,8.680,4762528,41535003,15:00:03,10.728,1.198,5640765.9,4685713.175,0.08832
sh601311,601311,骆驼股份,7.760,-0.12,-1.523,7.750,7.760,7.880,7.870,7.880,7.750,13668176,106643565,15:00:03,10.93,0.889,910361.387568,910361.387568,1.16509
sh601318,601318,中国平安,52.800,0.2,0.38,52.800,52.810,52.600,52.490,52.980,52.310,52400643,2760533680,15:09:00,6.875,0.939,95608349.7336,56285143.63824,0.49156
sh601319,601319,中国人保,7.030,0.05,0.716,7.020,7.030,6.980,6.970,7.040,6.950,51307998,359476553,15:09:00,6.695,0.976,31089465.379849,24954922.877849,0.14454
sh601326,601326,秦港股份,3.330,-0.03,-0.893,3.330,3.340,3.360,3.370,3.370,3.300,21836701,72812524,15:00:03,11.483,0.897,1860608.196,1584267.147,0.45899
sh601328,601328,交通银行,6.930,0.02,0.289,6.930,6.940,6.910,6.900,6.940,6.870,116243914,803067032,15:09:00,6.417,0.526,61236102.466539,18068200.621317,0.44585
sh601330,601330,绿色动力,7.170,-0.01,-0.139,7.170,7.180,7.180,7.160,7.260,7.100,10042779,72056121,15:00:03,16.295,1.24,1025729.300166,709181.119302,1.01535
sh601333,601333,广深铁路,2.930,-0.01,-0.34,2.930,2.940,2.940,2.940,2.950,2.910,65301499,191036583,15:09:00,14.555,0.717,2075476.341,1656105.441,1.15532
sh601336,601336,新华保险,58.490,-0.34,-0.578,58.490,58.500,58.830,58.720,59.040,58.410,13389377,785924227,15:09:00,5.029,1.477,18246228.0634,12197734.69966,0.64204
sh601339,601339,百隆东方,7.850,-0.19,-2.363,7.850,7.860,8.040,8.060,8.100,7.830,8754974,69035160,15:00:03,17.841,1.278,1177161.665,1177161.665,0.58383
sh601360,601360,三六零,9.390,-0.19,-1.983,9.380,9.390,9.580,9.580,9.800,9.380,104559855,1001518221,15:09:00,234.75,2.251,6572584.848381,6572584.848381,1.49381
sh601366,601366,利群股份,3.580,-0.05,-1.377,3.570,3.580,3.630,3.640,3.650,3.550,8806845,31604584,15:00:03,-9.421,0.786,343587.318454,343587.318454,0.91763
sh601368,601368,绿城水务,4.520,-0.04,-0.877,4.510,4.520,4.560,4.550,4.560,4.480,5332080,24088996,15:00:03,41.929,0.825,399103.830804,399103.830804,0.60388
sh601369,601369,陕鼓动力,8.970,-0.24,-2.606,8.970,8.980,9.210,9.210,9.210,8.960,13359201,121145605,15:09:00,20.517,1.7,1545956.619324,1530471.528924,0.78297
sh601375,601375,中原证券,4.150,0.01,0.242,4.150,4.160,4.140,4.150,4.200,4.140,40200365,167246671,15:09:00,42.261,1.324,1926797.1505,1430720.6755,1.16607
sh601377,601377,兴业证券,5.880,0.01,0.17,5.870,5.880,5.870,5.880,5.930,5.870,58010005,342120890,15:09:00,18.602,0.897,5077960.528872,5077960.528872,0.67172
sh601388,601388,怡球资源,3.290,-0.07,-2.083,3.280,3.290,3.360,3.350,3.360,3.280,38766108,128458664,15:09:00,42.617,1.544,724202.240664,724202.240664,1.76112
sh601390,601390,中国中铁,4.390,-0.06,-1.348,4.390,4.400,4.450,4.450,4.460,4.390,85982220,379534789,15:09:00,5.177,0.335,10769245.234431,8922201.024431,0.42306
sh601398,601398,工商银行,7.600,0.08,1.064,7.590,7.600,7.520,7.480,7.600,7.460,388954792,2933914637,15:09:00,7.6,0.687,270868755.38764,204905281.52964,0.14426
sh601399,601399,国机重装,3.240,-0.08,-2.41,3.230,3.240,3.320,3.300,3.310,3.230,80482617,262782847,15:09:00,50.389,1.571,2337192.10836,2337192.10836,1.11571
sh601456,601456,国联民生,9.040,0.02,0.222,9.030,9.040,9.020,9.050,9.130,9.010,21299528,193319381,15:00:03,25.111,0.96,5135255.896624,3956791.381768,0.48663
sh601500,601500,通用股份,3.990,-0.05,-1.238,3.990,4.000,4.040,4.040,4.060,3.980,13228920,53134069,15:00:03,30.692,1.029,631617.293265,631617.293265,0.83569
sh601512,601512,中新集团,7.830,-0.18,-2.247,7.830,7.850,8.010,8.030,8.050,7.820,3003900,23702266,15:00:03,11.186,0.761,1173630.87,1173630.87,0.20041
sh601515,601515,衢州东峰,3.480,-0.13,-3.601,3.470,3.480,3.610,3.590,3.610,3.450,18315960,64893462,15:00:03,-14.5,1.367,669715.793508,669715.793508,0.95174
sh601518,601518,吉林高速,2.770,-0.02,-0.717,2.770,2.790,2.790,2.790,2.820,2.770,10179700,28406893,15:00:03,10.654,0.898,523683.227813,523683.227813,0.53845
sh601519,601519,大智慧,8.220,-0.03,-0.364,8.220,8.230,8.250,8.240,8.420,8.220,32967862,274250029,15:09:00,-373.636,12.605,1635089.52,1635089.52,1.65738
sh601528,601528,瑞丰银行,4.860,0.01,0.206,4.860,4.870,4.850,4.850,4.880,4.820,14135820,68634704,15:00:03,4.86,0.472,953610.43797,901904.650596,0.76172
sh601555,601555,东吴证券,8.030,0.03,0.375,8.030,8.040,8.000,7.980,8.080,7.980,26155944,210420119,15:09:00,11.31,0.912,3989868.378111,3989868.378111,0.52641
sh601566,601566,九牧王,8.480,-0.18,-2.079,8.480,8.490,8.660,8.630,8.640,8.480,4800964,40980909,15:09:00,16.627,1.192,487292.3032,487292.3032,0.83548
sh601567,601567,三星电气,15.680,-0.17,-1.073,15.670,15.680,15.850,15.840,15.960,15.670,13175947,208117414,15:09:00,17.422,1.884,2203368.3392,2203368.3392,0.93765
sh601568,601568,北元化工,3.640,-0.05,-1.355,3.640,3.650,3.690,3.680,3.700,3.630,15176790,55416706,15:00:03,121.333,1.271,1445888.889536,1445888.889536,0.38207
sh601577,601577,长沙银行,9.180,-0.01,-0.109,9.170,9.180,9.190,9.180,9.210,9.140,9378796,86039450,15:00:03,4.756,0.5,3691786.346172,3690987.56775,0.23326
sh601579,601579,会稽山,17.450,1.59,10.025,17.450,0.000,15.860,15.860,17.450,15.760,19233276,325595203,15:09:00,33.558,2.153,836663.648705,836663.648705,4.01142
sh601588,601588,北辰实业,1.760,-0.04,-2.222,1.760,1.770,1.800,1.800,1.830,1.760,48285539,86148086,15:09:00,-1.978,0.905,592595.52,468160.0,1.81525
sh601595,601595,上海电影,17.960,-0.42,-2.285,17.960,17.970,18.380,18.370,18.590,17.930,9171975,167269233,15:09:00,71.84,4.757,804967.2,804967.2,2.0464
sh601598,601598,中国外运,6.460,-0.11,-1.674,6.460,6.470,6.570,6.550,6.630,6.460,13137124,85587414,15:00:01,11.54,1.11,4634243.292642,3331725.766642,0.25472
sh601599,601599,浙文影业,3.060,-0.06,-1.923,3.050,3.060,3.120,3.120,3.150,3.040,25969900,80286586,15:00:03,27.818,2.319,355125.990618,355125.990618,2.23774
sh601600,601600,中国铝业,9.380,-0.56,-5.634,9.370,9.380,9.940,9.760,9.770,9.360,326529540,3110640326,15:09:00,12.676,1.995,16091363.104726,12384732.83089,2.47308
sh601601,601601,中国太保,30.430,-0.05,-0.164,30.420,30.430,30.480,30.360,30.650,30.300,39834334,1213475849,15:09:00,5.473,0.916,29274699.047565,20829461.147565,0.58194
sh601606,601606,长城军工,35.100,-0.82,-2.283,35.100,35.110,35.920,35.880,36.500,34.880,38031589,1347693658,15:09:00,3510.0,11.649,2542041.684,2542041.684,5.25133
sh601607,601607,上海医药,16.780,0.22,1.329,16.780,16.790,16.560,16.530,16.870,16.330,16103429,268393862,15:00:03,10.896,0.805,6222631.115502,4680290.19339,0.57735
sh601608,601608,中信重工,4.870,-0.08,-1.616,4.860,4.870,4.950,4.960,4.980,4.860,27425200,134475375,15:00:03,59.39,2.366,2230242.523819,2230242.523819,0.59886
sh601609,601609,金田股份,9.950,-0.24,-2.355,9.940,9.950,10.190,10.230,10.250,9.940,26476285,266420998,15:09:00,19.9,1.7,1719995.002035,1719995.002035,1.53163
sh601611,601611,中国核建,11.170,-0.43,-3.707,11.170,11.180,11.600,11.520,11.570,11.170,54860934,623551259,15:09:00,31.028,1.495,3366452.814804,3366452.814804,1.8203
sh601615,601615,明阳智能,12.120,0.22,1.849,12.120,12.130,11.900,11.900,12.490,11.850,102306009,1249470210,15:09:00,39.492,1.039,2740934.007672,2740934.007672,4.52382
sh601616,601616,广电电气,3.720,-0.05,-1.326,3.720,3.730,3.770,3.750,3.810,3.720,22535222,84379296,15:09:00,-91.626,1.332,317567.218668,317567.218668,2.63979
sh601618,601618,中国中冶,2.570,-0.04,-1.533,2.560,2.570,2.610,2.600,2.610,2.560,83832862,216491093,15:09:00,1285.0,0.515,5317746.12669,4588123.12669,0.46958
sh601619,601619,嘉泽新能,4.470,-0.48,-9.697,4.470,4.480,4.950,4.910,4.960,4.460,166378920,771089391,15:09:00,15.964,1.634,1302038.38485,1088333.205747,6.83351
sh601628,601628,中国人寿,37.460,0.13,0.348,37.450,37.460,37.330,37.160,37.640,37.070,28205781,1054690509,15:09:00,6.873,1.77,105879584.93,78004943.38,0.13545
sh601633,601633,长城汽车,15.510,-0.24,-1.524,15.510,15.520,15.750,15.760,15.760,15.480,12718215,198411148,15:09:00,13.371,1.51,13315956.285621,9647473.864578,0.20447
sh601636,601636,旗滨集团,6.010,-0.26,-4.147,6.010,6.020,6.270,6.280,6.390,6.000,83012200,509913027,15:09:00,26.279,1.19,1778150.890528,1778150.890528,2.80574
sh601658,601658,邮储银行,4.950,0.02,0.406,4.940,4.950,4.930,4.920,4.950,4.910,115721427,570608076,15:09:00,6.781,0.576,59447051.47854,35901261.299475,0.15955
sh601665,601665,齐鲁银行,6.250,0.04,0.644,6.240,6.250,6.210,6.210,6.260,6.180,30704794,190984858,15:00:01,6.25,0.76,3846151.578125,3846151.578125,0.49895
sh601666,601666,平煤股份,8.990,-0.2,-2.176,8.990,9.000,9.190,9.100,9.240,8.930,36238101,328309130,15:09:00,96.15,1.016,2219959.232991,2219959.232991,1.46751
sh601668,601668,中国建筑,4.440,-0.06,-1.333,4.440,4.450,4.500,4.490,4.500,4.440,164815795,735591129,15:09:00,4.723,0.37,18346253.357136,18346253.357136,0.39887
sh601669,601669,中国电建,4.690,-0.06,-1.263,4.690,4.700,4.750,4.740,4.750,4.680,146534392,689970741,15:09:00,8.889,0.549,8079068.727646,6130545.62365,1.12102
sh601677,601677,明泰铝业,16.440,-0.63,-3.691,16.430,16.440,17.070,16.970,16.970,16.430,31387098,521963079,15:09:00,10.606,1.032,2043969.790788,2043969.790788,2.52452
sh601678,601678,滨化股份,7.120,-0.03,-0.42,7.110,7.120,7.150,7.160,7.380,7.100,131615267,948114072,15:09:00,64.727,1.467,1715181.140512,1454855.428512,6.44119
sh601686,601686,友发集团,5.140,-0.03,-0.58,5.130,5.140,5.170,5.170,5.180,5.120,3413200,17540934,15:00:01,10.941,1.138,760384.525564,760384.525564,0.23072
sh601688,601688,华泰证券,19.560,0.17,0.877,19.550,19.560,19.390,19.390,19.710,19.360,75989663,1489929972,15:09:00,11.306,0.991,17656545.565416,14292018.855336,1.03999
sh601689,601689,拓普集团,49.690,-0.61,-1.213,49.690,49.710,50.300,50.080,50.880,49.650,20645181,1039293709,15:09:00,30.863,3.512,8635304.99702,8635304.99702,1.18798
sh601696,601696,中银证券,12.080,-0.05,-0.412,12.070,12.080,12.130,12.070,12.270,12.040,44824988,544812894,15:09:00,31.789,1.734,3355824.0,3355824.0,1.61357
sh601698,601698,中国卫通,26.270,-0.23,-0.868,26.270,26.280,26.500,26.750,26.970,26.260,21487378,571881974,15:09:00,251.628,6.947,11097460.477324,11097460.477324,0.50865
sh601699,601699,潞安环能,15.970,-0.3,-1.844,15.960,15.970,16.270,16.170,16.420,15.920,26215365,423080996,15:00:01,43.162,1.031,4777280.4924,4777280.4924,0.87636
sh601700,601700,风范股份,7.100,-0.49,-6.456,7.100,7.110,7.590,7.460,7.650,7.060,207527273,1514213165,15:09:00,-20.944,3.759,808517.683,808517.683,18.22401
sh601702,601702,华峰铝业,15.070,-0.35,-2.27,15.060,15.070,15.420,15.400,15.470,15.030,8738013,132897891,15:00:01,12.558,2.253,1504785.6142,1504785.6142,0.87509
sh601717,601717,中创智领,15.360,-0.35,-2.228,15.350,15.360,15.710,15.670,15.690,15.330,18724101,289412739,15:09:00,6.277,1.095,2742374.29248,2368766.56128,1.21414
sh601718,601718,ST际华,1.840,-0.03,-1.604,1.830,1.840,1.870,1.870,1.920,1.830,43020586,80855514,15:09:00,-26.286,0.663,802436.788552,802436.788552,0.98647
sh601727,601727,上海电气,6.780,-0.06,-0.877,6.770,6.780,6.840,6.850,6.850,6.770,54404191,370287555,15:09:00,86.923,1.919,10536202.469208,8553403.673208,0.43124
sh601728,601728,中国电信,6.430,0.13,2.063,6.430,6.440,6.300,6.300,6.480,6.280,133910225,857855941,15:09:00,17.861,1.256,58839090.183457,49915915.553457,0.1725
sh601766,601766,XD中国中,5.900,-0.01,-0.169,5.890,5.900,5.910,5.930,5.940,5.850,98053145,577238372,15:09:00,12.826,0.964,16932329.81192,14353400.84832,0.40305
sh601777,601777,千里科技,8.220,-0.16,-1.909,8.210,8.220,8.380,8.410,8.450,8.210,23189478,192322281,15:09:00,411.0,3.591,3716344.258362,3716344.258362,0.51292
sh601778,601778,晶科科技,3.890,0.02,0.517,3.880,3.890,3.870,3.890,4.040,3.870,176926497,696093174,15:09:00,43.222,0.922,1448264.309722,1448264.309722,4.7522
sh601788,601788,光大证券,14.810,0.21,1.438,14.800,14.810,14.600,14.640,14.900,14.590,33718428,498889961,15:09:00,20.288,1.098,6828576.493359,5785820.980559,0.86309
sh601789,601789,宁波建工,4.730,0.26,5.817,4.720,4.730,4.470,4.460,4.920,4.460,193118578,932495941,15:09:00,22.928,1.147,721037.357821,514055.73307,17.76949
sh601798,601798,蓝科高新,7.540,-0.15,-1.951,7.540,7.550,7.690,7.680,7.690,7.540,3647100,27759535,15:00:03,53.857,2.066,267314.261292,267314.261292,1.02872
sh601799,601799,星宇股份,94.430,-0.99,-1.038,94.430,94.460,95.420,96.000,96.520,94.380,2147013,204602653,15:09:00,16.546,2.332,2697670.753617,2697670.753617,0.75155
sh601800,601800,中国交建,5.970,-0.07,-1.159,5.970,5.980,6.040,6.040,6.060,5.970,25882801,155484393,15:09:00,7.024,0.332,9679630.408563,6998555.228163,0.22079
sh601801,601801,皖新传媒,5.420,-0.04,-0.733,5.420,5.430,5.460,5.460,5.540,5.420,10288533,56220722,15:00:01,13.22,0.873,1061198.730454,1061198.730454,0.52548
sh601808,601808,中海油服,11.890,-0.13,-1.082,11.890,11.900,12.020,11.940,11.970,11.800,17509070,208021745,15:09:00,14.768,1.194,5673422.888,3519996.452,0.59143
sh601811,601811,新华文轩,11.930,0,0,11.930,11.940,11.930,11.870,12.030,11.830,2001895,23932240,15:00:00,9.394,0.946,1471972.313,944741.3527,0.2528
sh601816,601816,京沪高铁,4.970,-0.04,-0.798,4.960,4.970,5.010,5.000,5.020,4.940,108441631,539008257,15:09:00,18.476,1.156,24316062.64689,24316062.64689,0.22165
sh601818,601818,光大银行,3.020,-0.01,-0.33,3.010,3.020,3.030,3.020,3.030,3.010,130204737,393089195,15:09:00,5.207,0.354,17843836.420422,14014858.299422,0.28057
sh601825,601825,沪农商行,8.520,0.22,2.651,8.510,8.520,8.300,8.280,8.580,8.280,31004603,261752407,15:09:00,6.656,0.624,8217066.66714,7987024.075356,0.33074
sh601827,601827,三峰环境,8.600,0.22,2.625,8.590,8.600,8.380,8.370,8.690,8.190,20335576,172000761,15:09:00,11.622,1.153,1437862.638,1437862.638,1.21629
sh601828,601828,美凯龙,2.210,-0.05,-2.212,2.210,2.220,2.260,2.250,2.270,2.200,43108421,96046904,15:00:03,-0.406,0.427,962165.019933,798340.894819,1.19334
sh601838,601838,成都银行,18.160,0.01,0.055,18.150,18.160,18.150,18.120,18.190,18.040,11693244,211783446,15:09:00,5.915,0.837,7696998.606496,7696998.606496,0.27589
sh601857,601857,中国石油,10.560,-0.1,-0.938,10.560,10.570,10.660,10.590,10.620,10.420,117588292,1236141952,15:09:00,12.279,1.19,193270152.57581,170989714.17581,0.07262
sh601858,601858,中国科传,25.640,1.18,4.824,25.640,25.650,24.460,24.690,26.480,24.540,27893556,717093139,15:09:00,42.033,3.552,2026842.0,2026842.0,3.5286
sh601860,601860,紫金银行,2.540,-0.01,-0.392,2.540,2.550,2.550,2.540,2.560,2.530,37353998,94998818,15:00:03,7.471,0.455,929920.486358,902128.742094,1.05173
sh601865,601865,福莱特,10.840,-0.53,-4.661,10.830,10.840,11.370,11.310,11.320,10.840,34088300,375947095,15:09:00,25.81,1.153,2539682.508612,2060711.688612,1.79315
sh601866,601866,中远海发,2.350,-0.04,-1.674,2.350,2.360,2.390,2.390,2.400,2.350,43005966,101777544,15:09:00,19.357,0.992,3086033.3292,2281950.5142,0.44288
sh601868,601868,中国能建,2.550,-0.03,-1.163,2.550,2.560,2.580,2.590,2.590,2.550,285734520,733811336,15:09:00,19.615,0.945,11281246.726965,8269325.54718,0.88112
sh601869,601869,长飞光纤,337.510,-8.28,-2.395,337.510,337.520,345.790,352.000,356.500,337.210,11926034,4158867617,15:09:00,315.43,19.634,27942625.300108,13714324.435814,2.935
sh601872,601872,招商轮船,17.130,0.11,0.646,17.130,17.140,17.020,17.200,17.360,16.890,75616188,1295598987,15:09:00,23.149,3.07,13831684.453926,13831684.453926,0.93648
sh601877,601877,正泰电器,25.280,-0.2,-0.785,25.270,25.280,25.480,25.450,25.830,25.200,17390063,444079437,15:09:00,12.038,1.194,5432593.571328,5432593.571328,0.80923
sh601878,601878,浙商证券,9.450,-0.01,-0.106,9.440,9.450,9.460,9.440,9.560,9.440,27096264,257547581,15:09:00,17.83,1.147,4322237.823855,4322237.823855,0.59242
sh601880,601880,辽港股份,1.450,-0.02,-1.361,1.450,1.460,1.470,1.460,1.470,1.450,61148487,89010651,15:00:01,26.46,0.839,3417906.245885,2669892.42603,0.33209
sh601881,601881,中国银河,12.350,-0.01,-0.081,12.350,12.360,12.360,12.360,12.480,12.340,23308569,289371329,15:09:00,11.99,1.114,13503986.78616,8945620.764405,0.32179
sh601882,601882,海天精工,20.660,-0.81,-3.773,20.650,20.660,21.470,21.240,21.630,20.630,14969496,314994033,15:09:00,25.195,3.524,1078452.0,1078452.0,2.86772
sh601886,601886,江河集团,11.530,1.05,10.019,11.530,0.000,10.480,10.440,11.530,10.100,45603407,499265091,15:09:00,21.352,1.806,1306351.37518,1306351.37518,4.02501
sh601888,601888,中国中免,54.970,-0.62,-1.115,54.970,54.980,55.590,55.300,55.870,54.920,26011427,1440263966,15:09:00,31.712,1.971,11421648.152068,10732758.065368,1.33223
sh601890,601890,亚星锚链,8.590,0.08,0.94,8.580,8.590,8.510,8.540,8.800,8.430,38348094,330239794,15:00:03,25.952,2.117,824124.6,824124.6,3.99709
sh601898,601898,中煤能源,13.930,-0.22,-1.555,13.920,13.930,14.150,14.010,14.120,13.790,37064184,515968466,15:09:00,10.319,1.126,18469318.1162,12748736.5572,0.40498
sh601899,601899,紫金矿业,32.210,-1.37,-4.08,32.210,32.220,33.580,33.580,33.840,32.110,330907033,10856874191,15:09:00,16.518,4.342,85648691.797462,66358375.70394,1.60621
sh601900,601900,南方传媒,11.820,0,0,11.820,11.830,11.820,11.760,12.100,11.740,6955371,82731411,15:00:03,10.017,1.141,1042488.651108,1042488.651108,0.78862
sh601901,601901,方正证券,6.990,-0.02,-0.285,6.990,7.000,7.010,7.010,7.070,6.980,50706361,356187474,15:09:00,14.563,1.098,5754238.875105,5754238.875105,0.61596
sh601908,601908,京运通,3.180,-0.07,-2.154,3.170,3.180,3.250,3.220,3.240,3.160,70402149,224914446,15:09:00,-5.213,1.037,767843.709798,767843.709798,2.91568
sh601916,601916,浙商银行,2.930,0.02,0.687,2.920,2.930,2.910,2.910,2.950,2.900,108799929,318796295,15:09:00,6.659,0.438,8047138.337159,6312519.737159,0.505
sh601918,601918,新集能源,9.970,0.08,0.809,9.970,9.980,9.890,9.850,10.090,9.730,36737640,365329385,15:00:03,12.085,1.479,2582770.1746,2582770.1746,1.41815
sh601919,601919,中远海控,15.250,-0.17,-1.102,15.250,15.260,15.420,15.420,15.450,15.160,77116309,1177956200,15:09:00,7.663,0.988,23283887.521625,19148718.871625,0.61415
sh601921,601921,浙版传媒,7.330,0,0,7.320,7.330,7.330,7.310,7.440,7.280,5954700,43735523,15:00:03,12.669,1.122,1628888.889459,1628888.889459,0.26796
sh601928,601928,凤凰传媒,9.160,0,0,9.160,9.170,9.160,9.160,9.290,9.150,7629154,70261585,15:09:00,12.901,1.144,2331128.4,2331128.4,0.29978
sh601929,601929,吉视传媒,2.480,-0.05,-1.976,2.470,2.480,2.530,2.520,2.580,2.470,100153900,253205301,15:09:00,-18.831,1.849,865467.465664,865467.465664,2.86991
sh601933,601933,永辉超市,3.280,-0.03,-0.906,3.280,3.290,3.310,3.300,3.330,3.270,133309502,439637527,15:09:00,-11.31,13.678,2927412.19012,2927412.19012,1.49366
sh601939,601939,建设银行,10.300,0.06,0.586,10.290,10.300,10.240,10.170,10.330,10.130,138248831,1417356727,15:09:00,7.923,0.76,269448392.90277,9881467.33418,1.44104
sh601949,601949,中国出版,5.310,0.05,0.951,5.310,5.320,5.260,5.240,5.630,5.200,26727320,144524445,15:00:03,15.622,1.016,1011007.036674,1011007.036674,1.40377
sh601952,601952,苏垦农发,8.140,-0.09,-1.094,8.130,8.140,8.230,8.210,8.240,8.060,11296290,91894024,15:00:01,20.35,1.584,1121692.0,1121692.0,0.81976
sh601956,601956,东贝集团,4.890,-0.08,-1.61,4.890,4.900,4.970,4.970,4.970,4.890,4575520,22518082,15:00:03,39.886,1.233,303970.51251,303970.51251,0.73607
sh601958,601958,金钼股份,22.400,-0.69,-2.988,22.400,22.410,23.090,23.300,23.330,22.380,45802820,1046917021,15:09:00,22.857,3.649,7227593.856,7227593.856,1.41954
sh601963,601963,重庆银行,10.950,0.06,0.551,10.940,10.950,10.890,10.880,10.950,10.820,7394251,80448876,15:00:03,7.157,0.668,3970226.773125,2227292.722695,0.36352
sh601965,601965,中国汽研,13.880,-0.22,-1.56,13.870,13.880,14.100,14.020,14.110,13.820,6144800,85650266,15:00:01,13.094,1.739,1391675.961156,1385787.149076,0.61546
sh601966,601966,玲珑轮胎,11.100,-0.1,-0.893,11.090,11.100,11.200,11.190,11.200,11.060,7942000,88326777,15:00:03,11.809,0.711,1624487.97813,1624487.97813,0.54267
sh601968,601968,宝钢包装,4.420,-0.08,-1.778,4.410,4.420,4.500,4.520,4.520,4.420,5460800,24328354,15:00:03,29.467,1.239,563894.52132,563894.52132,0.42804
sh601969,601969,海南矿业,9.110,-0.28,-2.982,9.110,9.120,9.390,9.350,9.350,9.080,18687200,171367285,15:09:00,41.409,2.587,1807888.018761,1796926.197176,0.9474
sh601975,601975,招商南油,3.570,-0.04,-1.108,3.570,3.580,3.610,3.610,3.660,3.560,116122214,418516512,15:09:00,13.01,1.395,1670883.050046,1670883.050046,2.48106
sh601985,601985,中国核电,8.820,0.01,0.114,8.810,8.820,8.810,8.800,8.830,8.770,64898269,570933135,15:09:00,19.47,1.512,18140977.829268,16655057.252694,0.34368
sh601988,601988,中国银行,5.950,0.12,2.058,5.940,5.950,5.830,5.820,5.950,5.810,290336725,1712690395,15:09:00,8.041,0.701,191716385.02933,125405481.33337,0.13775
sh601990,601990,南京证券,6.730,-0.02,-0.296,6.730,6.740,6.750,6.750,6.820,6.720,16489782,111599682,15:09:00,23.207,1.254,2960949.506035,2847950.7904,0.38967
sh601991,601991,大唐发电,6.920,0.63,10.016,6.920,0.000,6.290,6.250,6.920,6.220,897899568,5966665946,15:08:54,21.933,3.478,12806643.668768,8578093.661352,7.24341
sh601992,601992,金隅集团,1.410,-0.03,-2.083,1.410,1.420,1.440,1.440,1.450,1.410,36457600,51786631,15:00:01,-15.667,0.388,1505565.729894,1175116.315224,0.43745
sh601995,601995,中金公司,35.370,0.14,0.397,35.360,35.370,35.230,35.170,35.690,35.110,22628290,803385413,15:08:54,18.854,1.663,17074007.542116,10340569.61028,0.774
sh601996,601996,丰林集团,2.510,-0.11,-4.198,2.510,2.520,2.620,2.620,2.620,2.510,24403900,62119186,15:00:03,-22.818,1.147,281349.518416,281349.518416,2.17714
sh601997,601997,贵阳银行,5.590,-0.03,-0.534,5.590,5.600,5.620,5.610,5.620,5.570,27713356,154898097,15:00:03,4.08,0.31,2043814.724484,2043814.724484,0.75798
sh601998,601998,中信银行,7.690,0.09,1.184,7.690,7.700,7.600,7.590,7.690,7.550,44094396,337079768,15:08:54,6.408,0.576,42791129.781016,31346746.451703,0.10817
sh601999,601999,出版传媒,6.740,0.61,9.951,6.740,0.000,6.130,6.130,6.740,6.100,30595456,204019781,15:00:03,35.474,1.383,371316.5078,371316.5078,5.55357
sh603000,603000,人民网,16.850,-0.15,-0.882,16.840,16.850,17.000,16.930,17.650,16.810,27222408,468656618,15:08:54,87.578,4.842,1863089.42936,1863089.42936,2.46203
sh603001,603001,奥康国际,7.450,-0.16,-2.102,7.440,7.450,7.610,7.620,7.680,7.430,13704100,103587199,15:08:54,-12.394,1.266,298730.1,298730.1,3.41765
sh603002,603002,宏昌电子,15.130,-0.18,-1.176,15.130,15.140,15.310,15.600,16.120,15.120,55036715,859231439,15:08:54,504.333,4.965,1715860.784117,1715860.784117,4.85299
sh603004,603004,鼎龙科技,20.030,-0.55,-2.672,20.020,20.030,20.580,20.670,20.760,20.020,3013454,61410590,15:08:54,31.794,2.27,471746.56,117936.64,5.11796
sh603005,603005,晶方科技,33.100,-0.25,-0.75,33.100,33.110,33.350,33.950,34.500,33.090,38935530,1318246172,15:08:54,58.07,4.632,2158688.34686,2158688.34686,5.97013
sh603006,603006,联明股份,11.150,-0.23,-2.021,11.140,11.150,11.380,11.410,11.410,11.130,2248581,25370665,15:00:03,30.972,2.085,283493.48875,283493.48875,0.88438
sh603007,603007,顺景科技,4.930,-0.06,-1.202,4.930,4.940,4.990,5.030,5.180,4.910,31252988,157245720,15:00:03,-19.109,18.604,436031.927793,342678.891297,4.49626
sh603008,603008,ST喜临门,8.110,-0.12,-1.458,8.110,8.130,8.230,8.220,8.280,8.110,4906000,40173237,15:08:54,12.477,0.85,298685.164785,298685.164785,1.33209
sh603009,603009,北特科技,48.500,2.19,4.729,48.490,48.500,46.310,46.070,50.000,45.560,18695229,900008378,15:08:54,138.571,8.171,1679990.60275,1679990.60275,5.39716
sh603010,603010,万盛股份,11.090,-0.23,-2.032,11.090,11.100,11.320,11.550,11.580,11.090,7859528,89110813,15:08:54,-6.601,2.504,648798.594937,632993.126937,1.37698
sh603011,603011,合锻智能,24.560,-0.45,-1.799,24.550,24.560,25.010,25.500,26.330,24.500,80435196,2043207842,15:08:54,-49.12,6.514,1214281.857272,1214281.857272,16.26878
sh603012,603012,创力集团,9.130,0.16,1.784,9.130,9.140,8.970,8.970,9.480,8.970,58044908,536375551,15:08:54,57.063,1.536,590254.5,590254.5,8.97833
sh603013,603013,亚普股份,16.620,-0.24,-1.423,16.610,16.620,16.860,16.910,16.960,16.620,2398864,40210404,15:00:03,16.136,1.823,844660.915368,844660.915368,0.47201
sh603014,603014,威高血净,34.100,0.19,0.56,34.100,34.110,33.910,33.880,34.420,33.460,2275281,77528858,15:00:01,27.951,1.964,1424541.36506,346063.44762,2.24199
sh603015,603015,弘讯科技,10.740,-0.07,-0.648,10.720,10.740,10.810,10.910,10.930,10.690,5004600,54070475,15:00:03,97.636,3.12,434131.206,434131.206,1.23809
sh603016,603016,新宏泰,29.790,-0.71,-2.328,29.680,29.790,30.500,30.640,31.260,29.610,4434516,134437581,15:08:54,69.279,5.215,441368.64,441368.64,2.99306
sh603017,603017,中衡设计,9.510,-0.16,-1.655,9.500,9.510,9.670,9.680,9.720,9.500,4045100,38895069,15:00:03,52.833,1.759,262656.968643,262656.968643,1.46461
sh603018,603018,华设集团,5.330,-0.04,-0.745,5.320,5.330,5.370,5.380,5.450,5.290,7887696,42228749,15:00:03,13.0,0.805,436605.738491,436605.738491,0.96291
sh603019,603019,中科曙光,89.630,3.21,3.714,89.630,89.640,86.420,87.290,92.470,87.280,83568145,7492434067,15:08:54,60.154,5.814,13113906.771992,13113356.085272,5.7119
sh603020,603020,爱普股份,10.400,-0.21,-1.979,10.390,10.400,10.610,10.610,10.690,10.360,6461400,68187251,15:00:03,45.041,1.179,390663.28496,390663.28496,1.72011
sh603021,603021,*ST华鹏,6.090,-0.09,-1.456,6.080,6.090,6.180,6.100,6.300,5.950,10569600,64489930,15:00:03,-8.7,-9.432,194848.37463,194848.37463,3.30354
sh603022,603022,新通联,8.620,-0.1,-1.147,8.550,8.620,8.720,8.720,8.770,8.540,2094800,18106855,15:00:03,28.733,2.019,172400.0,172400.0,1.0474
sh603023,603023,威帝股份,4.080,-0.08,-1.923,4.070,4.080,4.160,4.170,4.270,4.070,11515000,47986301,15:00:03,582.857,2.957,227711.902056,227711.902056,2.06319
sh603025,603025,大豪科技,13.800,0.01,0.073,13.800,13.810,13.790,13.810,14.180,13.650,12693900,175800924,15:00:01,21.563,5.197,1540983.58674,1530661.18674,1.14445
sh603026,603026,石大胜华,66.260,-0.68,-1.016,66.250,66.260,66.940,67.000,67.440,66.200,7007266,468624826,15:08:54,946.571,2.966,1541876.918764,1541876.918764,3.01127
sh603027,603027,千禾味业,7.440,-0.02,-0.268,7.430,7.440,7.460,7.460,7.500,7.400,11959225,89063826,15:00:03,28.484,2.818,990069.527328,990069.527328,0.89869
sh603028,603028,赛福天,6.900,-0.17,-2.405,6.890,6.900,7.070,7.130,7.150,6.900,3054660,21336463,15:00:03,-43.125,4.265,198057.6,196091.1,1.07487
sh603029,603029,天鹅股份,15.430,-0.31,-1.97,15.430,15.450,15.740,15.820,15.820,15.430,1836064,28621849,15:00:01,24.887,1.951,187230.706,187230.706,1.51313
sh603030,603030,全筑股份,2.100,-0.04,-1.869,2.100,2.110,2.140,2.140,2.150,2.090,29207700,61661073,15:00:03,-9.545,3.956,276556.0392,276556.0392,2.21786
sh603031,603031,安孚科技,40.300,-0.96,-2.327,40.300,40.310,41.260,41.040,41.960,40.270,10656970,438414645,15:08:54,40.3,5.29,1506599.1785,1266993.18707,3.38973
sh603032,603032,德新科技,19.160,-0.52,-2.642,19.160,19.170,19.680,19.770,19.870,19.120,7412107,144736280,15:08:54,106.444,3.821,446863.6984,446201.1456,3.18278
sh603033,603033,三维股份,7.740,-0.16,-2.025,7.730,7.740,7.900,7.900,7.950,7.710,7043300,54922000,15:00:03,-20.919,3.159,798120.590796,783699.007932,0.69561
sh603035,603035,常熟汽饰,11.010,-0.25,-2.22,11.010,11.020,11.260,11.200,11.260,11.010,4098100,45598452,15:00:03,11.713,0.749,403348.13508,403348.13508,1.11864
sh603036,603036,如通股份,13.640,0.04,0.294,13.640,13.650,13.600,13.600,13.880,13.500,5387100,73888036,15:00:03,26.745,1.994,280992.2181,280992.2181,2.61502
sh603037,603037,凯众股份,10.300,-0.14,-1.341,10.300,10.310,10.440,10.500,10.530,10.290,2686780,27972827,15:00:03,36.786,2.763,274534.13794,274134.41554,1.0095
sh603038,603038,华立股份,16.260,0.29,1.816,16.250,16.260,15.970,16.190,16.560,15.880,13737005,222842353,15:08:54,203.25,3.046,436868.974356,436868.974356,5.11283
sh603039,603039,泛微网络,46.360,0.6,1.311,46.360,46.370,45.760,46.340,48.710,45.500,51815511,2430726602,15:08:54,40.667,5.386,1426215.080856,1426215.080856,16.84295
sh603040,603040,新坐标,56.770,-0.65,-1.132,56.760,56.770,57.420,57.440,59.140,56.600,1346976,78121495,15:00:01,28.528,7.204,1120398.368544,1114539.488818,0.68609
sh603041,603041,美思德,10.800,-0.18,-1.639,10.790,10.800,10.980,11.040,11.050,10.790,1977400,21596133,15:00:03,34.839,1.294,197799.50736,197799.50736,1.07968
sh603042,603042,华脉科技,13.360,-0.19,-1.402,13.360,13.370,13.550,13.630,13.960,13.360,7174295,97519517,15:08:54,-34.09,3.344,278912.434112,278912.434112,3.43651
sh603043,603043,广州酒家,13.690,-0.1,-0.725,13.690,13.700,13.790,13.870,13.870,13.670,3137100,43108364,15:00:03,15.956,1.945,776589.02953,769997.29453,0.55775
sh603045,603045,福达合金,53.990,-1.12,-2.032,53.980,53.990,55.110,55.050,57.260,53.850,6404943,355898091,15:08:54,67.674,5.837,731268.391845,731268.391845,4.72881
sh603048,603048,浙江黎明,22.000,-0.01,-0.045,21.960,22.000,22.010,22.020,22.480,21.940,2308100,51364477,15:00:03,104.762,2.527,323136.0,323136.0,1.57142
sh603049,603049,中策橡胶,47.510,-0.67,-1.391,47.510,47.520,48.180,48.250,48.300,47.480,1946200,93098767,15:00:03,9.598,1.626,4154681.076098,2399161.224762,0.3854
sh603050,603050,科林电气,17.930,-0.39,-2.129,17.930,17.940,18.320,18.180,18.390,17.910,4452541,80719204,15:08:54,28.016,3.768,723151.313049,723151.313049,1.10397
sh603051,603051,鹿山新材,21.640,-0.31,-1.412,21.610,21.670,21.950,22.100,22.110,21.580,3183480,69372351,15:00:03,-44.163,2.055,349773.586944,349773.586944,1.96957
sh603052,603052,可川科技,56.370,-2.1,-3.592,56.360,56.370,58.470,60.700,61.590,56.370,11769435,685544126,15:00:01,704.625,9.943,1059176.978634,1059176.978634,6.26376
sh603053,603053,成都燃气,8.730,-0.04,-0.456,8.730,8.750,8.770,8.770,8.820,8.710,2505600,21923008,15:08:54,16.167,1.536,776000.97,776000.97,0.28188
sh603055,603055,台华新材,8.980,0.18,2.045,8.970,8.980,8.800,8.790,9.090,8.740,12696099,113982419,15:08:54,14.967,1.48,799483.780316,796571.745916,1.43127
sh603057,603057,紫燕食品,22.400,-0.75,-3.24,22.400,22.410,23.150,23.120,23.350,22.350,3206100,72956862,15:00:03,39.202,4.36,929857.6,922880.0,0.77818
sh603058,603058,永吉股份,9.840,-0.35,-3.435,9.830,9.840,10.190,10.190,10.250,9.780,8775500,87982765,15:08:54,50.178,3.628,408058.468944,408028.948944,2.11629
sh603059,603059,倍加洁,25.400,0.05,0.197,25.400,25.420,25.350,25.220,26.540,25.010,2445325,62960267,15:00:01,22.281,2.287,255568.958,255139.698,2.4344
sh603060,603060,国检集团,5.460,-0.1,-1.799,5.450,5.460,5.560,5.550,5.550,5.440,5029123,27632161,15:08:54,36.768,2.173,438964.37403,438964.37403,0.62554
sh603061,603061,金海通,337.980,10.22,3.118,337.930,337.980,327.760,336.000,360.000,336.000,3828863,1328574351,15:08:54,110.813,17.217,2940426.0,2940426.0,4.40099
sh603062,603062,麦加芯彩,38.860,-0.14,-0.359,38.860,38.990,39.000,39.000,39.400,38.700,253990,9934881,15:00:03,19.626,1.995,419688.0,144066.0666,0.68511
sh603063,603063,禾望电气,34.350,-0.14,-0.406,34.340,34.350,34.490,34.500,35.850,34.190,28918904,1017653975,15:08:54,29.359,2.92,1594332.00879,1587771.15879,6.25634
sh603065,603065,宿迁联盛,16.010,-0.89,-5.266,16.010,16.020,16.900,17.090,17.160,15.990,38631300,633381484,15:08:54,-514.791,3.358,670767.082772,670767.082772,9.22059
sh603066,603066,音飞储存,9.100,-0.11,-1.194,9.100,9.110,9.210,9.230,9.280,9.080,3608900,33017546,15:00:03,82.727,1.754,267703.86734,267703.86734,1.22677
sh603067,603067,振华股份,34.420,0.85,2.532,34.420,34.430,33.570,35.000,36.730,34.410,38691223,1374635183,15:08:54,37.011,6.751,2600518.440568,2600518.440568,5.1211
sh603068,603068,博通集成,40.500,-0.35,-0.857,40.490,40.500,40.850,41.010,41.800,40.500,10959773,450615386,15:08:54,270.0,3.502,614738.64195,614738.64195,7.22048
sh603069,603069,海汽集团,13.300,-0.28,-2.062,13.300,13.310,13.580,13.640,13.640,13.300,2408300,32355617,15:00:03,-70.0,5.44,420280.0,420280.0,0.76212
sh603070,603070,万控智造,11.700,0.03,0.257,11.700,11.710,11.670,11.690,11.960,11.650,2764764,32506283,15:00:03,52.632,2.169,469170.0,469170.0,0.68947
sh603071,603071,物产环能,12.110,0,0,12.080,12.110,12.110,12.100,12.160,12.020,1848500,22353821,15:00:03,10.623,1.135,675682.829262,675682.829262,0.3313
sh603072,603072,天和磁材,31.750,-0.6,-1.855,31.740,31.750,32.350,32.500,32.500,31.740,2318770,74376532,15:00:01,52.049,3.763,839089.0,400780.25,1.83694
sh603073,603073,彩蝶实业,16.350,-0.21,-1.268,16.350,16.390,16.560,16.610,16.760,16.310,999600,16527720,15:00:03,27.25,1.367,189660.0,83209.80648,1.96413
sh603075,603075,热威股份,19.000,-0.24,-1.247,18.990,19.000,19.240,19.380,19.400,18.910,1843100,35336873,15:00:01,23.457,3.415,764561.7081,80561.7081,4.34684
sh603076,603076,乐惠国际,21.940,-1.12,-4.857,21.920,21.940,23.060,22.480,22.680,21.660,7928274,175558203,15:08:54,99.727,2.05,264818.748736,264818.748736,6.56851
sh603077,603077,和邦生物,2.350,-0.07,-2.893,2.340,2.350,2.420,2.400,2.410,2.340,147356030,349271409,15:08:54,-34.97,1.17,2075450.84608,2075450.84608,1.66849
sh603078,603078,江化微,36.440,0.35,0.97,36.430,36.440,36.090,36.650,37.300,36.180,35363112,1297248391,15:08:54,134.069,7.043,1405262.131712,1405262.131712,9.17005
sh603079,603079,圣达生物,12.190,-0.12,-0.975,12.190,12.200,12.310,12.280,12.410,12.050,3364100,41190123,15:00:03,34.829,1.442,230427.111656,230427.111656,1.77967
sh603080,603080,新疆火炬,18.760,-0.17,-0.898,18.750,18.760,18.930,18.980,18.980,18.710,1479600,27841590,15:00:03,12.591,1.634,265454.0,265454.0,1.04565
sh603081,603081,大丰实业,9.660,-0.33,-3.303,9.650,9.660,9.990,9.990,10.040,9.650,4341500,42588694,15:00:03,46.0,1.277,408134.177934,408134.177934,1.02758
sh603082,603082,北自科技,40.590,-0.69,-1.672,40.580,40.590,41.280,41.100,41.870,40.580,3480828,143468755,15:00:03,38.292,4.052,676120.249431,164620.4571,8.58258
sh603083,603083,剑桥科技,169.000,9.3,5.823,168.990,169.000,159.700,163.000,175.670,159.300,38559562,6485634212,15:08:54,179.787,8.229,6223431.3037,4657443.5037,13.99172
sh603085,603085,天成自控,9.980,-0.16,-1.578,9.980,9.990,10.140,10.150,10.200,9.970,3833390,38673393,15:00:03,45.364,4.096,396305.8,396305.8,0.96535
sh603086,603086,先达股份,5.610,-0.05,-0.883,5.600,5.610,5.660,5.690,5.690,5.590,6081300,34229108,15:00:03,18.097,1.149,243930.173223,243930.173223,1.3986
sh603087,603087,甘李药业,77.480,0.28,0.363,77.470,77.480,77.200,74.700,79.180,73.070,30369486,2318873278,15:08:54,40.145,3.914,4628904.445412,4347846.45048,5.41194
sh603088,603088,宁波精达,9.310,-0.2,-2.103,9.310,9.320,9.510,9.540,9.630,9.310,5048293,47773817,15:00:03,37.24,4.07,467723.196346,407658.68304,1.15292
sh603089,603089,正裕工业,8.860,-0.18,-1.991,8.850,8.860,9.040,9.090,9.200,8.860,2680096,24198657,15:00:03,19.689,1.294,244287.238666,212669.475448,1.11655
sh603090,603090,宏盛股份,39.430,-0.68,-1.695,39.430,39.440,40.110,40.350,40.880,39.400,1940208,77895277,15:08:54,48.085,6.05,394300.0,394300.0,1.94021
sh603091,603091,众鑫股份,48.710,-0.63,-1.277,48.710,48.900,49.340,49.300,49.780,48.590,469100,23018040,15:00:03,18.735,3.054,697207.22401,214412.978557,1.06569
sh603092,603092,德力佳,49.450,-0.79,-1.572,49.450,49.470,50.240,50.640,51.000,49.430,1835746,91994202,15:08:54,21.715,3.449,1978000.4945,170956.82903,5.30997
sh603093,603093,南华期货,12.200,-0.33,-2.634,12.200,12.210,12.530,12.520,12.780,12.190,17972667,224028974,15:00:03,15.25,2.2,1266536.3388,1076087.5678,2.03763
sh603095,603095,越剑智能,13.580,-0.87,-6.021,13.580,13.590,14.450,14.450,14.680,13.540,15840964,219979899,15:00:00,41.152,1.501,350729.5736,350729.5736,6.13351
sh603096,603096,新经典,15.240,0.01,0.066,15.230,15.240,15.230,15.230,15.470,15.100,1658500,25305689,15:00:03,30.523,1.298,235053.566976,235053.566976,1.07531
sh603097,603097,江苏华辰,20.580,-0.82,-3.832,20.560,20.580,21.400,21.580,21.800,20.430,4948615,103057575,15:08:54,47.256,4.387,473208.016344,462384.788544,2.20255
sh603098,603098,森特股份,10.010,-0.2,-1.959,10.010,10.020,10.210,10.290,10.290,10.000,3814383,38622314,15:00:03,52.684,1.89,540059.497978,539338.777978,0.70794
sh603099,603099,长白山,40.090,0.59,1.494,40.080,40.090,39.500,39.590,40.350,39.150,7879361,314004672,15:08:54,83.521,7.25,1091874.64274,1091874.64274,2.89304
sh603100,603100,川仪股份,18.060,-0.26,-1.419,18.060,18.070,18.320,18.410,18.410,18.050,3267200,59462725,15:08:54,14.333,1.935,926790.755856,923839.733796,0.6387
sh603101,603101,汇嘉时代,7.250,-0.19,-2.554,7.240,7.250,7.440,7.400,7.420,7.230,9367301,68482465,15:08:54,44.127,2.325,341040.0,341040.0,1.99135
sh603102,603102,百合股份,41.230,-0.82,-1.95,41.230,41.240,42.050,44.130,45.710,40.520,8535543,366399739,15:08:54,20.112,1.54,263872.0,263872.0,13.33679
sh603103,603103,横店影视,15.640,-0.42,-2.615,15.630,15.640,16.060,16.090,16.250,15.610,8694045,137959936,15:08:54,62.56,7.76,991888.8,991888.8,1.37087
sh603105,603105,芯能科技,7.170,-0.14,-1.915,7.170,7.180,7.310,7.300,7.310,7.170,6762014,48953689,15:00:01,17.925,1.668,358508.155875,358508.155875,1.35237
sh603106,603106,恒银科技,8.960,-0.58,-6.08,8.960,8.970,9.540,9.500,9.500,8.920,60687103,553872445,15:09:00,149.333,3.522,466385.92,466385.92,11.65894
sh603107,603107,上海汽配,11.970,-0.16,-1.319,11.960,11.970,12.130,12.150,12.160,11.970,1898600,22902075,15:09:00,26.022,1.852,403789.995,261154.275606,0.87022
sh603108,603108,润达医疗,10.550,-0.2,-1.86,10.550,10.560,10.750,10.760,10.910,10.530,29834999,319866056,15:09:00,-11.593,1.735,637857.03432,637857.03432,4.93464
sh603109,603109,神驰机电,17.440,-0.19,-1.078,17.440,17.460,17.630,17.600,17.690,17.440,1366480,23933452,15:00:03,24.416,1.848,364231.53984,364231.53984,0.65429
sh603110,603110,东方材料,25.940,-0.62,-2.334,25.930,25.940,26.560,26.510,27.430,25.940,13893284,370389804,15:09:00,-864.667,7.49,521982.142808,521982.142808,6.90429
sh603111,603111,康尼机电,5.740,-0.08,-1.375,5.740,5.750,5.820,5.820,5.830,5.730,6247000,36022131,15:09:00,14.0,1.203,494805.605728,480779.642504,0.74583
sh603112,603112,华翔股份,15.060,-0.38,-2.461,15.060,15.070,15.440,15.470,15.500,15.050,3394695,51915395,15:00:03,13.691,1.798,813181.869906,805117.450746,0.63499
sh603113,603113,金能科技,4.600,-0.14,-2.954,4.590,4.600,4.740,4.760,4.760,4.580,11538100,53534891,15:00:03,176.923,0.536,390305.68336,390305.68336,1.35984
sh603115,603115,海星股份,77.680,2.88,3.85,77.680,77.690,74.800,75.980,82.280,75.360,13163195,1056955283,15:09:00,90.326,8.776,1899917.6368,1899917.6368,5.3819
sh603116,603116,红蜻蜓,6.100,-0.07,-1.135,6.100,6.110,6.170,6.170,6.220,6.070,4086400,25075365,15:09:00,-24.4,1.39,351482.488,351482.488,0.7092
sh603117,603117,万林物流,3.780,-0.05,-1.305,3.780,3.790,3.830,3.830,3.860,3.760,6343340,24095772,15:00:03,145.946,2.209,226496.746476,226496.746476,1.05864
sh603118,603118,共进股份,15.960,1.45,9.993,15.960,0.000,14.510,14.760,15.960,14.760,109355440,1724498043,15:09:00,159.6,2.476,1256493.143976,1256493.143976,13.89035
sh603119,603119,浙江荣泰,54.120,-0.63,-1.151,54.110,54.120,54.750,54.760,55.650,54.010,8055069,441981488,15:09:00,70.286,12.194,2559118.146816,2559118.146816,1.70348
sh603120,603120,肯特催化,47.350,-0.75,-1.559,47.350,47.390,48.100,48.500,49.000,47.300,2203403,106247344,15:09:00,47.828,3.593,428044.0,179456.5,5.81373
sh603121,603121,华培动力,12.610,-0.23,-1.791,12.600,12.610,12.840,12.700,13.090,12.590,6175956,78985196,15:00:00,-97.0,3.891,426891.014615,426891.014615,1.82433
sh603122,603122,合富中国,12.500,0.1,0.806,12.500,12.510,12.400,12.470,12.850,12.150,35949512,451018794,15:09:00,-156.25,4.767,497565.79125,497565.79125,9.03135
sh603123,603123,翠微股份,9.300,-0.22,-2.311,9.300,9.310,9.520,9.460,9.690,9.300,30581092,290094018,15:09:00,-14.531,4.56,742825.09845,606616.63257,4.68837
sh603124,603124,江南新材,138.990,-5.48,-3.793,138.990,139.000,144.470,144.980,147.500,138.000,5304246,759876506,15:09:00,86.869,10.506,2025712.520901,1078684.85019,6.83459
sh603125,603125,常青科技,23.760,-0.11,-0.461,23.760,23.770,23.870,23.970,24.650,23.680,4659092,112964475,15:09:00,60.923,3.803,961891.227,961891.227,1.15086
sh603126,603126,中材节能,5.990,-0.13,-2.124,5.980,5.990,6.120,6.130,6.130,5.990,7087402,42818548,15:00:01,266.222,1.782,365689.5,365689.5,1.16092
sh603127,603127,昭衍新药,51.900,0.75,1.466,51.900,51.920,51.150,50.500,53.540,50.290,53804216,2824878042,15:09:00,129.75,4.545,3889117.2618,3257849.74566,8.57142
sh603128,603128,华贸物流,5.300,-0.03,-0.563,5.300,5.310,5.330,5.320,5.330,5.270,6063400,32113795,15:00:03,14.324,1.099,693794.64182,693794.64182,0.46319
sh603129,603129,春风动力,281.490,-2.01,-0.709,281.490,281.500,283.500,284.370,287.600,280.200,1318216,373660080,15:00:03,25.613,5.398,4320386.295687,4320386.295687,0.85887
sh603130,603130,云中马,42.640,-1.22,-2.782,42.640,42.650,43.860,43.840,45.180,42.530,1597800,69542220,15:00:03,56.105,4.087,586360.5488,586360.5488,1.16192
sh603131,603131,上海沪工,15.460,-0.43,-2.706,15.460,15.470,15.890,16.000,16.040,15.440,6167140,96993073,15:09:00,-257.667,3.155,520858.56212,520858.56212,1.83052
sh603132,603132,金徽股份,18.330,-0.77,-4.031,18.330,18.340,19.100,19.100,19.200,18.320,10587400,197909784,15:09:00,33.327,5.287,1792674.0,1792674.0,1.08256
sh603135,603135,中重科技,9.410,-0.19,-1.979,9.410,9.420,9.600,9.650,9.670,9.400,5840753,55657671,15:00:03,-235.25,2.02,596835.91228,592395.33328,0.92778
sh603136,603136,天目湖,8.980,-0.15,-1.643,8.970,8.980,9.130,9.120,9.150,8.960,3838965,34702333,15:00:01,25.657,1.756,242573.78558,242573.78558,1.42117
sh603137,603137,恒尚节能,28.980,-2.22,-7.115,28.960,28.980,31.200,30.870,33.000,28.850,37002352,1155977063,15:09:00,-151.332,4.429,530140.801932,530140.801932,20.22723
sh603138,603138,海量数据,13.290,-0.33,-2.423,13.290,13.300,13.620,13.700,13.880,13.280,8483895,115424830,15:00:03,-78.176,4.824,390208.63359,383207.64765,2.94229
sh603139,603139,康惠股份,36.090,-0.3,-0.824,36.080,36.090,36.390,36.560,37.670,36.010,1950500,71842147,15:00:03,-10.805,6.604,360466.92,360466.92,1.95284
sh603150,603150,万朗磁塑,54.140,0.73,1.367,54.130,54.140,53.410,54.000,55.770,53.340,1700636,93478131,15:00:03,40.707,2.659,462804.962,462804.962,1.98944
sh603151,603151,邦基科技,15.420,0.4,2.663,15.420,15.430,15.020,14.870,15.600,14.810,7097264,108150480,15:09:00,23.582,1.909,264116.5356,264116.5356,4.14362
sh603153,603153,上海建科,13.190,-0.19,-1.42,13.170,13.190,13.380,13.300,13.420,13.160,2153200,28542578,15:00:01,14.495,1.391,540606.798814,532586.042911,0.53326
sh603155,603155,新亚强,13.670,-0.39,-2.774,13.660,13.670,14.060,14.160,14.350,13.670,8502811,118816569,15:00:03,52.577,2.788,625936.80562,625936.80562,1.85695
sh603156,603156,养元饮品,49.900,-0.51,-1.012,49.900,49.920,50.410,50.710,51.770,49.700,8932236,452671708,15:09:00,49.915,6.345,6288785.05434,6288785.05434,0.70875
sh603158,603158,腾龙股份,10.330,0.14,1.374,10.330,10.340,10.190,10.300,10.800,10.280,37234830,390448430,15:09:00,93.909,2.231,506965.562884,506965.562884,7.58702
sh603159,603159,上海亚虹,20.400,0,0,20.400,20.410,20.400,20.240,20.850,20.030,2173400,44506579,15:00:03,-510.0,5.76,285600.0,285600.0,1.55243
sh603160,603160,汇顶科技,51.180,-1.02,-1.954,51.170,51.180,52.200,52.420,52.690,51.180,4681649,244240298,15:09:00,28.121,2.543,2384899.74009,2384899.74009,1.00468
sh603161,603161,科华控股,16.430,-0.25,-1.499,16.430,16.440,16.680,16.580,16.740,16.100,8186753,134416802,15:00:03,32.216,2.409,368297.102979,313400.19625,4.2919
sh603162,603162,海通发展,11.280,-0.09,-0.792,11.280,11.290,11.370,11.410,11.950,11.250,41992818,482447140,15:09:00,22.118,3.183,1550768.63592,476297.367192,9.94503
sh603163,603163,圣晖集成,85.310,0.63,0.744,85.300,85.320,84.680,85.100,87.980,85.000,2970308,256632675,15:00:03,55.039,7.138,853100.0,853100.0,2.97031
sh603165,603165,荣晟环保,13.540,-0.38,-2.73,13.540,13.550,13.920,13.940,13.970,13.510,3568593,48862437,15:00:03,15.744,1.575,423434.223812,423434.223812,1.14112
sh603166,603166,福达股份,11.410,-0.28,-2.395,11.400,11.410,11.690,11.710,11.770,11.410,7583569,87766570,15:09:00,22.82,2.695,736687.392791,731056.557791,1.18361
sh603167,603167,渤海轮渡,8.710,-0.02,-0.229,8.710,8.720,8.730,8.760,8.770,8.690,2229191,19422486,15:00:03,15.554,1.154,408624.862113,408624.862113,0.47516
sh603168,603168,莎普爱思,5.590,0.01,0.179,5.580,5.590,5.580,5.580,5.700,5.480,7345400,41221109,15:00:03,-8.734,1.578,209136.716295,208235.328795,1.97185
sh603169,603169,兰石重装,6.840,-0.05,-0.726,6.840,6.850,6.890,6.890,7.000,6.820,10226500,70608262,15:00:03,-14.99,3.36,893503.589832,893503.589832,0.78286
sh603170,603170,宝立食品,12.860,-0.19,-1.456,12.850,12.860,13.050,13.050,13.050,12.780,4033500,51966590,15:00:03,19.485,3.323,514412.86,514412.86,1.00835
sh603171,603171,税友股份,46.110,-0.8,-1.705,46.110,46.120,46.910,46.860,48.960,46.000,10663876,508004425,15:09:00,135.618,7.273,1873656.795,1871558.79,2.62728
sh603172,603172,万丰股份,17.600,-0.55,-3.03,17.580,17.600,18.150,18.380,18.380,17.600,1690701,30162817,15:00:03,48.889,2.111,234748.8,234748.8,1.26758
sh603173,603173,福斯达,31.300,-0.57,-1.789,31.300,31.310,31.870,31.850,31.940,31.210,729100,23044648,15:00:00,11.767,2.411,500800.0,500800.0,0.45569
sh603175,603175,超颖电子,91.840,0.19,0.207,91.840,92.020,91.650,92.560,94.880,91.660,3272698,305063613,15:09:00,155.661,14.655,4013677.284064,417635.42016,7.19682
sh603176,603176,汇通集团,4.670,-0.05,-1.059,4.660,4.670,4.720,4.710,4.760,4.650,3705500,17451084,15:00:06,58.375,2.076,221935.925576,215668.318576,0.80237
sh603177,603177,德创环保,9.300,-0.13,-1.379,9.300,9.310,9.430,9.450,9.500,9.300,3274200,30680884,15:00:03,-62.0,5.88,189898.56,189898.56,1.60349
sh603178,603178,圣龙股份,17.850,0.47,2.704,17.850,17.860,17.380,17.260,19.100,17.100,22170643,399949975,15:09:00,-20.056,3.687,421995.207585,421995.207585,9.37797
sh603179,603179,新泉股份,41.280,-0.09,-0.218,41.280,41.290,41.370,41.560,43.170,41.210,26420582,1110491657,15:09:00,24.867,3.877,2948212.0272,2948212.0272,3.69933
sh603180,603180,金牌家居,15.330,0.14,0.922,15.310,15.330,15.190,15.250,15.520,15.100,1527400,23352794,15:00:03,109.5,0.876,236476.19562,236476.19562,0.99016
sh603181,603181,皇马科技,13.020,-0.16,-1.214,13.020,13.030,13.180,13.180,13.280,13.000,4632830,60846044,15:09:00,17.132,2.121,766487.4,766487.4,0.78696
sh603182,603182,嘉华股份,12.690,-0.39,-2.982,12.680,12.690,13.080,13.090,13.090,12.670,2492000,32038490,15:00:01,21.879,1.844,208813.95,208813.95,1.51443
sh603183,603183,建研院,4.680,0,0,4.680,4.700,4.680,4.660,4.760,4.610,14616617,68554873,15:09:00,468.0,1.456,232667.721468,232667.721468,2.94006
sh603185,603185,弘元绿能,16.820,-0.75,-4.269,16.820,16.830,17.570,17.500,17.540,16.820,15545009,265207347,15:09:00,60.942,0.974,1148935.180964,1142115.343764,2.28932
sh603186,603186,华正新材,152.320,-3.18,-2.045,152.310,152.320,155.500,161.990,167.680,151.400,22419604,3574518974,15:09:00,78.113,10.198,2388233.170176,2388233.170176,14.29908
sh603187,603187,海容冷链,12.390,-0.19,-1.51,12.390,12.400,12.580,12.570,12.580,12.320,4629380,57513069,15:09:00,12.147,1.112,478746.553299,473746.382949,1.21073
sh603188,603188,亚邦股份,4.740,-0.17,-3.462,4.730,4.740,4.910,4.820,4.890,4.630,55097900,260689302,15:09:00,-48.615,3.833,270260.58,270260.58,9.66342
sh603189,603189,*ST网达,9.600,0.08,0.84,9.600,9.610,9.520,9.450,9.720,9.400,3159300,30201404,15:00:03,480.0,1.754,258766.41504,258766.41504,1.17207
sh603190,603190,亚通精工,16.720,-0.22,-1.299,16.720,16.730,16.940,16.940,17.090,16.640,1467220,24772938,15:00:03,18.174,1.295,291523.232,96243.35468,2.54895
sh603191,603191,望变电气,16.940,1.54,10,16.940,0.000,15.400,15.490,16.940,14.880,39277083,626222057,15:09:00,80.667,2.233,558960.098466,558960.098466,11.90342
sh603192,603192,汇得科技,21.300,-0.78,-3.533,21.280,21.300,22.080,22.110,22.110,21.230,2279000,49355080,15:09:00,36.724,1.622,356121.90153,296935.77471,1.63479
sh603193,603193,润本股份,20.870,-0.3,-1.417,20.850,20.870,21.170,21.000,21.180,20.750,2429912,50973135,15:09:00,26.756,3.714,844386.246318,215662.887318,2.35146
sh603194,603194,中力股份,33.520,-0.61,-1.787,33.520,33.550,34.130,34.300,34.300,33.510,1461822,49424893,15:00:03,15.664,2.435,1344152.0,529706.212376,0.92505
sh603195,603195,公牛集团,40.410,-0.61,-1.487,40.400,40.410,41.020,40.910,41.030,40.320,2234681,90606774,15:00:03,17.881,4.09,7287725.322369,7274460.117555,0.12414
sh603196,603196,璞源材料,20.720,-0.33,-1.568,20.720,20.750,21.050,21.280,21.340,20.700,1547700,32525193,15:00:03,272.991,4.352,867520.37568,491039.720304,0.65307
sh603197,603197,保隆科技,30.570,-0.21,-0.682,30.570,30.610,30.780,30.780,31.030,30.510,1970973,60671347,15:00:03,30.57,2.038,654276.341739,645492.052239,0.93344
sh603198,603198,迎驾贡酒,41.860,-0.07,-0.167,41.860,41.880,41.930,41.940,42.990,41.700,9657731,408013570,15:09:00,16.879,2.92,3348800.0,3348800.0,1.20722
sh603199,603199,九华旅游,32.880,-0.11,-0.333,32.880,32.890,32.990,32.890,33.110,32.750,1387334,45662988,15:00:03,17.125,2.114,363915.84,363915.84,1.25346
sh603200,603200,上海洗霸,37.480,-0.79,-2.064,37.480,37.500,38.270,38.440,38.650,37.460,3867573,147279538,15:09:00,73.103,5.981,657699.426044,657699.426044,2.204
sh603201,603201,常润股份,16.300,-0.4,-2.395,16.300,16.320,16.700,16.670,16.840,16.210,5154884,85229534,15:09:00,14.298,1.731,309666.94686,307018.22946,2.7368
sh603202,603202,天有为,52.980,-0.69,-1.286,52.970,52.980,53.670,53.640,53.980,52.980,854000,45614340,15:00:01,8.423,1.233,847680.0,266031.504456,1.70074
sh603203,603203,快克智能,43.410,-0.87,-1.965,43.410,43.420,44.280,44.800,45.550,43.400,8055328,359611821,15:09:00,78.927,9.558,1432580.585673,1416186.347709,2.46918
sh603205,603205,健尔康,21.870,-0.08,-0.364,21.870,21.880,21.950,22.100,22.160,21.750,889182,19519581,15:00:03,30.617,2.241,341172.0,90410.58,2.1509
sh603206,603206,嘉环科技,14.430,-0.17,-1.164,14.420,14.430,14.600,14.540,14.960,14.410,6526683,95849593,15:09:00,84.882,1.932,440403.582684,440403.582684,2.13849
sh603207,603207,小方制药,24.220,0.8,3.416,24.220,24.230,23.420,23.380,24.600,22.920,4523068,108766143,15:09:00,18.775,3.382,389150.640564,132248.335212,8.28356
sh603208,603208,江山欧派,11.510,0.01,0.087,11.510,11.530,11.500,11.500,11.620,11.360,2491494,28680096,15:00:03,-10.369,1.997,202437.128397,202437.128397,1.41659
sh603209,603209,兴通股份,13.520,-0.21,-1.529,13.520,13.540,13.730,13.680,13.730,13.480,2767100,37616424,15:00:03,15.364,1.267,439400.0,434656.639144,0.86071
sh603210,603210,泰鸿万立,13.770,-0.01,-0.073,13.770,13.800,13.780,13.830,14.220,13.740,4442768,61967407,15:00:01,21.399,2.419,468730.8,320396.9175,1.90941
sh603211,603211,晋拓股份,26.820,-0.76,-2.756,26.800,26.820,27.580,27.740,27.920,26.750,6004491,164401070,15:09:00,107.28,5.819,728989.056,728989.056,2.20909
sh603212,603212,赛伍技术,11.580,-0.34,-2.852,11.570,11.580,11.920,12.040,12.070,11.570,12510209,147787308,15:09:00,-18.984,2.119,506614.156488,506614.156488,2.85954
sh603213,603213,镇洋发展,13.910,0.14,1.017,13.910,13.920,13.770,13.780,13.940,13.670,2948483,40662737,15:00:01,81.824,3.226,618847.046285,618847.046285,0.66274
sh603214,603214,爱婴室,13.600,-0.26,-1.876,13.600,13.610,13.860,13.870,13.950,13.600,1896540,26067306,15:00:03,23.129,1.585,188414.44896,188414.44896,1.36895
sh603215,603215,比依股份,14.600,-0.29,-1.948,14.600,14.610,14.890,14.980,14.980,14.580,1282739,18933949,15:00:06,33.182,2.549,313308.81388,273353.4348,0.68512
sh603216,603216,梦天家居,20.850,-0.35,-1.651,20.850,20.870,21.200,21.200,21.550,20.850,2600100,55057908,15:00:03,71.897,2.567,464308.65,464308.65,1.16759
sh603217,603217,元利科技,25.300,-0.14,-0.55,25.300,25.320,25.440,25.500,25.650,24.950,2949757,74578603,15:00:03,27.204,1.52,526461.628,526461.628,1.41756
sh603218,603218,日月股份,9.940,-0.12,-1.193,9.930,9.940,10.060,10.100,10.100,9.930,7141996,71467862,15:00:03,18.073,0.981,1023667.421,1022762.881,0.69411
sh603219,603219,富佳股份,14.960,-0.24,-1.579,14.950,14.960,15.200,15.680,15.680,14.920,3096480,47007306,15:00:03,78.737,5.196,839854.4,839854.4,0.55156
sh603220,603220,中贝通信,19.790,0.13,0.661,19.790,19.800,19.660,20.250,20.770,19.710,51012206,1032651598,15:09:00,105.603,2.756,1061452.891653,1061452.891653,9.51085
sh603221,603221,爱丽家居,27.270,0,0,0.000,0.000,27.270,0.000,0.000,0.000,0,0,15:08:51,389.571,4.205,660670.29,660670.29,0.0
sh603222,603222,济民健康,9.030,0.01,0.111,9.020,9.030,9.020,9.020,9.270,8.880,26296029,239583489,15:09:00,-19.213,4.26,474156.825345,474156.825345,5.0079
sh603223,603223,恒通股份,10.690,-0.22,-2.016,10.690,10.700,10.910,10.910,11.010,10.680,7373887,79717887,15:09:00,25.452,1.846,754523.924317,754523.924317,1.04472
sh603225,603225,新凤鸣,18.880,0,0,18.870,18.880,18.880,18.840,19.170,18.580,9634327,181903087,15:00:01,27.362,1.506,3167108.25664,3150214.24384,0.57741
sh603226,603226,菲林格尔,50.160,-0.84,-1.647,50.160,50.280,51.000,51.510,52.230,49.900,2783295,142866444,15:00:01,-228.0,20.939,1783146.71832,1783146.71832,0.78294
sh603227,603227,雪峰科技,7.590,-0.13,-1.684,7.590,7.600,7.720,7.670,7.730,7.580,6575639,50179535,15:00:01,16.149,1.557,813414.750951,813414.750951,0.61358
sh603228,603228,景旺电子,97.200,-1.01,-1.028,97.190,97.200,98.210,102.000,106.010,97.030,74864234,7607276131,15:08:57,74.769,7.315,9731625.95592,9544199.39496,7.62432
sh603229,603229,奥翔药业,8.400,0.21,2.564,8.400,8.410,8.190,8.180,8.550,8.080,13409766,112184774,15:00:03,52.5,2.946,697449.6018,697449.6018,1.61506
sh603230,603230,内蒙新华,9.210,-0.02,-0.217,9.210,9.250,9.230,9.180,9.550,9.180,3512000,32673485,15:00:03,18.796,1.15,325594.683,325594.683,0.99343
sh603231,603231,索宝蛋白,15.800,-0.14,-0.878,15.790,15.830,15.940,15.930,15.970,15.710,1506200,23865487,15:00:03,15.96,1.494,302505.3859,167900.25156,1.41739
sh603232,603232,格尔软件,16.440,-1.56,-8.667,16.440,16.470,18.000,17.430,17.650,16.410,29613500,504164792,15:08:57,-45.667,2.939,382304.95818,380257.19178,12.80307
sh603233,603233,大参林,17.940,-0.2,-1.103,17.930,17.940,18.140,17.860,18.300,17.860,7717365,139134665,15:08:57,16.611,2.66,2043105.00888,2043105.00888,0.67764
sh603235,603235,天新药业,23.660,-0.49,-2.029,23.660,23.670,24.150,24.180,24.180,23.660,763572,18189065,15:00:03,17.526,2.046,1035787.48,1035787.48,0.17442
sh603236,603236,移远通信,59.430,5.4,9.994,59.430,0.000,54.030,59.430,59.430,59.430,8895166,528639715,15:08:57,18.572,3.253,2394748.413141,2394748.413141,2.2075
sh603237,603237,五芳斋,14.420,-0.23,-1.57,14.410,14.420,14.650,14.630,14.750,14.420,858492,12500737,15:00:03,22.889,1.745,282648.908892,273701.587292,0.4523
sh603238,603238,诺邦股份,12.140,-0.14,-1.14,12.130,12.140,12.280,12.280,12.310,12.050,2607445,31788538,15:00:03,18.394,1.441,215495.926,215495.926,1.46891
sh603239,603239,浙江仙通,14.480,-0.26,-1.764,14.480,14.490,14.740,14.750,14.810,14.480,2376800,34804534,15:00:03,17.659,2.849,392002.56,392002.56,0.87796
sh603248,603248,锡华科技,18.910,-0.36,-1.868,18.910,18.920,19.270,19.320,19.380,18.900,2665579,50993852,15:00:03,33.768,3.724,869860.0,135215.862341,3.72782
sh603255,603255,鼎际得,28.550,0.28,0.99,28.550,28.560,28.270,28.290,29.330,28.010,1014400,29242435,15:00:01,356.875,2.425,384259.209285,173227.83304,1.67185
sh603256,603256,宏和科技,151.680,-2.81,-1.819,151.670,151.680,154.490,156.880,160.900,151.300,21728422,3411415638,15:08:57,659.478,49.506,13720767.19776,13343706.72,2.4699
sh603257,603257,中国瑞林,63.340,-2.61,-3.958,63.330,63.350,65.950,65.900,66.380,63.340,1362812,88511816,15:00:00,43.088,2.961,760080.0,157716.6,5.47314
sh603258,603258,电魂网络,13.160,-0.31,-2.301,13.150,13.160,13.470,13.420,13.700,13.130,3654500,48928054,15:08:57,-14.787,1.639,319478.411,317605.2166,1.51425
sh603259,603259,药明康德,162.330,3.29,2.069,162.330,162.340,159.040,158.900,164.800,157.150,74225264,12028294271,15:08:57,24.228,5.812,48435329.897115,40148758.233318,3.00109
sh603260,603260,合盛硅业,35.020,-0.88,-2.451,35.020,35.030,35.900,35.710,36.250,35.020,9724522,345579691,15:08:57,-13.733,1.407,4140088.707382,4140088.707382,0.82257
sh603261,603261,立航科技,57.370,5.22,10.01,57.370,0.000,52.150,53.190,57.370,52.500,2920750,162719393,15:00:03,-21.487,8.896,444646.311214,444646.311214,3.76847
sh603262,603262,技源集团,18.920,-0.29,-1.51,18.920,18.930,19.210,19.280,19.280,18.880,3820340,72547028,15:08:57,52.556,4.82,756818.92,197425.982732,3.66116
sh603266,603266,天龙股份,15.860,-0.26,-1.613,15.860,15.880,16.120,16.100,16.220,15.820,1222000,19587465,15:00:03,29.925,1.944,315434.3855,315434.3855,0.61442
sh603267,603267,鸿远电子,52.760,-0.14,-0.265,52.750,52.760,52.900,53.010,54.510,52.610,12982406,693113406,15:08:57,48.852,2.699,1219182.786192,1219182.786192,5.61812
sh603268,603268,松发股份,173.260,2.3,1.345,173.250,173.260,170.960,170.990,179.200,170.500,6099349,1070375257,15:08:57,58.534,16.738,17650289.719766,4041285.896192,2.61494
sh603269,603269,海鸥股份,17.610,0.05,0.285,17.610,17.620,17.560,18.110,18.500,17.550,48091475,863895468,15:08:57,46.342,7.369,760656.00789,760656.00789,11.13369
sh603270,603270,金帝股份,28.320,-0.34,-1.186,28.310,28.320,28.660,28.900,29.630,28.240,4004020,115737897,15:08:57,42.269,2.701,620510.080944,200269.600944,5.66206
sh603271,603271,永杰新材,42.100,-0.07,-0.166,42.100,42.120,42.170,42.280,42.880,42.030,1800242,76426175,15:00:01,18.711,2.741,834148.35,398164.94316,1.90349
sh603272,603272,*ST联翔,15.790,0.08,0.509,15.790,15.800,15.710,15.130,16.980,14.790,7342700,114558619,15:08:57,-131.583,3.037,163627.033,163627.033,7.0857
sh603273,603273,天元智能,14.240,-0.25,-1.725,14.240,14.250,14.490,14.490,14.520,14.240,2088609,30019516,15:00:03,118.667,3.458,306777.1616,79827.1616,3.72577
sh603275,603275,众辰科技,36.730,-0.57,-1.528,36.730,36.740,37.300,37.300,37.550,36.710,666183,24814491,15:08:57,30.355,1.811,546439.008723,152561.592099,1.60387
sh603276,603276,恒兴新材,15.500,-0.03,-0.193,15.500,15.560,15.530,15.510,15.780,15.430,2877360,44804968,15:00:03,53.448,1.791,321856.72035,116990.0258,3.81221
sh603277,603277,银都股份,12.490,0.85,7.302,12.480,12.490,11.640,12.530,12.800,12.000,20934763,260040544,15:08:57,15.613,2.679,764030.742285,761572.785225,3.43336
sh603278,603278,大业股份,9.570,-0.35,-3.528,9.570,9.580,9.920,9.880,9.930,9.570,19068700,186022056,15:08:57,-239.25,1.689,327063.738144,327063.738144,5.57957
sh603279,603279,景津装备,12.520,-0.23,-1.804,12.510,12.520,12.750,12.810,12.810,12.490,5849842,73573386,15:00:03,13.758,1.555,721618.996,721618.996,1.01494
sh603280,603280,南方路机,26.900,0.63,2.398,26.900,26.910,26.270,26.270,27.250,25.900,2619639,69477722,15:00:03,30.92,2.102,291613.93423,291613.93423,2.41649
sh603281,603281,江瀚新材,21.160,-0.73,-3.335,21.160,21.180,21.890,22.090,22.180,21.150,3473268,74906581,15:00:03,18.561,2.24,1097435.538628,1097435.538628,0.66969
sh603282,603282,亚光股份,14.820,-0.28,-1.854,14.820,14.870,15.100,15.100,15.160,14.800,897600,13452290,15:00:03,20.583,1.506,198321.24,198321.24,0.67075
sh603283,603283,赛腾股份,46.270,-0.17,-0.366,46.270,46.280,46.440,47.200,49.860,46.110,36311909,1740335231,15:08:57,26.44,4.579,1631138.926361,1631138.926361,10.30048
sh603284,603284,林平发展,43.470,-1.26,-2.817,43.470,43.500,44.730,44.700,45.410,43.000,2917113,128755475,15:08:57,13.253,1.481,327828.1356,81957.0339,15.47236
sh603285,603285,键邦股份,33.350,0.39,1.183,33.350,33.360,32.960,33.580,35.320,33.090,6992667,238563723,15:00:03,39.235,3.098,533600.0,207759.7613,11.22476
sh603286,603286,日盈电子,42.750,-0.55,-1.27,42.750,42.760,43.300,43.440,45.500,42.690,4177500,183840757,15:00:03,-95.0,6.228,504422.943525,499680.044775,3.57405
sh603288,603288,海天味业,36.200,-0.04,-0.11,36.190,36.200,36.240,36.200,36.330,35.980,11108786,401760500,15:08:57,29.431,5.04,21180783.05928,20126550.73128,0.1998
sh603289,603289,泰瑞机器,8.900,-0.44,-4.711,8.900,8.910,9.340,9.200,9.240,8.850,18487899,165861603,15:00:03,28.71,1.756,261124.10786,261124.10786,6.30131
sh603290,603290,斯达半导,86.690,-1.5,-1.701,86.680,86.690,88.190,89.100,89.910,86.620,6105684,541199339,15:08:57,51.296,2.981,2075995.476754,2075995.476754,2.54963
sh603291,603291,联合水务,9.030,-0.15,-1.634,9.030,9.040,9.180,9.240,9.240,9.010,2732500,24851661,15:00:03,37.704,2.093,382168.205412,382168.205412,0.64564
sh603293,603293,埃泰克,36.420,-0.83,-2.228,36.420,36.440,37.250,37.230,37.370,36.410,1952900,72069759,15:08:57,0.0,4.195,652248.176436,127821.493062,5.56437
sh603296,603296,华勤技术,85.970,6.95,8.795,85.970,85.980,79.020,81.790,86.920,81.790,50183391,4294605447,15:08:57,21.386,4.869,13034783.977411,6865530.250447,6.28395
sh603297,603297,永新光学,102.780,-0.09,-0.087,102.780,102.800,102.870,103.810,105.950,102.500,1235222,129024690,15:00:03,51.909,5.409,1138073.6898,1138073.6898,1.11554
sh603298,603298,杭叉集团,25.710,-0.42,-1.607,25.710,25.720,26.130,26.130,26.130,25.700,5307395,137207877,15:00:03,15.395,2.798,3367526.777979,3367526.777979,0.4052
sh603299,603299,苏盐井神,8.910,-0.05,-0.558,8.910,8.920,8.960,8.930,8.990,8.870,4738353,42280454,15:00:03,13.338,1.038,850691.104758,695431.009944,0.60709
sh603300,603300,海南华铁,5.100,-0.09,-1.734,5.090,5.100,5.190,5.190,5.320,5.080,75780502,394245120,15:08:57,19.615,1.528,1019585.99067,1019585.99067,3.79056
sh603301,603301,振德医疗,84.180,0.18,0.214,84.180,84.190,84.000,84.400,86.800,83.080,2243945,191958920,15:08:57,85.03,3.88,2221310.06205,2221310.06205,0.85038
sh603303,603303,得邦照明,22.450,-0.52,-2.264,22.450,22.460,22.970,22.940,23.610,22.380,2462900,56099018,15:00:03,39.727,3.324,1070740.570875,1070740.570875,0.51639
sh603305,603305,旭升集团,11.780,-0.17,-1.423,11.780,11.790,11.950,11.990,12.040,11.780,14090479,167975222,15:08:57,31.0,1.455,1361424.678968,1361424.678968,1.21921
sh603306,603306,华懋科技,72.000,0.45,0.629,72.000,72.100,71.550,72.880,77.140,72.000,21290432,1596305750,15:08:57,114.65,7.381,2372369.0184,2372369.0184,6.46152
sh603307,603307,扬州金泉,24.660,-0.4,-1.596,24.660,24.860,25.060,25.170,25.190,24.660,560015,13993282,15:00:03,15.222,1.684,243422.9289,239571.9,0.57644
sh603308,603308,应流股份,48.400,0,0,48.400,48.410,48.400,48.740,50.700,48.400,19060993,944735960,15:08:57,94.902,6.465,3286605.52836,3286605.52836,2.80701
sh603309,603309,维力医疗,11.840,-0.02,-0.169,11.840,11.850,11.860,11.820,12.000,11.680,6459083,76589974,15:00:03,45.538,1.943,345575.758912,345575.758912,2.21299
sh603310,603310,巍华新材,14.820,0.02,0.135,14.820,14.830,14.800,15.050,15.290,14.800,3117432,46794233,15:00:03,30.245,1.258,511793.88,287522.82,1.60684
sh603311,603311,金海高科,29.800,0.05,0.168,29.800,29.810,29.750,30.000,31.240,29.640,4445100,134053079,15:00:03,90.303,5.213,702934.04286,702934.04286,1.88444
sh603312,603312,西典新能,32.480,-0.27,-0.824,32.480,32.510,32.750,33.080,33.750,32.430,1119100,37001321,15:00:03,20.049,2.819,519678.376,165386.536,2.19778
sh603313,603313,梦百合,6.350,-0.08,-1.244,6.340,6.350,6.430,6.410,6.460,6.290,13808920,88099997,15:08:57,-317.5,1.067,362322.671975,362322.671975,2.42013
sh603315,603315,福鞍股份,11.850,-0.09,-0.754,11.840,11.850,11.940,11.880,12.400,11.830,8368621,101378109,15:08:57,76.353,2.183,379634.02284,379634.02284,2.6122
sh603316,603316,诚邦股份,14.100,-0.43,-2.959,14.100,14.110,14.530,14.670,15.090,14.100,9131100,132976576,15:08:57,-31.153,6.889,380698.59,372612.24,3.45529
sh603317,603317,天味食品,14.700,0.14,0.962,14.700,14.710,14.560,14.560,14.960,14.460,13332949,196412563,15:08:57,27.293,3.282,1561253.35611,1561253.35611,1.25537
sh603318,603318,水发燃气,8.950,-0.11,-1.214,8.950,8.960,9.060,9.100,9.180,8.950,24699588,223537387,15:08:57,-52.647,2.641,496432.53011,410868.47698,5.38034
sh603319,603319,美湖股份,27.480,-0.52,-1.857,27.480,27.490,28.000,28.570,28.610,27.420,12910224,360149559,15:08:57,88.645,3.785,931983.315144,931983.315144,3.80664
sh603320,603320,迪贝电气,16.620,-0.28,-1.657,16.620,16.640,16.900,16.890,17.080,16.550,1569400,26409409,15:00:03,30.218,2.072,247880.989386,247880.989386,1.05226
sh603321,603321,梅轮电梯,6.250,-0.05,-0.794,6.250,6.260,6.300,6.300,6.350,6.240,3404700,21428704,15:00:03,62.5,1.507,218055.918125,215352.793125,0.98812
sh603322,603322,超讯科技,27.630,0.6,2.22,27.620,27.630,27.030,27.470,28.940,27.470,10710500,301032950,15:08:57,-120.13,16.549,435412.317348,435412.317348,6.79657
sh603323,603323,苏农银行,4.150,-0.02,-0.48,4.150,4.160,4.170,4.170,4.190,4.140,21752816,90471885,15:00:03,4.109,0.433,921464.166115,921464.166115,0.97968
sh603324,603324,盛剑科技,27.770,-0.68,-2.39,27.770,27.780,28.450,28.640,29.050,27.700,3094400,88012226,15:08:57,-231.417,2.582,420933.71666,406757.40936,2.1126
sh603325,603325,博隆技术,53.980,-1.67,-3.001,53.960,53.990,55.650,55.590,56.160,53.980,609600,33383233,15:00:03,10.529,1.559,431861.592,184520.9136,1.78333
sh603326,603326,我乐家居,6.780,-0.13,-1.881,6.760,6.780,6.910,6.880,7.020,6.750,3006360,20548767,15:00:03,12.327,1.815,216401.95854,216401.95854,0.94191
sh603327,603327,福蓉科技,9.020,-0.2,-2.169,9.010,9.020,9.220,9.230,9.360,9.010,30131865,276098021,15:08:57,75.99,3.766,943004.34272,943004.34272,2.88217
sh603328,603328,依顿电子,10.760,-0.35,-3.15,10.750,10.760,11.110,11.190,11.300,10.750,30641739,338462678,15:08:57,23.09,2.482,1074324.249436,1074324.249436,3.06895
sh603329,603329,上海雅仕,10.170,-0.19,-1.834,10.170,10.200,10.360,10.340,10.370,10.170,2452950,25200400,15:00:03,56.5,1.725,254302.044975,209891.564901,1.18854
sh603330,603330,天洋新材,9.710,0.88,9.966,9.710,0.000,8.830,8.990,9.710,8.500,67585750,631392220,15:08:57,-16.458,3.224,420126.113179,420126.113179,15.62049
sh603331,603331,百达精工,13.330,0.16,1.215,13.320,13.330,13.170,13.200,13.540,13.110,6039300,80217201,15:08:57,-11.902,2.587,269500.122788,269500.122788,2.98716
sh603332,603332,苏州龙杰,11.160,-0.23,-2.019,11.160,11.170,11.390,11.390,11.450,11.150,2142300,24178990,15:00:03,31.0,1.828,241443.457344,241443.457344,0.99021
sh603333,603333,福华尚纬,9.160,-0.34,-3.579,9.160,9.170,9.500,9.500,9.510,9.150,23295000,217123134,15:08:57,-114.5,2.789,569319.268776,569319.268776,3.74802
sh603334,603334,丰倍生物,33.030,-0.75,-2.22,33.030,33.070,33.780,33.800,34.000,33.000,1303406,43679492,15:00:01,26.637,2.725,473980.5,105090.570009,4.09661
sh603335,603335,迪生力,6.720,-0.2,-2.89,6.710,6.720,6.920,6.920,7.000,6.710,10819400,74209049,15:08:57,61.091,10.191,287713.1712,287713.1712,2.52704
sh603336,603336,宏辉果蔬,9.660,-0.42,-4.167,9.660,9.670,10.080,9.980,10.040,9.500,21913104,215805814,15:08:57,322.0,4.092,588022.50087,588022.50087,3.59987
sh603337,603337,杰克科技,39.570,-4.13,-9.451,39.570,39.580,43.700,43.430,43.820,39.380,14710321,602524727,15:08:57,22.106,3.508,1885067.676087,1848036.882987,3.14976
sh603338,603338,浙江鼎力,56.630,-0.33,-0.579,56.620,56.630,56.960,56.970,58.070,56.410,4572026,261300591,15:00:03,15.101,2.421,2867448.038777,2867448.038777,0.90294
sh603339,603339,四方科技,13.790,-0.27,-1.92,13.780,13.790,14.060,14.030,14.140,13.770,7195180,99953773,15:08:57,27.58,1.53,426719.380325,426719.380325,2.32522
sh603341,603341,龙旗科技,40.900,1.33,3.361,40.890,40.900,39.570,40.000,41.970,39.620,20593186,842617590,15:08:57,32.205,2.959,2137395.73396,1093675.53379,7.7012
sh603344,603344,星德胜,22.130,-0.5,-2.209,22.130,22.140,22.630,22.840,22.840,22.130,1319797,29653488,15:00:01,24.865,1.984,430497.05874,119570.55874,2.44267
sh603345,603345,安井食品,84.120,-0.93,-1.093,84.120,84.130,85.050,84.380,85.730,84.020,4250916,361045408,15:00:03,19.118,1.746,2803626.495984,2467191.079584,1.44937
sh603348,603348,文灿股份,14.580,-0.08,-0.546,14.570,14.580,14.660,14.640,14.750,14.480,2212600,32279404,15:00:03,-13.135,1.178,458507.745936,458507.745936,0.70358
sh603350,603350,安乃达,28.440,-0.16,-0.559,28.420,28.440,28.600,28.640,29.180,28.410,770400,22200730,15:00:01,28.727,2.427,331308.936,125490.078,1.74597
sh603351,603351,威尔药业,26.840,0.37,1.398,26.810,26.840,26.470,26.490,27.300,26.230,2320900,62611773,15:00:01,24.18,1.982,363518.630288,363518.630288,1.71361
sh603352,603352,至信股份,27.150,-0.96,-3.415,27.150,27.160,28.110,28.300,28.320,27.150,2244902,62266124,15:08:57,20.261,2.082,615400.000905,123080.00181,4.95199
sh603353,603353,和顺石油,31.310,1.13,3.744,31.310,31.370,30.180,30.400,32.680,30.220,8011700,252743619,15:08:57,-260.917,3.32,533578.758,533578.758,4.70121
sh603355,603355,莱克电气,27.140,0.07,0.259,27.120,27.140,27.070,27.260,27.980,26.750,2526180,69179898,15:00:00,19.525,2.753,1556199.137748,1556199.137748,0.44056
sh603356,603356,华菱精工,16.380,-0.33,-1.975,16.370,16.380,16.710,16.740,17.120,16.340,2800300,46978230,15:00:00,-15.75,7.231,218410.92,218410.92,2.10012
sh603357,603357,设计总院,6.050,-0.03,-0.493,6.030,6.050,6.080,6.080,6.150,6.030,3469540,21085081,15:00:03,9.167,0.85,339128.668065,339128.668065,0.61896
sh603358,603358,华达科技,42.660,-0.44,-1.021,42.650,42.660,43.100,43.100,44.330,42.500,12729502,554074843,15:08:57,77.564,5.652,2003923.962216,1969913.563038,2.75667
sh603359,603359,*ST东珠,2.270,-0.07,-2.991,2.270,2.290,2.340,2.330,2.330,2.270,8351200,19209091,15:00:06,-0.938,0.722,101263.792,101263.792,1.87206
sh603360,603360,百傲化学,13.590,-0.33,-2.371,13.590,13.600,13.920,13.920,13.980,13.550,6580854,90412915,15:00:03,45.3,6.807,959757.945786,959757.945786,0.93184
sh603363,603363,傲农生物,3.000,0.01,0.334,2.990,3.000,2.990,2.980,3.030,2.960,38558060,115439728,15:00:03,100.0,2.645,819318.5478,643976.9004,1.79625
sh603365,603365,水星家纺,17.210,-0.32,-1.825,17.200,17.210,17.530,17.530,17.530,17.130,1965426,33909642,15:08:51,10.892,1.394,451756.1323,449411.0977,0.75265
sh603366,603366,日出东方,6.930,-0.09,-1.282,6.930,6.940,7.020,7.020,7.050,6.910,11068112,77112411,15:08:51,32.263,1.315,563442.333993,563442.333993,1.36131
sh603367,603367,辰欣药业,15.250,-0.15,-0.974,15.250,15.260,15.400,15.300,15.710,14.980,26141470,400696831,15:08:51,16.398,1.092,690450.046725,690450.046725,5.77388
sh603368,603368,柳药集团,16.910,0.96,6.019,16.900,16.910,15.950,16.000,17.110,15.750,23557420,391122493,15:08:51,9.447,0.855,671684.401305,671684.401305,5.9307
sh603369,603369,今世缘,30.040,-0.68,-2.214,30.030,30.040,30.720,30.700,30.730,29.960,29276858,888256033,15:08:51,14.385,2.087,3745387.311148,3745387.311148,2.34816
sh603370,603370,华新精科,34.410,-0.28,-0.807,34.400,34.410,34.690,34.550,34.800,34.400,508400,17606586,15:00:03,30.451,3.058,602002.95,120400.59,1.45299
sh603373,603373,安邦护卫,41.330,0.17,0.413,41.320,41.330,41.160,41.800,42.700,40.700,2751940,115207758,15:08:51,35.025,3.325,622172.045455,262867.690083,4.3268
sh603375,603375,盛景微,38.140,-0.42,-1.089,38.100,38.140,38.560,38.950,40.000,37.990,1684342,65860800,15:00:03,381.4,2.479,383942.667938,243260.463206,2.64082
sh603376,603376,大明电子,25.970,-0.33,-1.255,25.970,26.000,26.300,26.370,26.490,25.890,1270522,33269051,15:08:51,38.191,5.926,1038802.597,83106.0776,3.97028
sh603377,603377,ST东时,3.050,-0.02,-0.651,3.050,3.060,3.070,3.080,3.140,3.040,3824200,11783601,15:00:03,-2.933,-1525.0,220463.58371,220463.58371,0.52906
sh603378,603378,*ST亚士,5.670,0.12,2.162,5.670,5.680,5.550,5.460,5.910,5.460,9023790,51539028,15:00:03,-1.761,-14.61,243014.296014,243014.296014,2.10543
sh603379,603379,三美股份,63.300,-1.09,-1.693,63.290,63.300,64.390,64.390,64.950,62.910,8449304,538950627,15:00:01,18.618,4.483,3864332.30421,3864332.30421,1.38404
sh603380,603380,易德龙,33.400,-0.01,-0.03,33.400,33.410,33.410,33.650,34.220,33.370,2262800,76557171,15:00:03,24.203,3.321,535873.608,535873.608,1.41036
sh603381,603381,永臻股份,14.990,-0.34,-2.218,14.990,15.000,15.330,15.330,15.380,14.990,3952526,60006245,15:00:01,-16.118,1.063,355647.232674,213064.391314,2.78077
sh603382,603382,海阳科技,19.040,-0.26,-1.347,19.030,19.040,19.300,19.300,19.460,19.010,3094371,59526715,15:08:51,26.444,1.949,345102.604672,219885.126944,2.67944
sh603383,603383,顶点软件,29.560,-0.32,-1.071,29.550,29.560,29.880,29.980,30.290,29.500,3736124,111841699,15:00:03,33.977,3.92,607092.517204,607092.517204,1.81916
sh603385,603385,惠达卫浴,5.380,-0.08,-1.465,5.380,5.390,5.460,5.480,5.480,5.360,2490060,13484438,15:00:03,-10.76,0.582,204797.752784,204797.752784,0.65413
sh603386,603386,骏亚科技,13.280,-0.35,-2.568,13.280,13.290,13.630,13.660,13.850,13.270,5587995,75848241,15:08:51,-664.0,3.311,433356.35968,433356.35968,1.71241
sh603387,603387,基蛋生物,9.430,-0.02,-0.212,9.420,9.430,9.450,9.510,9.620,9.280,14312932,135689021,15:00:03,21.432,1.69,478245.766531,478245.766531,2.82221
sh603389,603389,亚振家居,43.600,-1.6,-3.54,43.520,43.600,45.200,44.860,45.400,43.430,2210600,97863775,15:08:51,-192.835,57.135,1145598.72,1145598.72,0.84133
sh603390,603390,通达电气,10.220,-0.06,-0.584,10.220,10.230,10.280,10.270,10.410,10.210,5744400,59154274,15:00:03,42.583,2.1,359388.327648,358797.595296,1.63624
sh603391,603391,力聚热能,62.140,-0.79,-1.255,62.130,62.140,62.930,63.000,64.000,61.850,1518800,94971992,15:00:01,25.056,2.492,565474.0,141368.5,6.67604
sh603392,603392,万泰生物,30.860,0.42,1.38,30.860,30.870,30.440,30.150,31.880,29.890,10049841,311130089,15:08:51,-99.548,3.301,3901916.193144,3901916.193144,0.79484
sh603393,603393,新天然气,24.400,-0.53,-2.126,24.390,24.400,24.930,24.830,24.980,24.190,10135475,246855899,15:08:51,12.842,1.068,1034368.03788,1034368.03788,2.39089
sh603395,603395,红四方,22.060,-0.3,-1.342,22.060,22.070,22.360,22.300,22.450,22.030,2304761,51212113,15:00:03,110.3,4.021,573560.0,143390.0,3.54579
sh603396,603396,金辰股份,26.630,-0.91,-3.304,26.630,26.640,27.540,27.390,27.960,26.620,11103061,301150487,15:08:51,66.575,1.408,368898.673914,368898.673914,8.01506
sh603398,603398,*ST沐邦,10.770,0.07,0.654,10.770,10.780,10.700,10.780,10.870,10.400,6472000,68789911,15:00:03,-5.698,65.273,467031.921348,467031.921348,1.49248
sh603399,603399,永杉锂业,17.020,0.21,1.249,17.020,17.030,16.810,16.530,17.430,16.250,119004147,1984625312,15:08:51,-26.185,5.384,871918.684598,871918.684598,23.22981
sh603400,603400,华之杰,44.610,-1.64,-3.546,44.600,44.610,46.250,45.050,46.030,44.600,3903841,176953264,15:08:51,31.415,4.87,579171.964575,161622.364575,10.77514
sh603402,603402,陕西旅游,64.910,-1.31,-1.978,64.910,64.960,66.220,65.970,66.530,64.880,1378664,90434914,15:08:51,10.064,2.221,652561.870994,163140.470994,5.4854
sh603406,603406,天富龙,26.640,-0.45,-1.661,26.630,26.640,27.090,27.150,27.320,26.610,1482377,39886687,15:00:01,22.576,2.278,1065626.64,156429.624456,2.52449
sh603407,603407,长裕集团,62.490,-1.57,-2.451,62.490,62.500,64.060,64.460,64.680,62.490,6442021,409105155,15:08:51,91.897,14.6,2548812.318519,224414.038008,17.93836
sh603408,603408,建霖家居,10.320,-0.04,-0.386,10.320,10.360,10.360,10.380,10.570,10.200,2772400,28730961,15:00:03,10.32,1.318,461895.336,461895.336,0.61943
sh603409,603409,汇通控股,18.010,-0.86,-4.557,18.010,18.020,18.870,18.680,18.700,18.000,5366981,98047442,15:00:01,14.762,2.179,338187.985293,97034.299612,9.96136
sh603416,603416,信捷电气,48.530,-1.64,-3.269,48.530,48.570,50.170,50.200,50.390,48.500,2505374,124181124,15:00:03,28.887,2.764,761803.329309,677217.32036,1.79537
sh603418,603418,友升股份,44.350,-0.18,-0.404,44.350,44.360,44.530,44.550,44.890,44.160,842900,37491064,15:00:01,14.169,1.85,856258.54914,183452.05422,2.03773
sh603421,603421,鼎信通讯,6.060,-0.01,-0.165,6.060,6.070,6.070,6.110,6.270,6.060,13804920,84617985,15:08:51,-6.184,1.642,395227.449666,395227.449666,2.1167
sh603429,603429,*ST集友,7.450,-0.14,-1.845,7.440,7.450,7.590,7.560,7.630,7.450,1416600,10680339,15:00:01,-186.25,3.097,390741.671425,390741.671425,0.27009
sh603435,603435,嘉德利,53.090,-1.17,-2.156,53.090,53.100,54.260,54.800,56.180,53.000,3829835,209565200,15:08:51,0.0,14.788,2437720.46986,189465.160478,10.73157
sh603439,603439,三力制药,12.930,0.33,2.619,12.930,12.940,12.600,12.500,13.150,12.500,18411600,236295657,15:08:51,117.545,3.497,522165.399288,522165.399288,4.55913
sh603444,603444,吉比特,384.250,0.95,0.248,384.250,384.470,383.300,383.000,389.790,380.630,1891954,726622881,15:08:51,15.432,4.609,2768179.305925,2768179.305925,2.62621
sh603456,603456,九洲药业,18.260,1.43,8.497,18.250,18.260,16.830,16.660,18.510,16.520,75603787,1348345288,15:08:51,22.268,1.809,1610002.511128,1610002.511128,8.57468
sh603458,603458,勘设股份,9.410,-0.47,-4.757,9.400,9.410,9.880,10.000,10.000,9.300,15188800,145719725,15:00:01,-7.468,1.117,288063.167674,288063.167674,4.96164
sh603459,603459,红板科技,96.030,-3.74,-3.749,96.020,96.030,99.770,101.000,101.210,95.950,17114242,1678642497,15:08:51,115.699,29.654,7238295.705564,759134.992374,21.64939
sh603466,603466,风语筑,13.720,1.25,10.024,13.720,0.000,12.470,12.300,13.720,12.100,142829698,1919907928,15:08:51,-457.333,3.923,816104.691024,816104.691024,24.01191
sh603468,603468,津富士达,26.780,-1.26,-4.494,26.780,26.790,28.040,27.760,27.760,26.780,11900973,323668407,15:08:51,26.0,3.352,1103929.7126,107089.401172,29.76093
sh603477,603477,巨星农牧,15.320,-0.02,-0.13,15.310,15.320,15.340,15.300,15.450,15.080,13081383,199827410,15:00:03,255.333,3.165,801204.783968,781428.485516,2.56462
sh603486,603486,科沃斯,56.070,-1.67,-2.892,56.060,56.070,57.740,57.710,57.780,56.060,4524974,257586750,15:08:51,18.087,3.496,3244200.72417,3214788.224445,0.78921
sh603488,603488,展鹏科技,8.550,-0.39,-4.362,8.540,8.550,8.940,8.900,9.130,8.530,17696700,155085523,15:08:51,-14.741,3.223,249651.8262,249651.8262,6.06071
sh603489,603489,八方股份,27.980,-0.01,-0.036,27.970,27.980,27.990,27.990,28.380,27.880,2624574,73756112,15:00:03,63.591,2.37,656461.105242,656461.105242,1.11866
sh603496,603496,恒为科技,25.810,0.27,1.057,25.810,25.820,25.540,25.920,26.430,25.300,30451941,788480514,15:08:51,236.572,5.927,826460.056183,826460.056183,9.51001
sh603499,603499,翔港科技,12.750,-0.1,-0.778,12.750,12.760,12.850,12.900,13.030,12.710,3436480,44317361,15:00:03,33.553,5.835,540130.98615,540130.98615,0.81119
sh603500,603500,祥和实业,9.930,0.03,0.303,9.910,9.930,9.900,9.920,10.200,9.870,8990080,89852485,15:00:01,24.825,3.064,330453.763278,330280.805517,2.7029
sh603501,603501,豪威集团,90.020,-1.5,-1.639,90.020,90.030,91.520,91.900,92.510,90.000,19888687,1815219056,15:08:51,26.712,3.447,11321855.269858,10865083.887658,1.64783
sh603505,603505,金石资源,16.390,-0.23,-1.384,16.380,16.390,16.620,16.590,16.780,16.380,11810924,195805409,15:08:51,42.026,7.274,1379495.184507,1379495.184507,1.40327
sh603506,603506,南都物业,10.490,-0.26,-2.419,10.480,10.490,10.750,10.740,10.780,10.470,2640200,28045551,15:00:03,19.426,1.59,196978.890171,196978.890171,1.40602
sh603507,603507,振江股份,24.700,-0.03,-0.121,24.700,24.710,24.730,24.740,25.240,24.540,7593181,189163929,15:00:03,40.492,2.27,590166.96518,583670.46998,3.21331
sh603508,603508,思维列控,21.910,-0.16,-0.725,21.900,21.910,22.070,22.230,22.230,21.890,3737120,82302160,15:00:01,15.007,2.027,835372.160007,835372.160007,0.98017
sh603511,603511,爱慕股份,12.080,-0.27,-2.186,12.080,12.140,12.350,12.310,12.400,12.070,1168200,14273056,15:00:03,31.789,1.095,490296.168896,485479.872896,0.29068
sh603515,603515,欧普照明,16.760,-0.18,-1.063,16.750,16.760,16.940,16.940,17.040,16.760,957502,16136013,15:00:03,13.302,1.741,1244060.859324,1236469.920124,0.12979
sh603516,603516,淳中科技,98.790,-1.82,-1.809,98.790,98.800,100.610,101.500,102.860,98.670,4256615,430963195,15:08:51,71.587,11.787,2008087.328241,2008087.328241,2.09409
sh603517,603517,ST绝味,10.950,-0.25,-2.232,10.950,10.960,11.200,11.200,11.250,10.950,3304300,36678283,15:00:03,-35.323,1.103,663572.11992,663572.11992,0.54526
sh603518,603518,锦泓集团,7.990,-0.15,-1.843,7.990,8.000,8.140,8.130,8.130,7.970,4370700,35087214,15:00:01,12.106,0.718,275936.235216,274915.113216,1.27028
sh603519,603519,立霸股份,15.680,0.1,0.642,15.680,15.690,15.580,15.550,16.400,15.320,11181740,175845173,15:08:51,26.576,3.31,417602.051552,417602.051552,4.19849
sh603520,603520,司太立,9.010,-0.05,-0.552,9.010,9.020,9.060,9.070,9.170,8.910,11007100,99737794,15:08:51,450.5,1.534,395007.302781,395007.302781,2.51069
sh603527,603527,众源新材,9.780,-0.29,-2.88,9.780,9.790,10.070,10.070,10.140,9.780,6340476,63153970,15:08:51,48.9,1.461,309997.8336,309997.8336,2.00033
sh603528,603528,多伦科技,6.360,-0.07,-1.089,6.360,6.370,6.430,6.500,6.560,6.360,9730700,62805490,15:08:51,-144.545,2.389,448971.563316,448971.563316,1.37842
sh603529,603529,爱玛科技,20.950,-0.21,-0.992,20.950,20.960,21.160,21.100,21.190,20.920,3615473,76030142,15:08:51,8.877,1.831,1810599.74436,1782354.604495,0.42497
sh603530,603530,神马电力,45.770,-1.78,-3.743,45.760,45.770,47.550,46.900,48.880,45.710,6603607,309042450,15:08:51,44.873,10.878,1974537.833529,1956506.270598,1.54483
sh603533,603533,掌阅科技,22.360,-0.31,-1.367,22.360,22.370,22.670,22.800,23.620,22.360,25585164,589332231,15:08:51,-55.9,4.275,981373.32306,981373.32306,5.82943
sh603535,603535,嘉诚国际,6.730,0.15,2.28,6.720,6.730,6.580,6.500,6.740,6.500,6186487,40966995,15:00:03,84.125,1.386,343848.036763,343848.036763,1.21086
sh603536,603536,惠发食品,9.950,0.18,1.842,9.940,9.950,9.770,9.770,10.100,9.600,9822600,97238840,15:08:51,-35.536,6.89,241168.8761,239329.5987,4.08369
sh603538,603538,美诺华,32.570,-0.76,-2.28,32.570,32.580,33.330,35.000,35.000,31.630,113610097,3808565750,15:08:51,67.854,3.776,1107146.108316,1097348.280407,33.7202
sh603551,603551,奥普科技,9.420,-0.11,-1.154,9.420,9.430,9.530,9.550,9.570,9.410,2107200,19998792,15:00:03,12.077,2.498,362371.9983,357850.3983,0.5547
sh603556,603556,海兴电力,25.910,0.72,2.858,25.910,25.920,25.190,24.950,25.960,24.900,14221335,361994932,15:08:51,17.159,1.689,1259910.46447,1259910.46447,2.92461
sh603557,603557,*ST起步,3.860,-0.03,-0.771,3.850,3.860,3.890,3.870,3.930,3.850,2846600,11011980,15:00:03,-17.419,42.984,240646.638768,240646.638768,0.4566
sh603558,603558,健盛集团,11.920,-0.44,-3.56,11.910,11.920,12.360,12.300,12.310,11.880,7338700,88420362,15:00:03,10.643,1.824,408424.554408,408424.554408,2.14182
sh603559,603559,中通国脉,9.170,0.27,3.034,9.170,9.180,8.900,8.980,9.790,8.920,25463201,240327494,15:08:51,-22.366,4.701,367970.989743,367970.989743,6.34554
sh603565,603565,中谷物流,10.850,0.03,0.277,10.850,10.860,10.820,10.830,11.160,10.680,23685555,259397746,15:00:03,11.421,2.078,2278568.466755,2278568.466755,1.12785
sh603566,603566,普莱柯,10.430,-0.09,-0.856,10.420,10.430,10.520,10.500,10.590,10.350,3243396,33915625,15:00:03,19.315,1.364,360942.950739,360942.950739,0.93723
sh603567,603567,珍宝岛,7.010,0.13,1.89,7.010,7.020,6.880,6.750,7.200,6.650,102211211,708977864,15:08:51,-4.821,1.08,659104.936187,658521.707692,10.88044
sh603568,603568,伟明环保,15.540,-0.14,-0.893,15.540,15.550,15.680,15.690,15.800,15.520,4696873,73348636,15:00:03,11.863,2.078,3183302.827572,3183302.827572,0.22929
sh603569,603569,长久物流,5.900,-0.01,-0.169,5.900,5.910,5.910,5.930,5.950,5.860,3048000,17991250,15:00:03,-42.143,1.342,356069.27809,356069.27809,0.50505
sh603577,603577,汇金通,10.460,-0.1,-0.947,10.450,10.460,10.560,10.680,10.690,10.390,4639300,48659485,15:00:03,34.431,1.797,354739.4986,354739.4986,1.36796
sh603578,603578,三星新材,12.880,-0.08,-0.617,12.870,12.880,12.960,12.990,13.480,12.800,4593342,59750750,15:00:01,-13.702,2.127,301470.006432,232299.857216,2.54681
sh603579,603579,荣泰健康,18.500,-0.3,-1.596,18.500,18.510,18.800,18.820,18.820,18.490,2014930,37560179,15:00:03,22.289,1.298,371946.8734,371946.8734,1.00219
sh603580,603580,艾艾精工,53.690,-2.66,-4.72,53.690,53.700,56.350,55.660,55.950,52.250,12361400,666808762,15:08:51,160.03,15.417,701584.4108,701584.4108,9.45978
sh603583,603583,捷昌驱动,24.780,-0.36,-1.432,24.780,24.790,25.140,25.160,25.280,24.710,4547000,113760531,15:08:51,23.827,2.032,955915.64649,947207.95449,1.18955
sh603585,603585,苏利股份,10.110,-0.14,-1.366,10.110,10.120,10.250,10.260,10.280,10.100,2817460,28614402,15:08:51,9.538,1.064,278384.724921,273774.767121,1.04044
sh603586,603586,金麒麟,13.370,-0.16,-1.183,13.360,13.370,13.530,13.500,13.610,13.350,1670200,22483916,15:00:03,19.1,1.166,262122.56686,262122.56686,0.85191
sh603587,603587,地素时尚,11.660,-0.05,-0.427,11.650,11.660,11.710,11.700,11.780,11.600,1710287,20000390,15:00:03,20.821,1.476,551171.449642,551171.449642,0.36181
sh603588,603588,高能环境,13.570,-0.53,-3.759,13.570,13.580,14.100,14.160,14.320,13.540,58416800,811800128,15:08:51,24.61,2.017,2067029.158149,2067029.158149,3.83505
sh603589,603589,口子窖,20.380,-0.07,-0.342,20.370,20.380,20.450,20.300,20.770,20.300,7751434,159394277,15:08:51,18.035,1.136,1218967.483936,1218967.483936,1.29597
sh603590,603590,康辰药业,33.100,0.14,0.425,33.100,33.120,32.960,32.900,33.680,32.220,3648193,120990435,15:00:01,31.524,1.634,526324.67887,523719.70887,2.30572
sh603595,603595,ST东尼,26.080,-0.81,-3.012,26.080,26.100,26.890,26.890,28.180,26.020,2969900,79899348,15:08:51,-96.593,3.987,606209.586208,606209.586208,1.27769
sh603596,603596,伯特利,27.110,0.14,0.519,27.100,27.110,26.970,26.900,27.680,26.900,15199074,414802856,15:08:51,12.551,3.019,2433506.9198,2433506.9198,1.69322
sh603598,603598,引力传媒,19.820,0.98,5.202,19.820,19.830,18.840,18.880,20.720,18.840,56978559,1137547986,15:08:51,330.333,23.92,534551.1478,533956.5478,21.14994
sh603599,603599,广信股份,9.970,-0.2,-1.967,9.960,9.970,10.170,10.140,10.170,9.910,12417034,124094961,15:08:51,13.847,0.888,907538.536965,907538.536965,1.36411
sh603600,603600,永艺股份,9.480,-0.09,-0.94,9.470,9.480,9.570,9.590,9.600,9.420,2920450,27747224,15:00:01,13.543,1.334,313250.64516,313250.64516,0.88382
sh603601,603601,再升科技,9.710,-0.13,-1.321,9.700,9.710,9.840,9.950,10.100,9.710,67648364,670566965,15:08:54,177.19,4.099,1109213.082841,1109213.082841,5.92191
sh603602,603602,纵横通信,11.740,0.14,1.207,11.740,11.750,11.600,11.710,12.070,11.530,5641894,66794515,15:08:54,-16.082,3.044,271261.497956,271261.497956,2.44177
sh603605,603605,珀莱雅,58.530,-0.35,-0.594,58.530,58.550,58.880,58.620,59.360,58.300,3733944,219571202,15:00:03,15.362,3.647,2317647.814797,2317647.814797,0.94297
sh603606,603606,东方电缆,38.640,-0.38,-0.974,38.630,38.640,39.020,39.020,39.080,38.530,14138971,547181666,15:08:54,20.886,3.769,3187059.997632,3187059.997632,1.71421
sh603607,603607,京华激光,22.520,-0.12,-0.53,22.500,22.520,22.640,22.540,23.000,22.380,2753200,62110498,15:00:03,38.169,3.758,402019.8336,402019.8336,1.54226
sh603608,603608,天创时尚,19.170,-0.46,-2.343,19.150,19.170,19.630,19.780,20.680,19.100,22125820,439121497,15:08:54,479.25,7.444,814781.904228,814781.904228,5.20571
sh603609,603609,禾丰股份,6.310,-0.03,-0.473,6.310,6.320,6.340,6.320,6.370,6.230,2768650,17413291,15:00:01,105.167,0.894,570434.558523,570434.558523,0.30626
sh603610,603610,麒盛科技,15.510,-0.24,-1.524,15.500,15.510,15.750,15.750,16.170,15.510,6202453,98245200,15:08:54,53.483,1.759,547490.004171,547490.004171,1.75711
sh603611,603611,诺力股份,16.900,-0.37,-2.142,16.900,16.910,17.270,17.300,17.300,16.880,2124640,36294590,15:00:03,10.12,1.344,435345.33679,435345.33679,0.82478
sh603612,603612,索通发展,16.600,-0.44,-2.582,16.590,16.600,17.040,17.060,17.090,16.580,8558900,143952500,15:00:03,10.993,1.399,826853.40194,826853.40194,1.71829
sh603613,603613,国联股份,18.910,-0.34,-1.766,18.910,18.920,19.250,19.260,19.450,18.880,7550875,144377360,15:00:03,10.333,1.453,1362537.004383,1362537.004383,1.04795
sh603615,603615,茶花股份,17.000,-0.94,-5.24,17.000,17.020,17.940,17.940,18.220,17.000,7700638,133912149,15:08:54,653.846,3.576,411094.0,411094.0,3.18445
sh603616,603616,韩建河山,5.420,-0.11,-1.989,5.410,5.420,5.530,5.520,5.550,5.420,7529000,41242694,15:00:03,-205.303,9.862,209872.156,208286.806,1.95918
sh603617,603617,君禾股份,6.930,-0.18,-2.532,6.920,6.930,7.110,7.140,7.150,6.930,7527600,53045680,15:08:54,53.308,1.734,270139.256541,268001.351541,1.94649
sh603618,603618,杭电股份,27.150,-1.16,-4.097,27.150,27.160,28.310,28.730,29.380,27.110,93659133,2638039312,15:08:54,-63.14,6.938,1877084.79744,1877084.79744,13.54678
sh603619,603619,中曼石油,22.120,-0.52,-2.297,22.120,22.130,22.640,22.040,22.450,21.830,30162711,668016945,15:08:54,19.928,2.343,1022692.675732,1022692.675732,6.52395
sh603626,603626,科森科技,16.650,0.06,0.362,16.650,16.660,16.590,16.550,17.230,16.220,49582716,831165215,15:08:54,-26.316,4.057,923874.68385,923874.68385,8.93576
sh603628,603628,清源股份,9.570,-0.21,-2.147,9.560,9.570,9.780,9.810,9.860,9.570,3043700,29447854,15:00:03,45.571,1.991,260915.640711,260470.205061,1.11829
sh603629,603629,利通电子,125.000,5.64,4.725,125.000,125.010,119.360,126.000,131.300,124.780,57003132,7314926689,15:08:54,111.607,20.421,4584100.0,4509042.5,15.80245
sh603630,603630,拉芳家化,15.330,-0.38,-2.419,15.330,15.340,15.710,15.600,15.700,15.280,8738000,135218889,15:00:03,-109.5,1.828,345238.62114,345238.62114,3.88003
sh603633,603633,徕木股份,6.390,-0.11,-1.692,6.380,6.390,6.500,6.560,6.610,6.360,8274610,53621072,15:00:03,-18.257,1.567,272732.112702,272732.112702,1.93871
sh603636,603636,南威软件,7.330,-0.25,-3.298,7.330,7.340,7.580,7.650,7.750,7.330,19063100,143427993,15:08:54,-9.519,2.299,425404.263359,425404.263359,3.2847
sh603637,603637,镇海股份,13.710,-0.08,-0.58,13.700,13.710,13.790,14.000,14.180,13.680,5130340,71347083,15:08:54,48.964,3.135,327238.337367,327238.337367,2.14941
sh603638,603638,艾迪精密,19.620,-0.47,-2.339,19.620,19.630,20.090,20.090,20.150,19.600,8419029,167334474,15:08:54,41.745,4.744,1727921.724138,1727921.724138,0.95595
sh603639,603639,海利尔,10.500,-0.14,-1.316,10.500,10.510,10.640,10.580,10.630,10.500,1501300,15816305,15:00:03,19.444,1.045,367130.6478,356872.2528,0.44172
sh603648,603648,畅联股份,9.310,-0.18,-1.897,9.310,9.320,9.490,9.480,9.480,9.310,2224200,20923764,15:00:03,27.39,1.781,337406.3168,337406.3168,0.61372
sh603650,603650,彤程新材,63.210,-1.42,-2.197,63.210,63.220,64.630,65.400,65.910,63.190,17751867,1151429523,15:08:54,67.245,9.013,3894176.169156,3884803.719048,2.88842
sh603655,603655,朗博科技,32.820,-0.44,-1.323,32.820,32.840,33.260,33.300,34.500,32.760,3884100,130887774,15:08:54,76.326,6.042,347892.0,347892.0,3.66425
sh603656,603656,泰禾智能,17.640,-0.35,-1.946,17.640,17.650,17.990,17.890,17.980,17.630,2118100,37638081,15:00:03,110.25,2.431,322715.611512,322715.611512,1.15778
sh603657,603657,春光科技,26.980,-0.22,-0.809,26.980,26.990,27.200,27.400,27.860,26.880,2873100,78811808,15:00:03,-337.25,4.181,364742.7549,364742.7549,2.12523
sh603658,603658,安图生物,32.400,0.08,0.248,32.400,32.410,32.320,32.260,32.830,31.890,2804700,91025528,15:00:03,17.326,2.021,1851416.24832,1851416.24832,0.49083
sh603659,603659,璞泰来,24.120,-0.27,-1.107,24.120,24.130,24.390,24.470,24.590,24.110,19706615,479258891,15:08:54,21.536,2.464,5171772.2301,5171772.2301,0.91907
sh603660,603660,苏州科达,11.800,-0.39,-3.199,11.790,11.800,12.190,12.250,12.770,11.740,36372574,442426267,15:08:54,-13.159,9.442,674361.38128,674361.38128,6.36449
sh603661,603661,恒林股份,31.900,-0.44,-1.361,31.900,31.910,32.340,32.340,32.510,31.820,1807700,57944366,15:00:03,27.034,1.201,443623.82889,443623.82889,1.29988
sh603662,603662,柯力传感,53.380,-0.52,-0.965,53.380,53.390,53.900,54.080,54.880,53.340,5323990,288969804,15:00:03,44.116,5.374,1499069.835384,1499069.835384,1.89581
sh603663,603663,三祥新材,39.860,-1.45,-3.51,39.850,39.860,41.310,41.840,42.310,39.700,25322351,1041084048,15:08:54,142.357,17.023,2365970.526222,2364363.371022,4.26901
sh603665,603665,康隆达,21.880,-0.27,-1.219,21.840,21.880,22.150,22.210,22.340,21.770,1897748,41878123,15:00:03,44.653,5.281,350446.942916,350446.942916,1.18485
sh603666,603666,亿嘉和,25.280,-0.94,-3.585,25.270,25.280,26.220,26.390,26.590,25.260,3459900,89585665,15:00:03,-123.438,2.452,519580.90176,519580.90176,1.6834
sh603667,603667,五洲新春,55.760,-0.76,-1.345,55.760,55.770,56.520,57.000,58.200,55.760,18898273,1076384601,15:08:54,223.04,7.121,2136455.117072,2041946.64552,5.1606
sh603668,603668,天马科技,10.380,-0.18,-1.705,10.380,10.390,10.560,10.560,10.570,10.370,5670010,59291712,15:08:54,-28.833,2.477,525017.007816,525017.007816,1.12101
sh603669,603669,灵康药业,6.290,0.09,1.452,6.290,6.300,6.200,6.220,6.430,6.160,23486150,148515623,15:00:03,-23.296,7.962,448056.302785,448056.302785,3.29708
sh603676,603676,卫信康,9.280,0.05,0.542,9.270,9.280,9.230,9.240,9.370,9.080,2651201,24552021,15:00:03,17.185,2.615,403829.872,403829.872,0.60925
sh603677,603677,奇精机械,13.640,-0.13,-0.944,13.630,13.640,13.770,13.730,13.850,13.580,1445600,19816399,15:00:01,54.473,2.256,262707.57986,262707.57986,0.75057
sh603678,603678,火炬电子,50.650,1.23,2.489,50.650,50.660,49.420,50.000,54.360,50.000,45081494,2350169442,15:08:54,74.485,3.914,2408744.986015,2408744.986015,9.47953
sh603679,603679,华体科技,22.320,0.82,3.814,22.310,22.320,21.500,21.610,22.880,21.500,10880952,242620619,15:08:54,-29.238,4.504,396595.636344,396595.636344,6.12369
sh603680,603680,今创集团,10.140,-0.35,-3.337,10.140,10.150,10.490,10.440,10.470,10.110,6294001,64619702,15:00:03,13.703,1.353,794690.829738,794690.829738,0.80309
sh603681,603681,永冠新材,18.390,-0.26,-1.394,18.390,18.400,18.650,18.930,18.960,18.380,6748300,125864992,15:00:03,27.448,1.461,437207.22537,437207.22537,2.8385
sh603682,603682,锦和商管,13.160,0.85,6.905,13.160,13.170,12.310,12.360,13.430,12.360,28793800,375647771,15:08:54,-52.64,9.563,621810.0,621810.0,6.09393
sh603683,603683,晶华新材,15.420,-0.5,-3.141,15.410,15.420,15.920,16.010,16.290,15.420,18834700,298265169,15:08:54,46.727,2.656,449078.598294,444475.173174,6.53425
sh603685,603685,晨丰科技,26.700,-0.5,-1.838,26.670,26.700,27.200,27.030,27.700,26.660,2201067,59952510,15:00:03,205.385,3.385,675378.01656,537913.54449,1.09253
sh603686,603686,福龙马,13.180,-0.26,-1.935,13.180,13.190,13.440,13.450,13.500,13.180,9587700,127676094,15:00:03,35.622,1.564,547537.272472,547537.272472,2.3079
sh603687,603687,大胜达,14.180,-0.1,-0.7,14.170,14.180,14.280,14.470,14.830,14.000,15543790,224949014,15:08:54,101.286,2.383,779945.183152,779945.183152,2.82598
sh603688,603688,石英股份,48.390,-1.32,-2.655,48.390,48.400,49.710,50.440,50.690,48.340,12857926,639222846,15:08:54,172.821,4.478,2621181.240471,2621181.240471,2.37372
sh603689,603689,皖天然气,7.410,-0.06,-0.803,7.410,7.420,7.470,7.480,7.480,7.390,2416660,17961798,15:00:03,11.227,1.032,389627.688645,387874.942065,0.46168
sh603690,603690,至纯科技,26.300,-1,-3.663,26.300,26.310,27.300,28.030,28.580,26.200,55933306,1507438074,15:08:54,-13.02,2.899,1007195.9775,1007195.9775,14.60536
sh603693,603693,江苏新能,12.300,0.03,0.244,12.290,12.300,12.270,12.220,12.420,12.160,9477329,116551138,15:08:54,21.579,1.526,1096515.3324,1096515.3324,1.06311
sh603696,603696,安记食品,16.370,0.96,6.23,16.360,16.370,15.410,15.150,16.880,14.600,51658457,809778418,15:08:54,136.417,6.656,385022.4,385022.4,21.96363
sh603697,603697,有友食品,10.060,-0.02,-0.198,10.060,10.070,10.080,10.050,10.190,9.920,5146640,51756070,15:08:54,23.395,2.342,430258.250588,430258.250588,1.20335
sh603698,603698,航天工程,23.800,-0.2,-0.833,23.790,23.800,24.000,24.200,24.660,23.800,18126462,439306003,15:08:54,59.5,3.624,1275656.2,1275656.2,3.38187
sh603699,603699,纽威股份,53.000,1.14,2.198,53.000,53.010,51.860,52.000,53.700,51.600,6058493,320531044,15:08:54,25.238,8.216,4108999.3647,4018156.4584,0.79912
sh603700,603700,宁水集团,11.550,-0.21,-1.786,11.550,11.560,11.760,11.770,12.000,11.530,9737000,114782488,15:00:03,24.574,1.406,230956.03377,230956.03377,4.86943
sh603701,603701,德宏股份,19.300,-0.65,-3.258,19.290,19.300,19.950,19.960,20.110,19.260,2909695,57283466,15:00:00,482.5,6.266,504428.46893,504428.46893,1.11328
sh603703,603703,盛洋科技,9.430,-0.06,-0.632,9.420,9.430,9.490,9.530,9.700,9.400,8423765,80179461,15:08:54,-157.167,4.735,391328.13916,391328.13916,2.02991
sh603706,603706,东方环宇,18.870,-0.25,-1.308,18.860,18.870,19.120,19.120,19.170,18.760,1019068,19263731,15:00:01,16.553,1.937,357365.181318,357365.181318,0.5381
sh603707,603707,健友股份,8.210,0.05,0.613,8.200,8.210,8.160,8.140,8.300,8.050,13691061,112399194,15:08:54,22.806,1.911,1326449.48742,1326449.48742,0.8474
sh603708,603708,家家悦,9.370,-0.09,-0.951,9.370,9.380,9.460,9.430,9.490,9.350,2648110,24890036,15:08:54,29.281,2.487,598123.338475,598123.338475,0.41484
sh603709,603709,中源家居,11.290,-0.21,-1.826,11.290,11.300,11.500,11.510,11.590,11.290,1726570,19693579,15:00:01,-49.087,3.622,184292.381611,183622.875579,1.06158
sh603711,603711,香飘飘,12.150,0.11,0.914,12.150,12.160,12.040,12.080,12.640,11.890,11957959,146637768,15:08:54,52.826,1.401,501642.0315,501642.0315,2.89627
sh603712,603712,七一二,11.950,-0.18,-1.484,11.950,11.960,12.130,12.080,12.160,11.950,8791123,106071518,15:08:54,-18.672,2.412,922540.0,922540.0,1.13875
sh603713,603713,密尔克卫,68.750,1.72,2.566,68.740,68.750,67.030,67.600,69.990,66.800,5093421,348502727,15:00:03,17.399,2.435,1196583.72625,1196583.72625,2.92644
sh603716,603716,塞力医疗,17.720,-0.3,-1.665,17.710,17.720,18.020,17.630,18.150,17.160,25397518,451327546,15:08:54,-17.002,3.961,400101.24444,400101.24444,11.24825
sh603717,603717,天域生物,6.350,-0.21,-3.201,6.350,6.360,6.560,6.600,6.600,6.320,10186750,65584368,15:08:54,-17.237,4.817,184242.8624,184242.8624,3.5109
sh603718,603718,*ST海利,2.880,-0.08,-2.703,2.880,2.910,2.960,2.960,2.960,2.880,7000942,20437098,15:08:54,-6.0,2.109,186906.1536,186906.1536,1.07876
sh603719,603719,良品铺子,10.070,0.01,0.099,10.050,10.070,10.060,10.000,10.180,9.890,5872300,59099671,15:00:01,-27.216,1.961,400769.2838,400769.2838,1.47551
sh603721,603721,中广天择,19.040,0.64,3.478,19.040,19.050,18.400,18.120,19.600,18.100,8970800,169930976,15:08:54,95.2,5.047,247520.0,247520.0,6.90062
sh603722,603722,阿科力,31.180,-0.43,-1.36,31.100,31.180,31.610,31.930,31.980,31.000,1393900,43758759,15:08:54,-82.053,3.435,304691.337278,298392.977278,1.45653
sh603725,603725,天安新材,11.120,-0.33,-2.882,11.110,11.120,11.450,11.490,11.490,11.100,18547900,209553777,15:08:54,30.054,3.938,339001.74016,339001.74016,6.08412
sh603726,603726,朗迪集团,23.260,-0.64,-2.678,23.260,23.270,23.900,24.000,24.090,23.260,3509300,83288131,15:08:54,24.229,2.885,431610.9318,429412.8618,1.90088
sh603727,603727,博迈科,18.430,-0.44,-2.332,18.420,18.430,18.870,18.820,18.850,18.360,2753224,50969595,15:00:03,83.773,1.681,519208.627511,519208.627511,0.97729
sh603728,603728,鸣志电器,52.080,-0.43,-0.819,52.080,52.090,52.510,52.530,53.820,52.020,5747297,304741565,15:00:01,356.957,7.336,2181540.06,2181540.06,1.37205
sh603729,603729,ST龙韵,11.260,-0.27,-2.342,11.250,11.260,11.530,11.550,11.570,11.260,1392400,15880835,15:00:03,-9.707,3.756,103777.9026,103777.9026,1.51077
sh603730,603730,岱美股份,10.210,0.01,0.098,10.210,10.220,10.200,10.270,10.650,10.140,15230301,157915918,15:00:03,32.935,4.41,2193714.148301,2193714.148301,0.70885
sh603733,603733,仙鹤股份,21.810,-0.21,-0.954,21.810,21.820,22.020,22.350,22.450,21.760,8618759,190078548,15:00:03,15.252,2.034,1782429.29463,1782429.29463,1.0546
sh603737,603737,三棵树,24.200,-0.54,-2.183,24.200,24.210,24.740,24.620,24.890,23.830,13100369,317688359,15:00:03,23.048,7.142,2142621.94256,2142621.94256,1.47963
sh603738,603738,泰晶科技,36.130,-1.31,-3.499,36.130,36.140,37.440,37.900,38.300,36.130,45132804,1684968100,15:08:54,258.071,7.667,1394211.508596,1394211.508596,11.69585
sh603739,603739,蔚蓝生物,12.400,0.21,1.723,12.390,12.400,12.190,12.090,12.790,12.020,7407600,92427988,15:08:54,44.286,1.743,313755.79384,313755.79384,2.92757
sh603755,603755,日辰股份,23.360,-0.21,-0.891,23.360,23.400,23.570,23.610,23.800,23.200,799900,18809669,15:00:03,26.962,3.034,230361.558816,230361.558816,0.81115
sh603757,603757,大元泵业,58.330,-3.37,-5.462,58.310,58.330,61.700,61.500,63.000,58.330,16279600,979459386,15:08:54,68.624,5.128,1088130.161747,1088130.161747,8.7268
sh603758,603758,秦安股份,15.350,1.4,10.036,15.350,0.000,13.950,15.350,15.350,15.350,5009638,76897943,15:08:54,43.857,2.563,664833.135215,664833.135215,1.15665
sh603759,603759,海天股份,7.350,-0.13,-1.738,7.350,7.360,7.480,7.430,7.480,7.350,3370192,24949529,15:00:01,19.342,1.161,339393.6,339393.6,0.72986
sh603766,603766,隆鑫通用,13.280,-0.2,-1.484,13.280,13.300,13.480,13.410,13.510,13.280,14868199,199068450,15:00:03,16.6,2.825,2727103.5768,2727103.5768,0.72403
sh603767,603767,中马传动,15.020,-0.29,-1.894,15.020,15.050,15.310,15.310,15.390,15.020,2638700,40029294,15:00:03,-751.0,3.392,463564.513,463564.513,0.85497
sh603768,603768,常青股份,11.150,-0.14,-1.24,11.140,11.150,11.290,11.290,11.340,11.150,1840600,20687327,15:00:01,-12.965,1.212,265320.780555,265320.780555,0.7735
sh603773,603773,沃格光电,93.800,-4.3,-4.383,93.800,93.810,98.100,99.870,101.000,93.550,23203590,2252977425,15:08:54,-131.927,19.963,2108217.21754,2107485.57754,10.32746
sh603776,603776,永安行,21.620,-0.09,-0.415,21.620,21.630,21.710,21.960,22.110,21.570,2682491,58699689,15:00:03,-24.292,1.773,607004.356664,607004.356664,0.95544
sh603777,603777,来伊份,14.250,-0.03,-0.21,14.240,14.250,14.280,14.260,14.490,14.100,5649641,80807412,15:00:01,-29.688,3.058,476554.43655,476554.43655,1.68936
sh603778,603778,国晟科技,10.670,-0.46,-4.133,10.670,10.680,11.130,11.000,11.250,10.650,47093906,514224039,15:08:54,-12.264,24.947,704264.94204,685928.570514,7.32572
sh603779,603779,威龙股份,7.990,-0.14,-1.722,7.980,7.990,8.130,8.100,8.300,7.980,13351343,108792834,15:08:54,-42.053,5.416,265334.120446,265334.120446,4.02049
sh603786,603786,科博达,43.400,0.15,0.347,43.400,43.450,43.250,43.160,43.860,42.920,1556188,67749129,15:00:03,21.095,3.038,1752738.078,1752738.078,0.38533
sh603787,603787,新日股份,10.230,-0.01,-0.098,10.230,10.240,10.240,10.240,10.500,10.170,4037400,41640488,15:09:00,46.5,1.525,235437.09717,235437.09717,1.75429
sh603788,603788,宁波高发,14.010,-0.14,-0.989,14.010,14.040,14.150,14.090,14.190,13.970,1236700,17392518,15:00:03,14.443,1.438,312514.160268,312514.160268,0.55441
sh603789,603789,ST星农,6.380,-0.06,-0.932,6.380,6.390,6.440,6.360,6.490,6.250,3535600,22460026,15:00:03,-17.432,16.168,169206.9148,165880.0,1.35985
sh603790,603790,雅运股份,24.790,-0.25,-0.998,24.790,24.810,25.040,25.040,25.560,24.580,4641860,116876254,15:00:03,65.237,3.635,474381.44,474381.44,2.42572
sh603797,603797,联泰环保,4.660,-0.19,-3.918,4.660,4.670,4.850,4.810,4.850,4.620,39389596,185139632,15:09:00,21.182,0.794,268698.01854,268698.01854,6.83129
sh603798,603798,康普顿,13.210,-0.41,-3.01,13.210,13.220,13.620,13.680,13.680,13.160,2851660,38157254,15:00:03,66.05,2.728,338769.98765,338769.98765,1.11198
sh603799,603799,华友钴业,42.170,-1.21,-2.789,42.170,42.180,43.380,43.360,43.420,42.130,72188514,3089142799,15:09:00,12.626,1.581,7985005.539189,7960039.549749,3.82434
sh603800,603800,洪田股份,64.000,-1.48,-2.26,64.000,64.020,65.480,67.000,67.000,63.680,5262634,341534260,15:09:00,914.286,16.83,1331200.0,1331200.0,2.53011
sh603801,603801,志邦家居,5.920,-0.12,-1.987,5.910,5.920,6.040,6.020,6.020,5.880,6674200,39576574,15:00:03,12.561,0.816,257136.077936,257136.077936,1.53659
sh603803,603803,瑞斯康达,10.750,0.04,0.373,10.740,10.750,10.710,10.760,11.100,10.700,22095069,240246412,15:09:00,-107.5,2.973,456749.823775,456749.823775,5.20026
sh603806,603806,福斯特,15.210,-0.24,-1.553,15.210,15.220,15.450,15.650,15.650,15.200,18039779,278562361,15:09:00,50.7,2.452,3967902.212742,3967902.212742,0.69151
sh603808,603808,歌力思,8.460,-0.2,-2.309,8.460,8.470,8.660,8.640,8.640,8.410,4067633,34483304,15:00:03,18.8,1.174,307718.315118,307718.315118,1.1183
sh603809,603809,豪能股份,9.530,-0.11,-1.141,9.530,9.540,9.640,9.620,9.680,9.510,8049413,77250328,15:00:00,29.633,2.325,877035.233071,877035.233071,0.87466
sh603810,603810,丰山集团,11.990,-0.22,-1.802,11.990,12.010,12.210,12.200,12.270,11.980,1706500,20652715,15:00:03,49.958,1.283,198245.272621,198245.272621,1.0321
sh603811,603811,诚意药业,7.510,0.02,0.267,7.500,7.510,7.490,7.430,7.580,7.410,8749480,65797581,15:00:01,12.311,2.372,344127.762048,344127.762048,1.90942
sh603813,603813,原尚股份,32.530,0.34,1.056,32.520,32.530,32.190,32.190,33.050,31.900,673200,21872283,15:00:03,-48.552,6.885,341613.795,341613.795,0.64105
sh603815,603815,交建股份,5.420,-0.17,-3.041,5.420,5.430,5.590,5.570,5.610,5.420,8653200,47349303,15:09:00,-4.268,2.13,335456.93537,335456.93537,1.3981
sh603816,603816,顾家家居,23.990,-0.87,-3.5,23.990,24.000,24.860,24.800,25.200,23.990,8638931,210555487,15:09:00,10.905,2.004,2220833.495788,1957296.950054,1.05885
sh603817,603817,海峡环保,5.670,-0.12,-2.073,5.670,5.680,5.790,5.770,5.770,5.650,8894700,50652038,15:00:01,15.0,0.989,323237.650113,323237.650113,1.56024
sh603818,603818,曲美家居,3.560,-0.03,-0.836,3.560,3.570,3.590,3.610,3.640,3.550,16897700,60833801,15:00:03,-16.182,1.184,244409.61238,244409.61238,2.46127
sh603819,603819,神力股份,14.130,-0.37,-2.552,14.120,14.130,14.500,14.400,14.580,14.100,6502096,93114728,15:09:00,157.0,3.788,307652.754231,307652.754231,2.98631
sh603822,603822,ST嘉澳,57.020,-1.77,-3.011,57.020,57.050,58.790,58.870,58.870,56.670,786900,45025084,15:00:01,139.755,9.71,438061.201972,438061.201972,1.02426
sh603823,603823,百合花,76.000,-1.7,-2.188,75.990,76.000,77.700,76.300,79.870,74.750,23184734,1783280030,15:09:00,190.0,12.636,3164394.5504,3164394.5504,5.56833
sh603825,603825,ST华扬,7.910,-0.25,-3.064,7.910,7.930,8.160,8.170,8.220,7.910,3307489,26551969,15:09:00,-3.066,64.361,200389.212632,200389.212632,1.30557
sh603826,603826,坤彩科技,17.460,-0.56,-3.108,17.450,17.460,18.020,18.190,18.190,17.400,9685726,172144287,15:09:00,-124.27,7.95,1487172.96,1487172.96,1.13714
sh603828,603828,*ST利达,4.190,-0.03,-0.711,4.180,4.190,4.220,4.220,4.250,4.160,1945200,8157963,15:00:03,-10.744,4.877,249707.306202,249698.702875,0.32641
sh603829,603829,洛凯股份,15.190,-0.15,-0.978,15.190,15.200,15.340,15.250,15.610,15.160,3656711,56043791,15:00:03,31.0,1.894,282938.295521,282938.295521,1.96316
sh603833,603833,欧派家居,32.410,-0.63,-1.907,32.410,32.420,33.040,32.850,33.130,32.220,5302806,172286710,15:09:00,9.821,1.067,1974264.441947,1974264.441947,0.87052
sh603836,603836,海程邦达,8.900,-0.09,-1.001,8.890,8.900,8.990,9.020,9.070,8.860,2945115,26286990,15:00:03,68.462,1.464,254726.30548,248247.10548,1.05586
sh603838,603838,*ST四通,9.340,-0.25,-2.607,9.310,9.340,9.590,9.750,9.970,9.270,3434000,33087636,15:00:01,-36.815,3.402,298894.944,298894.944,1.07307
sh603839,603839,安正时尚,7.020,-0.2,-2.77,7.010,7.020,7.220,7.160,7.250,6.990,3613400,25623532,15:00:03,-14.327,1.616,271685.3724,271685.3724,0.93366
sh603843,603843,*ST正平,7.300,-0.04,-0.545,7.300,7.310,7.340,7.300,7.450,7.270,9487540,69662477,15:09:00,-36.5,198.37,510724.96301,510724.96301,1.35609
sh603848,603848,好太太,13.480,0.03,0.223,13.480,13.500,13.450,13.460,13.710,13.380,2131800,28887141,15:00:01,26.431,2.082,542443.976828,542443.976828,0.52976
sh603855,603855,华荣股份,16.350,-0.04,-0.244,16.330,16.350,16.390,16.450,16.450,16.300,847300,13848790,15:00:03,14.864,2.456,551830.485,548595.6375,0.25252
sh603856,603856,东宏股份,11.210,-0.13,-1.146,11.210,11.220,11.340,11.350,11.360,11.210,2596100,29251333,15:00:03,11.557,1.131,316184.84326,316184.84326,0.92042
sh603858,603858,步长制药,16.000,0.13,0.819,15.990,16.000,15.870,15.870,16.170,15.660,10071596,160916086,15:09:00,46.838,1.651,1687309.5072,1687309.5072,0.95504
sh603859,603859,能科科技,41.650,-0.85,-2,41.650,41.660,42.500,42.500,43.580,41.620,8443890,360307028,15:09:00,44.785,3.508,1109552.205685,1019165.924665,3.45074
sh603860,603860,中公高科,25.910,-0.27,-1.031,25.910,25.920,26.180,26.290,26.300,25.810,814300,21258937,15:00:03,38.103,2.055,172767.88,172767.88,1.22121
sh603861,603861,白云电器,12.660,0.12,0.957,12.660,12.670,12.540,12.480,13.070,12.480,15222692,194618468,15:09:00,31.65,1.708,684308.39103,669190.481148,2.87989
sh603863,603863,松炀资源,12.770,-0.64,-4.773,12.770,12.780,13.410,13.400,13.420,12.700,7293500,94798421,15:00:03,-12.77,10.792,261338.05,261338.05,3.56389
sh603866,603866,桃李面包,4.280,-0.02,-0.465,4.270,4.280,4.300,4.290,4.330,4.240,9460239,40491243,15:00:03,24.126,1.302,684679.79834,684679.79834,0.59137
sh603867,603867,新化股份,28.270,-0.53,-1.84,28.270,28.280,28.800,28.910,29.340,28.260,3592180,103536133,15:00:00,20.486,1.959,614835.022461,609746.422461,1.66546
sh603868,603868,飞科电器,30.850,-0.53,-1.689,30.840,30.850,31.380,31.360,31.530,30.770,1185181,36771708,15:00:03,26.144,3.823,1343826.0,1343826.0,0.27208
sh603869,603869,ST智知,8.810,-0.19,-2.111,8.810,8.860,9.000,9.030,9.030,8.810,1000967,8909127,15:00:03,110.125,1.149,430475.971428,430475.971428,0.20486
sh603871,603871,嘉友国际,12.080,-0.37,-2.972,12.080,12.090,12.450,12.440,12.440,12.060,11059512,134960843,15:09:00,14.381,2.627,1652554.458864,1652554.458864,0.80844
sh603876,603876,鼎胜新材,21.300,-0.4,-1.843,21.300,21.310,21.700,21.670,21.850,21.160,13055532,279762860,15:09:00,38.036,2.591,1979339.16369,1979339.16369,1.40493
sh603877,603877,太平鸟,12.640,-0.25,-1.939,12.630,12.640,12.890,12.860,12.920,12.610,1729200,22037742,15:00:03,34.162,1.354,593959.670992,593224.97984,0.36845
sh603878,603878,武进不锈,4.970,-0.14,-2.74,4.970,4.980,5.110,5.120,5.140,4.970,10924640,54956439,15:09:00,35.5,1.077,278891.543042,278891.543042,1.94683
sh603879,603879,永悦科技,5.410,-0.15,-2.698,5.410,5.420,5.560,5.520,5.620,5.410,8384600,46268815,15:00:03,-36.067,8.39,194405.34204,194405.34204,2.3333
sh603880,603880,南卫股份,8.190,0.2,2.503,8.180,8.190,7.990,8.150,8.580,8.010,13129021,109450678,15:00:03,-23.4,13.755,236725.398,236725.398,4.54225
sh603881,603881,数据港,26.400,-0.48,-1.786,26.400,26.410,26.880,27.500,28.350,26.400,78165683,2150713511,15:09:00,138.947,6.763,2275818.33336,2275818.33336,9.06739
sh603882,603882,金域医学,30.540,0.27,0.892,30.540,30.550,30.270,30.270,31.180,29.590,12621220,385949972,15:09:00,-82.541,2.228,1414790.77185,1405250.998158,2.74294
sh603883,603883,老百姓,13.440,-0.18,-1.322,13.440,13.450,13.620,13.620,13.710,13.350,26222482,354885132,15:09:00,26.88,1.5,1019948.477184,1019948.477184,3.45537
sh603885,603885,吉祥航空,10.800,-0.1,-0.917,10.800,10.810,10.900,10.860,10.910,10.760,8610996,93072105,15:09:00,22.5,2.264,2342525.68944,2342525.68944,0.397
sh603886,603886,元祖股份,10.530,-0.19,-1.772,10.530,10.540,10.720,10.690,10.780,10.480,2964700,31445223,15:00:03,18.155,1.705,252720.0,252720.0,1.23529
sh603887,603887,城地香江,12.490,1.14,10.044,12.490,0.000,11.350,12.490,12.490,12.490,18258987,228054748,15:09:00,-112.118,2.158,751934.746829,751934.746829,3.03291
sh603888,603888,新华网,16.670,-0.15,-0.892,16.670,16.680,16.820,16.850,17.300,16.670,10807709,183117291,15:00:01,34.167,3.252,1237267.378995,1237267.378995,1.45615
sh603889,603889,新澳股份,5.630,-0.08,-1.401,5.620,5.630,5.710,5.750,5.750,5.600,8811044,49717455,15:00:03,8.53,1.402,534402.232588,530423.331428,0.93522
sh603890,603890,春秋电子,20.450,1.86,10.005,20.450,0.000,18.590,18.960,20.450,18.900,39050649,768265948,15:09:00,31.953,2.769,913770.750835,913770.750835,8.73945
sh603893,603893,瑞芯微,208.340,-5.16,-2.417,208.330,208.340,213.500,215.500,216.030,208.000,12486971,2648888675,15:09:00,84.008,18.678,8815772.7207,8814647.6847,2.95138
sh603895,603895,天永智能,25.000,-0.18,-0.715,25.000,25.010,25.180,25.380,25.380,24.600,916600,22882456,15:00:03,147.059,13.166,270200.0,270200.0,0.84808
sh603896,603896,寿仙谷,15.460,-0.01,-0.065,15.420,15.460,15.470,15.400,15.610,15.100,2989530,45955236,15:00:01,171.778,1.381,306485.128148,306485.128148,1.50801
sh603897,603897,长城科技,34.680,2.63,8.206,34.670,34.680,32.050,32.040,35.200,32.030,41231082,1390330759,15:09:00,22.667,3.012,715918.941708,715918.941708,19.97285
sh603898,603898,好莱客,11.230,0.11,0.989,11.230,11.250,11.120,11.120,11.580,11.050,3870100,43762110,15:00:03,224.6,1.099,337157.708286,337157.708286,1.28905
sh603899,603899,晨光股份,22.440,-0.11,-0.488,22.420,22.440,22.550,22.510,22.630,22.390,1784700,40099714,15:00:00,15.686,2.133,2055044.825988,2055044.825988,0.19488
sh603900,603900,莱绅通灵,6.070,-0.12,-1.939,6.060,6.070,6.190,6.170,6.220,6.050,8085941,49356013,15:00:03,35.706,1.043,208142.63088,208033.37088,2.35932
sh603901,603901,永创智能,9.650,-0.23,-2.328,9.650,9.660,9.880,9.850,9.900,9.620,6106150,59623120,15:00:03,33.276,1.89,556506.426105,548987.676855,1.07333
sh603903,603903,中持股份,14.200,1.29,9.992,14.200,0.000,12.910,12.950,14.200,12.950,16231620,224510630,15:00:03,-34.634,2.537,362553.6616,362553.6616,6.35738
sh603906,603906,龙蟠科技,19.680,-0.34,-1.698,19.670,19.680,20.020,20.200,20.220,19.680,19943329,398816751,15:09:00,-75.692,5.115,1556908.231008,1107977.117904,3.54235
sh603908,603908,牧高笛,18.550,-0.31,-1.644,18.550,18.640,18.860,18.930,18.950,18.550,794500,14879740,15:00:03,-50.135,3.556,172750.56274,172750.56274,0.85314
sh603909,603909,建发合诚,9.440,-0.16,-1.667,9.440,9.450,9.600,9.590,9.600,9.410,1769350,16825170,15:00:03,22.535,2.078,246075.44416,246075.44416,0.67876
sh603912,603912,佳力图,8.890,0.81,10.025,8.890,0.000,8.080,8.200,8.890,8.170,36386877,320037221,15:09:00,-88.37,2.802,482128.07181,482128.07181,6.70941
sh603915,603915,国茂股份,13.350,-0.27,-1.982,13.340,13.350,13.620,13.630,13.670,13.330,4358300,58902784,15:00:01,37.083,2.351,891623.1108,876604.3608,0.66374
sh603916,603916,苏博特,10.910,-0.23,-2.065,10.900,10.910,11.140,11.070,11.180,10.900,8087634,89230168,15:00:03,37.621,1.076,458577.619981,458577.619981,1.92413
sh603917,603917,合力科技,12.430,-0.3,-2.357,12.420,12.430,12.730,12.730,12.830,12.310,3672500,46240599,15:00:03,88.219,1.509,253373.12,253373.12,1.80166
sh603918,603918,金桥信息,11.110,-1.02,-8.409,11.110,11.120,12.130,11.970,11.980,11.110,48045026,553100409,15:09:00,-69.438,4.145,405634.461386,405634.461386,13.15914
sh603919,603919,金徽酒,17.040,-0.31,-1.787,17.030,17.040,17.350,17.270,17.800,17.040,15042117,260378996,15:09:00,24.343,2.445,864371.034888,864371.034888,2.96537
sh603920,603920,世运电路,39.010,1.64,4.389,39.010,39.020,37.370,37.600,41.110,37.560,52223704,2071416290,15:09:00,41.063,4.317,2811030.628617,2811030.628617,7.24733
sh603922,603922,ST金鸿顺,12.090,0.06,0.499,12.090,12.120,12.030,12.430,12.600,12.030,2294840,28306241,15:00:03,-21.211,2.329,216652.8,216652.8,1.2806
sh603926,603926,铁流股份,17.010,-0.55,-3.132,17.010,17.040,17.560,17.560,17.770,16.980,6355584,110278688,15:00:03,51.545,2.265,396310.225311,392656.477311,2.75326
sh603927,603927,中科软,13.680,-0.12,-0.87,13.680,13.690,13.800,13.830,14.000,13.660,9409313,130080981,15:00:03,50.761,3.58,1136862.72,1136862.72,1.13223
sh603928,603928,兴业股份,12.980,-0.33,-2.479,12.970,12.980,13.310,13.310,13.400,12.980,22462338,296229404,15:09:00,33.282,2.739,442233.792,442233.792,6.59292
sh603929,603929,亚翔集成,161.520,-4.86,-2.921,161.520,161.560,166.380,169.010,170.620,161.490,6429208,1069773736,15:09:00,38.641,14.433,3446190.72,3446190.72,3.01331
sh603931,603931,格林达,37.060,-0.58,-1.541,37.050,37.060,37.640,38.410,38.600,37.000,6735212,254876625,15:09:00,60.754,3.706,739563.35628,739563.35628,3.37506
sh603933,603933,睿能科技,20.610,-0.39,-1.857,20.610,20.620,21.000,21.080,21.550,20.610,5769600,121432007,15:09:00,122.387,3.195,427749.369075,427749.369075,2.77993
sh603936,603936,博敏电子,15.310,-0.31,-1.985,15.310,15.320,15.620,15.870,16.110,15.310,42067553,663561347,15:09:00,1531.0,2.298,988027.794124,965139.344124,6.67317
sh603937,603937,丽岛新材,11.290,-0.25,-2.166,11.280,11.290,11.540,11.610,11.620,11.260,4935400,56192534,15:00:03,-66.412,1.524,235839.057839,235839.057839,2.36266
sh603938,603938,三孚股份,42.520,-1.08,-2.477,42.510,42.520,43.600,44.030,44.660,42.480,12347424,538398720,15:09:00,202.476,6.404,1626919.361244,1626919.361244,3.22703
sh603939,603939,益丰药房,24.030,0,0,24.020,24.030,24.030,23.800,24.580,23.480,16070093,388064581,15:00:03,17.413,2.446,2913379.143858,2913379.143858,1.32549
sh603948,603948,建业股份,20.630,-0.63,-2.963,20.630,20.690,21.260,21.300,21.450,20.610,1762400,37007284,15:00:03,14.528,1.516,335215.151521,335215.151521,1.08463
sh603949,603949,雪龙集团,14.170,-0.28,-1.938,14.160,14.170,14.450,14.480,14.520,14.170,2259300,32517568,15:00:03,32.953,2.702,298613.912402,297860.873258,1.07481
sh603950,603950,长源东谷,59.150,1.43,2.477,59.140,59.150,57.720,58.400,62.500,57.900,9030048,545822535,15:00:03,49.292,6.193,1917233.682,1915683.952,2.78818
sh603955,603955,大千生态,20.400,-1.1,-5.116,20.390,20.400,21.500,21.500,21.540,20.350,2084100,43514293,15:00:03,-22.581,1.938,276868.8,276868.8,1.53559
sh603956,603956,威派格,7.990,0.73,10.055,7.990,0.000,7.260,7.250,7.990,7.210,35960494,281289345,15:09:00,-28.536,2.471,455355.122514,455355.122514,6.3099
sh603958,603958,哈森股份,14.690,-0.25,-1.673,14.690,14.700,14.940,15.030,15.200,14.680,2461700,36692948,15:00:03,-63.87,4.949,322239.84,322239.84,1.12222
sh603959,603959,ST百利,5.160,0.36,7.5,5.150,5.160,4.800,4.800,5.270,4.800,23705947,122082225,15:09:00,-16.645,6450.0,252994.279872,252994.279872,4.835
sh603960,603960,克来机电,16.360,-0.1,-0.608,16.350,16.360,16.460,16.520,16.600,16.310,3682800,60479211,15:09:00,148.727,3.81,428955.7644,428955.7644,1.40459
sh603966,603966,法兰泰克,7.890,-0.17,-2.109,7.880,7.890,8.060,8.090,8.090,7.880,5794593,46057481,15:00:03,12.726,1.935,410591.572944,410040.977184,1.11499
sh603967,603967,中创物流,11.450,-0.07,-0.608,11.450,11.470,11.520,11.530,11.620,11.410,2044080,23435486,15:00:03,15.267,1.599,396933.38295,396933.38295,0.58964
sh603968,603968,醋化股份,10.220,-0.17,-1.636,10.220,10.230,10.390,10.390,10.400,10.210,1986101,20431520,15:00:03,-35.885,1.194,208978.56,208978.56,0.97129
sh603969,603969,银龙股份,7.030,-0.11,-1.541,7.030,7.040,7.140,7.170,7.250,7.020,13164159,93848509,15:09:03,16.349,2.164,612688.2614,598642.3214,1.5459
sh603970,603970,中农立华,10.320,-0.15,-1.433,10.310,10.320,10.470,10.520,10.520,10.300,1562300,16199163,15:00:03,16.077,1.705,277401.738288,277401.738288,0.58121
sh603976,603976,正川股份,28.000,-0.17,-0.603,27.990,28.000,28.170,28.170,28.380,27.780,2435685,68354015,15:00:03,215.385,4.046,480520.6812,480520.6812,1.41928
sh603977,603977,国泰集团,11.830,-0.27,-2.231,11.820,11.830,12.100,12.140,12.200,11.820,8085300,97033460,15:09:03,28.854,2.125,734929.082524,734929.082524,1.30147
sh603978,603978,深圳新星,19.490,-0.48,-2.404,19.480,19.490,19.970,20.100,20.250,19.490,7534181,149787618,15:09:03,-51.289,2.48,411422.788751,411422.788751,3.56911
sh603979,603979,金诚信,72.330,-2.25,-3.017,72.330,72.380,74.580,74.500,74.610,72.180,7058686,517659793,15:09:03,19.288,3.941,4511891.73114,4511891.73114,1.13158
sh603980,603980,吉华集团,7.120,-0.09,-1.248,7.120,7.130,7.210,7.200,7.430,7.120,40997420,296665336,15:09:03,712.0,1.223,481905.35232,481905.35232,6.05724
sh603982,603982,泉峰汽车,6.060,-0.12,-1.942,6.060,6.070,6.180,6.200,6.200,6.040,3424400,20899788,15:00:03,-6.147,1.043,221268.17097,205769.450088,1.0085
sh603983,603983,丸美生物,29.340,0.55,1.91,29.340,29.350,28.790,29.250,30.880,28.500,6138000,181706147,15:09:03,47.323,3.428,1176534.0,1176534.0,1.53067
sh603985,603985,恒润股份,17.060,-0.17,-0.987,17.060,17.070,17.230,17.600,17.880,17.050,14997286,263470351,15:09:03,89.601,2.251,752103.753118,752103.753118,3.40184
sh603986,603986,兆易创新,404.500,-8.67,-2.098,404.490,404.500,413.170,425.260,431.910,402.800,54443925,22901029235,15:09:03,163.105,11.231,28385586.6253,27040498.7303,8.14429
sh603987,603987,康德莱,7.630,0.03,0.395,7.620,7.630,7.600,7.610,7.720,7.470,5369500,40913266,15:00:01,13.873,1.171,333271.44144,333271.44144,1.22931
sh603988,603988,中电电机,22.000,-1.61,-6.819,21.990,22.000,23.610,23.780,24.190,21.900,16007400,361197694,15:09:03,169.231,7.764,517440.0,517440.0,6.80587
sh603989,603989,艾华集团,29.990,0.47,1.592,29.980,29.990,29.520,30.000,32.470,29.750,51159161,1597041228,15:09:03,45.125,3.026,1195940.80014,1195940.80014,12.82892
sh603990,603990,麦迪科技,22.260,-2.47,-9.988,0.000,22.260,24.730,24.950,25.000,22.260,62705431,1419665341,15:09:03,171.231,8.101,679476.329406,679476.329406,20.54263
sh603991,603991,领先股份,132.000,-0.96,-0.722,132.000,132.050,132.960,134.550,136.990,132.000,2058602,276984014,15:09:03,-227.586,5.734,2015768.172,1181881.7736,2.29918
sh603992,603992,松霖科技,22.880,0.23,1.015,22.870,22.880,22.650,22.700,23.310,22.520,4946700,113959474,15:00:03,47.667,2.765,1013679.68416,1013679.68416,1.11653
sh603993,603993,洛阳钼业,18.410,-0.59,-3.105,18.410,18.420,19.000,19.000,19.130,18.300,296896943,5530933038,15:09:03,19.379,4.432,39386925.034016,32145410.446016,1.70036
sh603995,603995,甬金股份,24.630,0.4,1.651,24.630,24.640,24.230,24.470,25.150,24.290,7701966,190916499,15:09:03,16.311,1.508,895570.304409,895570.304409,2.1182
sh603997,603997,继峰股份,12.630,-0.18,-1.405,12.630,12.640,12.810,12.790,12.880,12.600,9881563,125616889,15:00:03,35.083,2.971,1606870.523232,1606870.523232,0.77669
sh603998,603998,方盛制药,10.770,0.98,10.01,10.770,0.000,9.790,9.730,10.770,9.630,39758680,414457095,15:09:03,15.386,2.727,472890.62472,472890.62472,9.05497
sh603999,603999,读者传媒,5.660,0.01,0.177,5.660,5.670,5.650,5.650,5.910,5.600,13593600,78002170,15:00:03,37.733,1.571,326016.0,326016.0,2.36
sh605001,605001,威奥股份,5.610,-0.07,-1.232,5.600,5.610,5.680,5.680,5.740,5.600,4189670,23719293,15:00:03,25.5,0.805,220409.046,220409.046,1.06638
sh605003,605003,众望布艺,21.090,-0.18,-0.846,21.090,21.120,21.270,21.270,21.540,21.010,870953,18558293,15:00:03,31.955,1.578,231990.0,231990.0,0.79178
sh605005,605005,合兴股份,15.580,0.08,0.516,15.580,15.590,15.500,15.500,15.790,15.420,1271200,19920142,15:09:03,29.962,2.937,624758.0,624758.0,0.31701
sh605006,605006,山东玻纤,14.510,-0.44,-2.943,14.500,14.510,14.950,15.080,15.230,14.500,25313952,376948585,15:09:03,-725.5,3.784,948375.492104,948375.492104,3.873
sh605007,605007,五洲特纸,15.380,0.18,1.184,15.380,15.390,15.200,15.200,15.740,15.040,7768156,119487067,15:09:03,30.157,2.006,731672.744614,729899.584414,1.63686
sh605008,605008,长鸿高科,11.960,-0.03,-0.25,11.950,11.960,11.990,12.070,12.120,11.840,2462800,29425088,15:09:03,-1196.0,3.956,772571.047144,772571.047144,0.38126
sh605009,605009,豪悦护理,23.880,-0.18,-0.748,23.880,23.900,24.060,24.000,24.090,23.770,926798,22172410,15:00:06,22.111,1.473,513318.397764,513318.397764,0.43115
sh605011,605011,杭州热电,17.640,0.23,1.321,17.640,17.650,17.410,17.400,18.160,17.230,9060324,160337198,15:09:03,37.532,2.856,705776.4,705776.4,2.26451
sh605016,605016,百龙创园,20.150,-0.6,-2.892,20.150,20.160,20.750,20.550,20.550,20.060,10421829,211036215,15:09:03,22.898,4.065,846324.8248,846324.8248,2.48132
sh605018,605018,长华集团,13.000,-0.45,-3.346,12.990,13.000,13.450,13.540,13.540,13.000,5149099,68198314,15:09:03,65.0,2.158,611085.5309,611085.5309,1.0954
sh605020,605020,永和股份,34.830,0,0,34.830,34.840,34.830,34.840,35.860,34.570,11582994,406893217,15:00:01,28.785,2.999,1779181.612209,1751684.246721,2.30313
sh605028,605028,世茂能源,25.230,-0.78,-2.999,25.220,25.230,26.010,26.000,26.150,25.220,2257030,57688218,15:00:03,23.361,2.937,403680.0,403680.0,1.41064
sh605033,605033,美邦股份,18.810,-0.4,-2.082,18.810,18.870,19.210,19.180,19.240,18.810,4968100,94482758,15:00:03,52.25,2.136,254311.2,254311.2,3.67463
sh605050,605050,福然德,10.680,-0.19,-1.748,10.680,10.700,10.870,10.880,10.980,10.680,2162300,23323358,15:00:03,14.053,1.178,526341.565308,526341.565308,0.43875
sh605055,605055,迎丰股份,9.860,-0.03,-0.303,9.860,9.870,9.890,9.990,10.070,9.780,4123600,40913955,15:00:03,-75.846,4.417,433840.0,433840.0,0.93718
sh605056,605056,咸亨国际,15.050,-0.18,-1.182,15.040,15.050,15.230,15.280,15.730,15.000,7730419,117979692,15:09:03,23.154,3.353,616136.766,607106.766,1.91635
sh605058,605058,澳弘电子,26.660,-0.59,-2.165,26.650,26.660,27.250,27.530,27.830,26.660,1889050,51480030,15:00:03,24.916,2.097,381038.36992,381038.36992,1.32171
sh605060,605060,联德股份,44.490,0.06,0.135,44.480,44.490,44.430,44.670,47.320,44.300,5483099,251119295,15:00:03,46.832,4.235,1070393.808,1063045.8396,2.29476
sh605066,605066,天正电气,6.910,0.21,3.134,6.910,6.920,6.700,6.670,7.150,6.670,21090650,147044825,15:09:03,38.389,1.938,347181.289375,347181.289375,4.1977
sh605068,605068,明新旭腾,19.120,-0.63,-3.19,19.110,19.120,19.750,19.770,19.770,19.120,7038200,136417145,15:09:03,212.444,2.007,310123.52244,310123.52244,4.33925
sh605069,605069,正和生态,10.830,-0.33,-2.957,10.830,10.850,11.160,11.210,11.260,10.720,3955800,43830322,15:00:01,-14.635,3.336,229268.693574,229268.693574,1.86861
sh605077,605077,华康股份,10.990,-0.19,-1.699,10.980,10.990,11.180,11.200,11.200,10.980,3916753,43281257,15:00:03,16.652,1.085,333052.077484,329073.147984,1.30807
sh605080,605080,浙江自然,20.360,-0.42,-2.021,20.360,20.380,20.780,20.790,21.000,20.360,1359900,27949162,15:00:01,14.971,1.261,286891.17192,285755.0432,0.96893
sh605086,605086,龙高股份,24.000,-0.62,-2.518,24.000,24.010,24.620,24.800,24.800,24.000,1187740,28939318,15:00:03,35.294,2.64,430080.0,430080.0,0.6628
sh605088,605088,冠盛股份,21.060,-0.46,-2.138,21.050,21.060,21.520,21.630,21.630,21.050,2903796,61987066,15:00:03,13.5,1.444,426941.067618,423714.338658,1.44328
sh605089,605089,味知香,20.390,0.11,0.542,20.390,20.430,20.280,20.510,20.700,20.180,1104346,22608085,15:00:03,40.521,2.222,281382.0,281382.0,0.80025
sh605090,605090,九丰能源,34.270,0.29,0.853,34.270,34.280,33.980,33.960,35.050,33.960,12971962,447429450,15:09:03,15.097,2.061,2421465.143186,2419022.377586,1.83772
sh605098,605098,行动教育,56.280,-0.66,-1.159,56.280,56.290,56.940,57.700,58.430,56.130,1980978,112877020,15:00:01,21.0,6.432,671145.1908,671145.1908,1.66118
sh605099,605099,共创草坪,33.060,-0.42,-1.254,33.060,33.070,33.480,33.300,33.640,32.890,975100,32346002,15:00:03,19.796,3.99,1331203.005216,1329429.666816,0.24249
sh605100,605100,华丰股份,33.430,-0.97,-2.82,33.420,33.430,34.400,34.700,34.960,33.360,3948268,135425330,15:00:01,257.154,4.435,799050.546,795315.7464,1.6596
sh605108,605108,同庆楼,12.750,-0.27,-2.074,12.740,12.750,13.020,12.920,13.040,12.740,2781000,35831117,15:00:03,32.692,1.421,331500.0,331500.0,1.06962
sh605111,605111,新洁能,58.520,1.14,1.987,58.510,58.520,57.380,58.000,62.020,57.430,27760652,1651562075,15:09:03,61.6,5.598,2430526.182084,2430526.182084,6.68396
sh605116,605116,奥锐特,21.170,0.47,2.271,21.160,21.170,20.700,20.960,21.750,20.560,7570190,161616008,15:00:03,18.902,3.185,859889.906378,859889.906378,1.86374
sh605117,605117,德业股份,90.710,-3.38,-3.592,90.700,90.710,94.090,93.910,94.200,90.580,18482193,1706991635,15:09:03,25.843,9.988,11549478.727556,11549478.727556,1.4516
sh605118,605118,力鼎光电,28.950,-0.31,-1.059,28.940,28.950,29.260,29.550,29.850,28.920,2845199,83895443,15:00:01,45.326,7.36,1190612.175,1183674.3075,0.69587
sh605122,605122,四方新材,11.190,-0.16,-1.41,11.180,11.190,11.350,11.330,11.440,11.120,1867571,21019588,15:00:03,-6.182,1.109,192864.126,192864.126,1.08357
sh605123,605123,派克新材,77.520,-1.16,-1.474,77.520,77.530,78.680,78.780,79.440,77.520,1761897,138483804,15:09:03,37.219,2.016,939316.754784,939316.754784,1.45406
sh605128,605128,上海沿浦,24.880,-1.19,-4.565,24.870,24.880,26.070,26.000,26.190,24.800,8242481,209950525,15:09:03,27.341,3.562,781199.016584,781199.016584,2.6251
sh605133,605133,嵘泰股份,25.880,0,0,25.880,25.890,25.880,25.900,26.550,25.730,4882750,127915178,15:09:03,36.451,1.932,738292.093376,730121.673856,1.73075
sh605136,605136,丽人丽妆,8.330,-0.23,-2.687,8.330,8.340,8.560,8.550,8.580,8.310,6890900,58181875,15:09:03,-41.65,1.382,333581.9305,333581.9305,1.72075
sh605138,605138,盛泰集团,5.870,-0.09,-1.51,5.870,5.880,5.960,5.960,5.980,5.860,3844500,22713557,15:00:01,117.4,1.3,326120.57616,326120.57616,0.69199
sh605151,605151,西上海,18.450,-0.29,-1.547,18.450,18.520,18.740,18.840,18.850,18.410,867400,16197885,15:00:03,-369.0,1.803,248252.53959,248252.53959,0.64465
sh605155,605155,西大门,14.600,-0.14,-0.95,14.600,14.610,14.740,14.740,14.920,14.570,2614456,38524911,15:09:03,24.333,2.03,278158.28312,273645.42312,1.39491
sh605158,605158,华达新材,7.090,-0.04,-0.561,7.080,7.090,7.130,7.130,7.210,7.070,2708830,19381877,15:00:03,54.538,1.496,362596.78,362596.78,0.52967
sh605162,605162,新中港,9.050,-0.04,-0.44,9.050,9.060,9.090,9.110,9.180,8.970,22360951,203066555,15:09:03,29.194,3.103,400775.911455,400775.911455,5.04937
sh605166,605166,聚合顺,8.780,-0.06,-0.679,8.760,8.780,8.840,8.830,8.880,8.730,4325200,38121639,15:00:03,19.087,1.39,276336.430928,276336.430928,1.37424
sh605167,605167,利柏特,14.300,-0.72,-4.794,14.290,14.300,15.020,14.870,14.880,14.280,11070645,161083162,15:09:03,29.184,3.54,729167.85942,729167.85942,2.17111
sh605168,605168,三人行,43.680,-0.37,-0.84,43.680,43.700,44.050,44.000,46.160,43.630,8178288,368749593,15:09:03,48.533,3.367,920848.594848,920848.594848,3.87933
sh605169,605169,洪通燃气,10.000,-0.15,-1.478,10.000,10.010,10.150,10.190,10.190,9.970,2828100,28417613,15:00:03,22.821,1.403,282880.0,282880.0,0.99975
sh605177,605177,东亚药业,18.610,1,5.679,18.600,18.610,17.610,17.800,18.790,17.430,4896984,89447007,15:00:01,-25.847,1.285,213494.599265,211506.956354,4.30874
sh605178,605178,时空科技,65.330,-0.56,-0.85,65.330,65.400,65.890,67.210,70.000,65.200,5330200,358453601,15:00:03,-26.449,5.864,647289.64,647289.64,5.37969
sh605179,605179,一鸣食品,33.430,3.04,10.003,33.430,0.000,30.390,32.000,33.430,31.130,25979910,853829913,15:09:03,261.785,11.646,1340543.0,1340543.0,6.47878
sh605180,605180,华生科技,12.490,-0.03,-0.24,12.480,12.490,12.520,12.530,12.730,12.420,1868082,23527733,15:00:03,78.063,1.838,211081.0,211081.0,1.10537
sh605183,605183,确成股份,14.530,-0.25,-1.691,14.530,14.550,14.780,14.820,14.840,14.510,1900800,27813245,15:00:03,12.008,1.593,603262.940465,599259.983585,0.46088
sh605186,605186,健麾信息,26.590,-0.7,-2.565,26.590,26.600,27.290,27.290,27.780,26.500,3237300,87615825,15:00:03,115.609,3.269,361624.0,361624.0,2.38037
sh605188,605188,国光连锁,13.100,-0.04,-0.304,13.090,13.100,13.140,13.070,13.320,12.970,5757070,75676629,15:00:03,417.197,5.433,665147.915,665147.915,1.13385
sh605189,605189,富春染织,15.960,-0.53,-3.214,15.950,15.960,16.490,16.330,16.600,15.940,18441614,300333100,15:09:03,39.9,1.993,380222.962644,380222.962644,7.74094
sh605196,605196,华通线缆,34.520,-0.98,-2.761,34.510,34.520,35.500,35.140,36.000,34.350,19226700,671927552,15:09:03,61.643,5.21,1763875.968812,1751374.06408,3.78963
sh605198,605198,安德利,67.300,0.69,1.036,67.280,67.300,66.610,67.660,69.800,66.020,3168000,214464137,15:00:03,70.104,7.885,2249085.24,1820707.28,1.17101
sh605199,605199,ST葫芦娃,6.130,0.05,0.822,6.120,6.130,6.080,6.080,6.400,6.010,2664700,16474002,15:09:03,-8.514,6.392,245266.664976,245266.664976,0.66599
sh605208,605208,永茂泰,13.630,-0.42,-2.989,13.630,13.640,14.050,14.050,14.070,13.510,8311590,115005593,15:09:03,64.905,2.023,449708.22,449708.22,2.51912
sh605218,605218,伟时电子,14.520,-0.41,-2.746,14.520,14.530,14.930,14.900,15.300,14.500,2906900,43072060,15:00:03,138.154,1.988,352566.974892,309034.18392,1.36581
sh605222,605222,起帆电缆,19.960,-0.32,-1.578,19.960,19.970,20.280,20.220,20.700,19.950,6609100,134232870,15:09:03,48.683,1.751,824163.874988,824163.874988,1.60062
sh605228,605228,神通科技,11.220,-0.04,-0.355,11.220,11.230,11.260,11.280,11.400,11.180,5175876,58353413,15:00:03,36.194,2.35,537500.067918,535345.827918,1.08478
sh605255,605255,天普股份,68.680,-2.35,-3.308,68.680,68.690,71.030,68.320,70.320,68.000,1197600,82632033,15:09:03,343.4,11.329,920861.44,920861.44,0.8932
sh605258,605258,协和电子,26.830,-0.85,-3.071,26.810,26.830,27.680,27.880,27.970,26.800,1409200,38719242,15:00:03,35.303,1.938,236104.0,236104.0,1.60136
sh605259,605259,绿田机械,17.940,-0.33,-1.806,17.900,17.940,18.270,18.360,18.360,17.850,649760,11723773,15:00:01,12.634,1.642,309429.12,309429.12,0.37672
sh605266,605266,健之佳,17.100,-0.19,-1.099,17.100,17.110,17.290,17.260,17.410,16.910,2025800,34743520,15:00:03,17.1,0.976,264268.40688,264268.40688,1.31083
sh605268,605268,王力安防,9.260,-0.1,-1.068,9.260,9.270,9.360,9.440,9.450,9.260,2076100,19395547,15:00:03,31.931,2.365,407949.3,407949.3,0.47125
sh605277,605277,新亚电子,15.190,0.02,0.132,15.190,15.200,15.170,15.190,15.630,15.170,7914938,121967637,15:09:03,22.338,3.384,590565.051461,579896.08306,2.07327
sh605286,605286,同力天启,34.090,3.1,10.003,34.090,0.000,30.990,34.090,34.090,34.090,2277800,77650202,15:09:03,28.89,2.653,572712.0,572712.0,1.35583
sh605287,605287,德才股份,38.310,-0.82,-2.096,38.310,38.340,39.130,39.130,39.830,38.100,3886700,151863794,15:09:03,73.673,3.392,536340.0,536340.0,2.77621
sh605288,605288,凯迪股份,65.550,0.95,1.471,65.550,65.560,64.600,64.380,67.480,62.280,4394489,286457119,15:09:03,75.345,2.897,648566.232435,644215.416735,4.47147
sh605289,605289,罗曼股份,106.850,-2.44,-2.233,106.850,106.870,109.290,110.000,114.980,106.000,5524159,609840429,15:09:03,213.7,11.971,1630643.1925,1628377.80154,3.62481
sh605296,605296,神农集团,31.380,0.13,0.416,31.370,31.380,31.250,31.260,31.600,30.850,2858529,89205435,15:09:03,48.277,3.859,1651311.679284,1625435.103684,0.55186
sh605298,605298,必得科技,46.160,-0.87,-1.85,46.110,46.160,47.030,47.080,47.810,46.000,725988,33884167,15:00:03,148.903,8.102,867115.6,859734.616,0.38979
sh605299,605299,舒华体育,12.610,-0.29,-2.248,12.610,12.620,12.900,12.810,12.990,12.400,8239300,105326266,15:00:03,57.318,4.003,514058.387388,514058.387388,2.02112
sh605300,605300,佳禾食品,9.880,-0.02,-0.202,9.880,9.900,9.900,9.880,10.050,9.800,3542202,35181570,15:00:01,141.143,1.556,448945.813836,448945.813836,0.77954
sh605303,605303,园林股份,21.750,0.18,0.834,21.750,21.760,21.570,21.900,23.460,21.660,5552880,124346346,15:00:03,-20.714,4.145,350691.3624,350691.3624,3.44392
sh605305,605305,中际联合,38.230,-0.87,-2.225,38.230,38.240,39.100,39.020,39.340,38.210,3025321,116941564,15:09:00,15.292,2.652,812463.96,812463.96,1.42355
sh605318,605318,法狮龙,76.810,-1.82,-2.315,76.810,76.830,78.630,79.600,81.000,76.710,1188100,94030108,15:00:01,-1536.2,15.103,965724.664068,965724.664068,0.94497
sh605319,605319,无锡振华,24.590,-0.31,-1.245,24.590,24.600,24.900,24.860,25.030,24.580,2379600,58862405,15:00:03,18.351,3.012,860890.236923,856105.022923,0.6835
sh605333,605333,沪光股份,17.060,-0.34,-1.954,17.060,17.080,17.400,17.300,17.420,17.040,1868672,32147098,15:00:03,15.651,2.296,791652.932636,791652.932636,0.4027
sh605336,605336,*ST帅电,10.990,-0.52,-4.518,10.990,11.000,11.510,11.460,11.460,10.900,4071300,45457688,15:00:03,-35.452,1.117,201570.28255,201570.28255,2.21975
sh605337,605337,李子园,9.850,0,0,9.850,9.860,9.850,9.810,10.030,9.680,6629326,65554276,15:00:03,18.942,2.3,384251.113205,384251.113205,1.69938
sh605338,605338,巴比食品,19.870,-0.48,-2.359,19.870,19.880,20.350,20.300,20.340,19.820,3774167,75597406,15:00:03,17.43,1.996,476018.957394,476018.957394,1.57541
sh605339,605339,南侨食品,13.870,0.13,0.946,13.870,13.880,13.740,13.650,14.190,13.580,3698000,51471218,15:00:01,138.7,1.726,588491.084392,588491.084392,0.87157
sh605358,605358,立昂微,44.050,-1.46,-3.208,44.040,44.050,45.510,46.420,46.460,43.950,38047056,1720763289,15:09:00,-209.762,3.173,3401538.238065,3401538.238065,4.9271
sh605365,605365,立达信,13.750,-0.29,-2.066,13.750,13.760,14.040,14.080,14.110,13.720,3582800,49893151,15:00:03,33.053,1.815,690267.7045,690267.7045,0.71369
sh605366,605366,宏柏新材,8.380,-0.18,-2.103,8.370,8.380,8.560,8.650,8.780,8.330,27405641,234411092,15:09:00,-36.435,2.42,647629.6126,647629.6126,3.54615
sh605368,605368,蓝天燃气,6.550,-0.14,-2.093,6.550,6.560,6.690,6.690,6.690,6.550,5706375,37651328,15:00:03,16.795,1.41,468086.524325,468086.524325,0.7985
sh605369,605369,拱东医疗,17.090,0,0,17.080,17.090,17.090,17.090,17.350,16.910,1863364,32039930,15:00:03,74.304,2.187,375643.376561,375643.376561,0.84774
sh605376,605376,博迁新材,167.480,-1.32,-0.782,167.470,167.480,168.800,172.300,178.160,165.890,16679129,2883154631,15:09:00,199.381,24.889,4381276.8,4381276.8,6.37581
sh605377,605377,华旺科技,9.150,0.04,0.439,9.140,9.150,9.110,9.090,9.320,9.010,6909684,63552214,15:09:00,18.673,1.283,509353.29522,509353.29522,1.24125
sh605378,605378,野马电池,14.070,-0.2,-1.402,14.070,14.080,14.270,14.280,14.330,14.070,1475860,20959183,15:00:01,56.28,2.955,367714.3848,367714.3848,0.56471
sh605388,605388,均瑶健康,6.480,0.13,2.047,6.470,6.480,6.350,6.300,6.810,6.170,35955160,234725876,15:09:00,-20.25,2.533,389113.632,389113.632,5.9877
sh605389,605389,长龄液压,72.070,-1.76,-2.384,72.070,72.090,73.830,74.070,75.000,72.010,725400,53290596,15:00:03,81.898,6.248,1347688.89247,1276696.901116,0.40949
sh605398,605398,新炬网络,20.830,-0.42,-1.976,20.830,20.850,21.250,21.680,21.880,20.820,4862265,103635189,15:00:01,208.3,3.262,338938.217457,338938.217457,2.98818
sh605399,605399,晨光新材,10.740,-0.29,-2.629,10.740,10.750,11.030,11.140,11.140,10.740,3217280,35044733,15:00:03,-35.8,1.624,334412.780496,334061.582496,1.03435
sh605488,605488,福莱新材,30.620,-0.09,-0.293,30.610,30.620,30.710,31.410,31.620,30.590,7768531,240620387,15:00:03,109.357,4.059,918564.232778,845044.92689,2.81491
sh605499,605499,东鹏饮料,125.970,-1.93,-1.509,125.960,125.970,127.900,127.000,129.900,125.860,8785693,1125358113,15:09:00,14.836,4.749,9248708.70807,8515784.8893,1.29963
sh605500,605500,森林包装,6.940,-0.08,-1.14,6.930,6.940,7.020,7.020,7.040,6.930,3041000,21222742,15:00:03,46.267,1.114,287593.6,287593.6,0.73383
sh605507,605507,国邦医药,15.700,0.06,0.384,15.690,15.700,15.640,15.610,15.930,15.310,9497150,147999083,15:00:01,10.608,1.462,1228294.053,1228294.053,1.21392
sh605555,605555,德昌股份,12.030,-0.17,-1.393,12.020,12.030,12.200,12.200,12.250,12.010,2697690,32742688,15:09:00,35.382,1.944,582335.05512,582335.05512,0.55729
sh605566,605566,福莱蒽特,26.020,-0.84,-3.127,26.020,26.040,26.860,26.730,27.100,26.020,3388000,90032713,15:00:01,76.529,1.707,346950.68,346950.68,2.54087
sh605567,605567,春雪食品,8.980,-0.11,-1.21,8.980,9.000,9.090,9.080,9.120,8.950,2534100,22899780,15:00:03,44.9,1.617,179600.0,179600.0,1.26705
sh605577,605577,龙版传媒,9.920,0.06,0.609,9.910,9.920,9.860,9.810,10.450,9.720,8435500,84917414,15:09:00,19.675,1.095,440888.88944,440888.88944,1.89799
sh605580,605580,恒盛能源,18.310,-0.19,-1.027,18.310,18.320,18.500,18.500,18.730,18.310,3972917,73815796,15:09:00,32.696,4.776,512680.0,512680.0,1.4189
sh605588,605588,冠石科技,47.000,-1.04,-2.165,46.980,47.000,48.040,48.040,49.180,46.740,1394200,67153755,15:00:03,-48.958,3.641,344394.7607,343567.9367,1.90726
sh605589,605589,圣泉集团,41.090,-0.46,-1.107,41.090,41.100,41.550,42.280,43.430,41.010,34847991,1479195049,15:09:00,34.529,3.188,3477810.338282,3475881.162782,4.11954
sh605598,605598,上海港湾,27.870,-0.6,-2.107,27.860,27.870,28.470,28.470,28.990,27.850,2644253,75027391,15:00:03,103.222,3.953,677287.846683,677287.846683,1.08809
sh605599,605599,菜百股份,16.030,-0.31,-1.897,16.030,16.040,16.340,16.550,16.650,15.950,7319300,118182362,15:09:00,10.979,2.465,1246777.8134,1246777.8134,0.94105
sh688001,688001,华兴源创,49.000,-1.36,-2.701,49.000,49.020,50.360,50.860,53.280,48.820,8486081,432033025,15:09:00,272.222,6.805,2310671.5331,2310671.5331,1.79955
sh688002,688002,睿创微纳,166.250,-1.41,-0.841,166.250,166.280,167.660,169.300,172.290,166.040,8032694,1362949730,15:09:00,66.5,10.876,7739763.26375,7739763.26375,1.72542
sh688003,688003,天准科技,77.500,-2.43,-3.04,77.500,77.520,79.930,80.990,82.780,77.110,4885619,392244735,15:09:00,196.103,7.642,1509562.949,1509562.949,2.50825
sh688004,688004,博汇科技,23.830,-0.09,-0.376,23.830,23.870,23.920,23.860,24.420,23.650,2354535,56455127,15:00:03,-82.172,3.325,190849.704,190849.704,2.93993
sh688005,688005,容百科技,27.310,-0.43,-1.55,27.300,27.310,27.740,27.810,27.900,27.180,11794715,325001588,15:00:03,-101.148,2.511,1951623.811712,1951623.811712,1.65049
sh688006,688006,杭可科技,22.220,-0.45,-1.985,22.210,22.220,22.670,22.600,22.850,22.180,8272324,186500203,15:09:00,36.426,2.425,1341359.521744,1341359.521744,1.37033
sh688007,688007,光峰科技,10.960,-0.08,-0.725,10.950,10.960,11.040,11.040,11.320,10.940,6077123,67409509,15:00:01,-18.267,2.09,503738.73596,503738.73596,1.32222
sh688008,688008,澜起科技,210.220,-5.21,-2.418,210.210,210.220,215.430,221.800,225.300,210.120,47777534,10469579960,15:09:00,106.711,12.309,25658150.277462,24065239.760462,4.17357
sh688009,688009,中国通号,4.910,-0.02,-0.406,4.910,4.920,4.930,4.930,4.950,4.910,19153301,94323911,15:00:03,14.441,1.086,5199601.129,4232919.838,0.22217
sh688010,688010,福光股份,26.710,-0.64,-2.34,26.700,26.710,27.350,27.590,28.360,26.690,4216270,115711664,15:00:03,332.214,2.502,428859.974838,428859.974838,2.62595
sh688011,688011,新光光电,81.570,-1.79,-2.147,81.510,81.570,83.360,84.190,84.190,81.570,2425097,200610037,15:00:03,-216.366,7.74,811621.5,808868.700111,2.44558
sh688012,688012,中微公司,370.420,-10.53,-2.764,370.410,370.420,380.950,388.000,388.230,370.000,24276028,9242028782,15:09:00,108.947,14.595,35480396.254616,34900862.681596,2.57653
sh688013,688013,天臣医疗,26.370,0,0,26.370,26.460,26.370,26.800,26.980,25.910,1346705,35742957,15:00:06,24.877,3.711,214007.3172,214007.3172,1.65941
sh688015,688015,交控科技,15.810,-0.21,-1.311,15.810,15.820,16.020,15.960,16.150,15.750,1086088,17330728,15:00:03,19.048,1.111,298304.253102,298304.253102,0.57562
sh688016,688016,心脉医疗,94.100,0.4,0.427,94.030,94.100,93.700,93.170,95.600,92.550,1962567,184977991,15:00:06,20.237,2.75,1159896.52097,1159896.52097,1.59219
sh688017,688017,绿的谐波,346.000,-8.99,-2.532,345.950,346.000,354.990,353.330,367.470,346.000,10694380,3833384302,15:09:00,499.711,17.774,6343222.325,6343222.325,5.8334
sh688018,688018,乐鑫科技,112.000,-2.1,-1.84,112.000,112.020,114.100,115.500,116.770,111.570,4915255,564746754,15:09:00,35.533,5.579,2625104.2832,2625104.2832,2.09709
sh688019,688019,安集科技,242.500,-7.86,-3.139,242.500,242.530,250.360,255.000,257.500,242.000,6149303,1546398714,15:09:00,52.039,12.068,5537646.16775,5537646.16775,2.69285
sh688020,688020,方邦股份,138.880,-3.54,-2.486,138.880,138.900,142.420,146.700,158.000,138.520,5954671,881137515,15:00:03,-110.222,8.698,1144412.864,1144412.864,7.22628
sh688021,688021,奥福科技,20.660,-0.35,-1.666,20.630,20.660,21.010,21.010,21.140,20.600,815627,17069020,15:00:03,108.737,1.787,157870.739322,157870.739322,1.06738
sh688022,688022,ST瀚川,8.220,-0.11,-1.321,8.220,8.230,8.330,8.270,8.350,8.160,1347025,11100867,15:00:01,45.667,2.191,144571.982328,144571.982328,0.76588
sh688023,688023,安恒信息,39.040,-1.16,-2.886,39.040,39.080,40.200,40.210,41.610,39.020,3931471,158153125,15:00:03,-68.491,1.789,398891.758272,398891.758272,3.84778
sh688025,688025,杰普特,377.700,15.71,4.34,377.580,377.700,361.990,370.000,405.000,365.000,4752648,1813823604,15:00:03,128.908,14.932,3590016.70671,3590016.70671,5.00019
sh688026,688026,洁特生物,18.550,0.39,2.148,18.550,18.560,18.160,18.130,18.850,17.950,6327170,116122646,15:00:03,53.0,2.404,260376.012085,260292.867275,4.50911
sh688027,688027,国盾量子,404.390,-10.61,-2.557,404.390,404.790,415.000,415.420,420.680,404.110,1526439,630455048,15:09:00,8087.8,12.893,4159596.019439,3250259.14843,1.89916
sh688028,688028,沃尔德,91.800,3.1,3.495,91.800,91.830,88.700,89.880,94.880,88.300,8891648,817065014,15:09:00,146.739,6.855,1385711.82,1385711.82,5.8905
sh688029,688029,南微医学,73.030,2.43,3.442,73.030,73.040,70.600,70.790,75.120,70.080,4518777,328195147,15:00:03,23.944,3.234,1371849.722866,1371849.722866,2.40556
sh688030,688030,山石网科,17.420,-0.04,-0.229,17.420,17.450,17.460,17.440,17.870,17.070,4633027,80934012,15:00:03,-16.223,4.614,313970.882056,313970.882056,2.57054
sh688031,688031,星环科技,112.290,-0.47,-0.417,112.250,112.290,112.760,112.300,123.050,111.810,12447409,1454820150,15:09:00,-55.315,16.866,1360235.200764,1360235.200764,10.27557
sh688032,688032,禾迈股份,78.430,-1.92,-2.39,78.420,78.430,80.350,80.100,80.860,78.410,967729,76914461,15:09:00,-59.87,1.715,973108.813435,973108.813435,0.77996
sh688033,688033,*ST天宜,6.100,-0.09,-1.454,6.090,6.100,6.190,6.180,6.180,6.100,4153164,25444750,15:09:00,-1.54,2.586,342941.14356,342941.14356,0.73874
sh688035,688035,德邦科技,61.960,-0.22,-0.354,61.960,61.970,62.180,63.220,64.640,61.850,6521069,414929841,15:09:00,81.526,3.671,881319.04,881319.04,4.58455
sh688036,688036,传音控股,54.570,-1.72,-3.056,54.570,54.580,56.290,56.000,56.560,54.520,18592917,1031750465,15:09:00,24.146,2.957,6282014.062065,6282014.062065,1.61511
sh688037,688037,芯源微,329.970,-9.03,-2.664,329.930,329.970,339.000,345.000,349.660,328.780,5011142,1704100182,15:00:01,916.583,23.77,6657689.068512,6657689.068512,2.48363
sh688038,688038,中科通达,17.930,0.11,0.617,17.930,17.940,17.820,17.990,18.440,17.660,2225623,40339486,15:00:03,-597.667,3.522,208657.5062,208657.5062,1.91248
sh688039,688039,当虹科技,35.090,-0.64,-1.791,35.050,35.090,35.730,35.730,36.960,35.020,1862590,67390131,15:09:00,-42.277,3.739,388100.396816,388100.396816,1.68406
sh688041,688041,海光信息,286.000,-1.66,-0.577,286.000,286.050,287.660,293.300,296.990,285.360,18610727,5445365942,15:09:00,260.0,28.291,66476069.4026,66476069.4026,0.80069
sh688045,688045,必易微,62.000,3.59,6.146,62.000,62.110,58.410,59.570,67.650,58.430,4524544,284623670,15:00:03,364.706,3.072,437577.3318,437577.3318,6.41079
sh688046,688046,药康生物,40.950,2.35,6.088,40.950,40.960,38.600,37.500,43.470,37.500,32468918,1307688008,15:09:00,117.0,7.371,1679712.489,1679712.489,7.91565
sh688047,688047,龙芯中科,110.260,-2.44,-2.165,110.260,110.310,112.700,113.260,114.230,110.010,4608591,520434345,15:00:03,-96.719,18.434,4421426.0,4421426.0,1.14927
sh688048,688048,长光华芯,300.910,-0.56,-0.186,300.880,300.910,301.470,311.000,320.600,300.460,11460068,3545144770,15:09:00,2422.786,17.601,5304439.764813,5304439.764813,6.50106
sh688049,688049,炬芯科技,41.250,-1.26,-2.964,41.250,41.260,42.510,43.070,43.300,41.100,6235273,263338886,15:00:03,34.958,3.467,726065.8515,726065.8515,3.54245
sh688050,688050,爱博医疗,43.450,1.47,3.502,43.450,43.460,41.980,41.820,44.690,41.300,7677049,331548596,15:09:00,31.036,2.935,840486.958575,840486.958575,3.96874
sh688051,688051,佳华科技,24.780,-0.46,-1.823,24.700,24.780,25.240,25.260,25.370,24.700,990682,24841959,15:00:03,-15.885,3.311,191633.652,191633.652,1.28104
sh688052,688052,纳芯微,225.390,-1.61,-0.709,225.390,225.600,227.000,228.000,234.500,223.000,3694713,848701180,15:00:03,-140.869,4.852,3685244.762133,3232323.557133,2.57632
sh688053,688053,ST思科瑞,33.800,-0.97,-2.79,33.800,33.850,34.770,34.780,35.370,33.800,416623,14446147,15:00:01,-160.952,2.134,338000.0,338000.0,0.41662
sh688055,688055,龙腾光电,3.940,-0.04,-1.005,3.930,3.940,3.980,4.030,4.030,3.890,15178747,59980978,15:00:03,-63.548,3.276,1313333.3596,1313333.3596,0.45536
sh688056,688056,莱伯泰科,42.280,-1.44,-3.294,42.250,42.280,43.720,43.530,45.500,42.270,1373045,60049665,15:00:03,70.467,3.506,285189.00088,285189.00088,2.03557
sh688057,688057,金达莱,18.210,-0.35,-1.886,18.210,18.230,18.560,18.560,18.800,18.200,5317766,98054253,15:00:03,53.386,1.581,502596.0,502596.0,1.92673
sh688058,688058,宝兰德,22.980,-0.45,-1.921,22.980,23.020,23.430,23.540,23.980,22.980,900645,21085796,15:00:03,-22.752,2.828,174272.378112,174272.378112,1.18761
sh688059,688059,华锐精密,94.610,-1.67,-1.735,94.600,94.610,96.280,98.070,99.150,93.850,6604181,636564926,15:09:00,44.418,6.099,1324364.734975,1239485.534312,5.04098
sh688060,688060,云涌科技,34.270,-0.2,-0.58,34.240,34.270,34.470,34.470,35.140,34.200,290919,10073292,15:00:03,-167.334,2.326,206273.624856,206273.624856,0.48333
sh688061,688061,灿瑞科技,36.770,-1.58,-4.12,36.770,36.820,38.350,38.380,39.550,36.510,1375012,52379199,15:09:00,-70.712,1.84,422448.290707,422448.290707,1.19681
sh688062,688062,迈威生物,34.120,1.47,4.502,34.090,34.120,32.650,32.650,35.100,32.020,15871622,540626400,15:09:00,-14.041,142.702,1524243.4424,785578.88,6.89351
sh688063,688063,派能科技,45.020,-0.83,-1.81,45.020,45.030,45.850,45.570,46.450,44.950,4584356,209165074,15:00:03,128.629,1.196,1104607.338998,1104607.338998,1.86843
sh688065,688065,凯赛生物,46.610,-0.54,-1.145,46.600,46.610,47.150,47.280,47.720,46.350,6725237,316029878,15:09:00,56.841,1.881,3361931.729834,2719125.039779,1.15281
sh688066,688066,*ST航图,8.990,-0.23,-2.495,8.980,8.990,9.220,9.270,9.270,8.950,6120327,55347042,15:00:03,-1.263,-1.917,236733.145883,236733.145883,2.32421
sh688067,688067,爱威科技,22.340,-0.26,-1.15,22.340,22.470,22.600,22.720,22.850,22.340,782589,17678679,15:00:03,51.953,2.911,151912.0,151912.0,1.15087
sh688068,688068,热景生物,114.980,4.98,4.527,114.980,115.000,110.000,109.150,122.650,108.020,7648825,893319144,15:00:03,-45.992,4.385,1066486.825768,1066486.825768,8.24635
sh688069,688069,德林海,35.110,-2.54,-6.746,35.110,35.150,37.650,37.630,38.480,35.030,3992360,146083044,15:00:03,39.011,4.24,549938.589396,549938.589396,2.54886
sh688070,688070,纵横股份,33.400,-0.56,-1.649,33.390,33.400,33.960,33.960,34.310,33.370,1179324,39899645,15:00:03,278.333,5.101,295324.47,295324.47,1.33377
sh688071,688071,华依科技,36.700,-1.58,-4.127,36.700,36.790,38.280,38.080,38.200,36.080,4662158,173366823,15:00:01,-50.274,3.076,311178.28708,311178.28708,5.49849
sh688072,688072,拓荆科技,685.110,-17.92,-2.549,685.100,685.110,703.030,717.000,718.580,683.130,6641582,4675941029,15:09:00,206.358,27.479,19914707.872824,19367580.945132,2.3494
sh688073,688073,毕得医药,84.830,5.23,6.57,84.820,84.830,79.600,79.920,88.880,77.190,9547830,799091278,15:09:00,48.474,3.671,770960.047884,770960.047884,10.50563
sh688075,688075,安旭生物,29.590,0.22,0.749,29.570,29.590,29.370,29.420,29.880,28.940,748026,22067551,15:00:01,53.8,0.73,376038.019995,376038.019995,0.58861
sh688076,688076,ST诺泰,28.020,-0.12,-0.426,28.020,28.070,28.140,28.010,28.760,27.850,2278846,64644489,15:00:03,26.434,2.849,887718.322722,887718.322722,0.7193
sh688077,688077,大地熊,26.730,-0.18,-0.669,26.720,26.730,26.910,27.000,27.580,26.700,2525819,68487495,15:00:03,53.46,2.755,306001.041192,306001.041192,2.20637
sh688078,688078,龙软科技,22.820,-0.55,-2.353,22.780,22.820,23.370,23.380,23.600,22.740,563714,13077246,15:00:01,-31.26,2.515,166341.826,166341.826,0.77334
sh688079,688079,美迪凯,15.800,-0.75,-4.532,15.790,15.800,16.550,16.660,16.800,15.750,12723374,207057338,15:00:03,-40.513,5.21,650486.12324,639315.96564,3.14444
sh688080,688080,映翰通,36.470,-0.31,-0.843,36.460,36.470,36.780,36.870,37.580,36.300,950626,35208237,15:00:03,18.054,2.285,268623.913404,268623.913404,1.29063
sh688081,688081,兴图新科,29.400,-0.71,-2.358,29.400,29.410,30.110,30.220,30.650,29.280,1696316,50784370,15:00:03,-44.545,7.681,302937.6,302937.6,1.64627
sh688082,688082,盛美上海,305.600,-8.5,-2.706,305.600,305.890,314.100,320.000,322.580,304.030,7402836,2331083765,15:09:03,98.581,10.097,14748154.81584,14589742.38016,1.55061
sh688083,688083,中望软件,50.270,-0.86,-1.682,50.270,50.300,51.130,51.310,52.200,50.100,2628165,134496034,15:00:03,418.917,3.229,852811.678642,852811.678642,1.5492
sh688084,688084,晶品特装,46.160,-1.24,-2.616,46.160,46.250,47.400,47.020,47.760,46.130,1708699,79954569,15:00:03,-200.696,2.278,349242.248656,349242.248656,2.25842
sh688085,688085,三友医疗,13.800,0.03,0.218,13.790,13.800,13.770,13.680,14.180,13.510,4969444,68943082,15:00:03,72.632,2.388,506196.07224,483849.49074,1.41735
sh688087,688087,英科再生,38.930,-1.17,-2.918,38.930,38.960,40.100,40.290,41.000,38.660,1616203,64335555,15:00:03,25.444,2.609,751911.49957,725053.69257,0.86778
sh688088,688088,虹软科技,33.510,-0.47,-1.383,33.500,33.510,33.980,34.300,34.730,33.450,6957363,237770296,15:00:03,52.359,4.85,1344322.0104,1344322.0104,1.73427
sh688089,688089,ST嘉必优,7.910,-0.02,-0.252,7.910,7.940,7.930,7.990,8.120,7.860,2523944,20159827,15:09:03,9.198,0.828,131590.762373,131590.762373,1.51716
sh688090,688090,瑞松科技,70.000,0.46,0.661,69.860,70.000,69.540,70.020,74.700,69.540,10051935,728089888,15:00:03,777.778,12.007,1111057.255,1111057.255,6.33303
sh688091,688091,上海谊众,42.620,1.26,3.046,42.620,42.650,41.360,41.090,43.230,40.650,5569394,235704427,15:09:03,133.188,6.082,880970.91368,880970.91368,2.69439
sh688092,688092,爱科科技,22.500,-0.24,-1.055,22.460,22.500,22.740,22.800,22.800,22.460,618670,14016722,15:00:01,36.885,2.794,185993.415,185993.415,0.74842
sh688093,688093,世华科技,26.660,0.11,0.414,26.660,26.670,26.550,26.720,27.100,26.400,2304454,61548000,15:00:03,17.893,2.604,747500.520806,747500.520806,0.8219
sh688095,688095,福昕软件,65.460,-1.27,-1.903,65.460,65.600,66.730,66.990,69.560,65.260,6914708,466536378,15:00:01,194.937,2.275,598039.444104,598039.444104,7.56868
sh688096,688096,京源环保,8.700,-0.26,-2.902,8.700,8.710,8.960,9.090,9.090,8.650,5313387,47343698,15:00:01,-29.0,2.46,203367.54513,203367.54513,2.27305
sh688097,688097,博众精工,43.990,-0.52,-1.168,43.990,44.000,44.510,45.160,45.390,43.930,5597782,251106712,15:00:03,33.125,4.093,1964803.518235,1964803.518235,1.25329
sh688098,688098,申联生物,8.540,-0.09,-1.043,8.540,8.550,8.630,8.590,8.750,8.460,4480996,38599903,15:00:03,-170.8,2.528,350689.976,350689.976,1.09121
sh688099,688099,晶晨股份,97.300,-2.84,-2.836,97.260,97.300,100.140,101.690,102.000,96.700,12803908,1273471333,15:09:03,46.779,5.467,4118903.55135,4118903.55135,3.02464
sh688100,688100,威胜信息,29.360,-0.51,-1.707,29.360,29.400,29.870,29.950,30.220,29.350,4319374,128356884,15:09:03,21.588,4.078,1443587.6738,1443587.6738,0.87848
sh688101,688101,三达膜,15.410,-0.19,-1.218,15.410,15.420,15.600,15.580,15.690,15.410,2293006,35655919,15:09:03,13.518,1.13,511630.593706,511630.593706,0.69064
sh688102,688102,斯瑞新材,37.170,1.21,3.365,37.160,37.170,35.960,36.800,37.880,36.500,26644819,993726805,15:09:03,185.85,14.868,2903255.801019,2894826.763836,3.42123
sh688103,688103,国力电子,75.520,-1.98,-2.555,75.510,75.520,77.500,78.880,80.880,75.360,2680935,208962889,15:00:00,102.054,6.388,719823.154432,719823.154432,2.81269
sh688105,688105,诺唯赞,24.420,0.82,3.475,24.420,24.430,23.600,23.150,26.100,22.530,25595653,621788427,15:00:01,-610.5,3.322,1262477.526288,1262477.526288,4.95095
sh688106,688106,金宏气体,29.130,-0.79,-2.64,29.120,29.130,29.920,30.220,30.600,29.030,22089692,660962543,15:09:03,104.036,4.623,1562317.323396,1545506.400396,4.16351
sh688107,688107,安路科技,32.290,-0.76,-2.3,32.290,32.300,33.050,33.380,33.700,32.260,5349754,177393222,15:00:03,-47.506,14.338,1294342.606043,1294342.606043,1.3346
sh688108,688108,赛诺医疗,18.450,0.13,0.71,18.440,18.450,18.320,18.100,18.990,18.050,17904476,331214144,15:09:03,167.727,7.774,771121.44,771121.44,4.28386
sh688109,688109,品茗科技,77.420,-2.2,-2.763,77.420,77.620,79.620,79.000,82.210,77.250,1457765,115073701,15:00:03,131.22,7.695,610397.0866,610397.0866,1.84896
sh688110,688110,东芯股份,112.500,-2.19,-1.909,112.500,112.520,114.690,116.900,118.400,112.190,15606616,1810960812,15:09:03,-250.0,13.848,4976745.64875,4976745.64875,3.5279
sh688111,688111,金山办公,254.500,-5.98,-2.296,254.490,254.500,260.480,261.010,265.660,254.080,12232899,3179803027,15:09:03,64.106,7.805,11809141.92075,11809141.92075,2.63632
sh688112,688112,鼎阳科技,51.300,-0.28,-0.543,51.250,51.300,51.580,52.800,54.300,51.140,3446682,183375531,15:09:03,57.0,4.986,818732.00979,818732.00979,2.15962
sh688113,688113,联测科技,35.760,-0.59,-1.623,35.760,35.770,36.350,36.350,36.990,35.760,491796,17846874,15:00:01,25.543,2.278,230285.670984,230285.670984,0.76369
sh688114,688114,华大智造,70.290,6.37,9.966,70.280,70.290,63.920,63.920,73.300,62.060,21751928,1489183357,15:09:03,-130.167,4.13,2927692.053495,2921516.859096,5.23339
sh688115,688115,思林杰,64.540,4.64,7.746,64.520,64.540,59.900,60.950,67.420,59.900,3806168,246095044,15:00:03,-430.267,4.724,602403.452,602403.452,4.07783
sh688116,688116,天奈科技,32.880,-0.62,-1.851,32.860,32.880,33.500,33.500,33.780,32.860,4802378,160356300,15:09:03,52.19,3.2,1205157.383688,1205157.383688,1.31022
sh688117,688117,圣诺生物,26.910,0.57,2.164,26.910,26.920,26.340,26.320,27.540,25.880,12463224,336364678,15:00:03,26.91,5.272,592935.932979,592935.932979,5.65635
sh688118,688118,普元信息,21.000,-1.28,-5.745,21.000,21.010,22.280,21.900,22.530,20.980,7182236,155282247,15:09:03,272.727,2.32,195965.0973,195965.0973,7.69662
sh688119,688119,中钢洛耐,4.000,-0.08,-1.961,3.990,4.000,4.080,4.080,4.090,3.990,8937133,36122457,15:00:03,-30.053,1.597,450000.0,450000.0,0.79441
sh688120,688120,华海清科,262.990,-10.34,-3.783,262.900,262.990,273.330,276.010,279.000,262.000,10808392,2938425918,15:09:03,85.386,16.904,13051705.537962,13051705.537962,2.17788
sh688121,688121,*ST卓然,2.230,0.09,4.206,2.220,2.230,2.140,2.150,2.240,2.050,14092123,30191599,15:00:03,-2.687,0.232,52095.922669,45194.666741,6.95335
sh688122,688122,西部超导,51.710,-1.21,-2.286,51.710,51.720,52.920,53.000,53.240,51.700,9406886,494081753,15:09:03,40.026,4.682,3359415.113987,3359415.113987,1.44796
sh688123,688123,聚辰股份,138.880,-1.52,-1.083,138.880,138.990,140.400,145.540,148.260,138.530,15033382,2159887979,15:09:03,60.383,8.243,2206838.878272,2206838.878272,9.46075
sh688125,688125,安达智能,121.060,-2.2,-1.785,121.060,121.200,123.260,124.870,126.640,120.210,975888,120900377,15:00:03,-91.712,5.562,997842.570336,995156.127876,1.18716
sh688126,688126,沪硅产业,25.330,-0.93,-3.542,25.320,25.330,26.260,26.650,26.890,25.300,90246133,2365371896,15:09:03,-46.994,4.973,8371624.254469,7199037.70421,3.17533
sh688127,688127,蓝特光学,65.700,-0.83,-1.248,65.690,65.700,66.530,67.000,68.870,65.500,6338138,426735615,15:00:03,68.438,11.42,2666747.889,2666747.889,1.56151
sh688128,688128,中国电研,22.200,-0.31,-1.377,22.190,22.200,22.510,22.480,22.520,22.160,1929293,43128019,15:00:01,16.818,2.491,897990.0,897990.0,0.47696
sh688129,688129,东来技术,20.590,-0.39,-1.859,20.590,20.610,20.980,21.160,21.260,20.570,1477681,30891616,15:00:03,22.878,2.401,248065.8492,248065.8492,1.22651
sh688130,688130,晶华微,24.100,-0.79,-3.174,24.100,24.200,24.890,25.000,25.290,24.100,3404809,84894374,15:00:03,-68.857,2.349,291347.53654,145287.07654,5.64785
sh688131,688131,皓元医药,98.970,4.87,5.175,98.970,98.980,94.100,94.950,102.600,94.200,9762376,973986639,15:00:01,87.584,6.774,2110377.808524,2110377.808524,4.57824
sh688132,688132,邦彦技术,13.440,-0.12,-0.885,13.430,13.440,13.560,13.550,13.700,13.420,993188,13505481,15:00:03,-9.669,1.732,204590.674176,204590.674176,0.65245
sh688133,688133,泰坦科技,24.590,-0.21,-0.847,24.590,24.640,24.800,24.750,25.600,24.410,7135018,178189664,15:00:00,-129.421,1.486,404350.526443,404350.526443,4.33906
sh688135,688135,利扬芯片,25.640,-0.91,-3.427,25.640,25.650,26.550,26.750,27.270,25.610,14031810,371524898,15:00:00,-512.8,3.77,597678.504724,597678.504724,6.01955
sh688136,688136,科兴制药,21.120,0.56,2.724,21.120,21.130,20.560,20.400,21.740,20.300,7924232,168071613,15:00:00,26.734,2.469,426592.32,426592.32,3.92318
sh688137,688137,近岸蛋白,64.000,10.67,20.008,64.000,0.000,53.330,52.930,64.000,52.010,7282751,425013695,15:00:03,-57.658,2.214,447471.6992,447471.6992,10.41621
sh688138,688138,清溢光电,33.000,-1.26,-3.678,33.000,33.010,34.260,35.110,35.110,33.000,10850889,367637097,15:09:03,52.381,3.665,1038840.0,1038840.0,3.44692
sh688139,688139,海尔生物,29.100,0.3,1.042,29.010,29.100,28.800,28.690,29.650,28.440,3816919,111137435,15:00:01,36.375,2.068,920994.40302,920994.40302,1.206
sh688141,688141,杰华特,135.770,-1.13,-0.825,135.700,135.770,136.900,140.000,143.200,135.600,12808609,1800711193,15:09:03,-84.856,48.983,6114016.485393,6114016.485393,2.84432
sh688143,688143,长盈通,121.870,3.88,3.288,121.830,121.870,117.990,121.440,132.850,119.500,21887095,2736104443,15:09:03,641.421,11.58,1569451.633974,1491377.129662,17.88535
sh688146,688146,中船特气,295.490,-11.86,-3.859,295.490,295.500,307.350,310.000,318.660,295.000,19650290,6007298031,15:09:03,454.6,26.038,15643588.243985,4283743.410258,13.55465
sh688147,688147,微导纳米,115.280,2.61,2.316,115.270,115.280,112.670,113.930,123.880,112.680,12229859,1444875660,15:09:03,240.167,18.244,5354331.066392,5354331.066392,2.63312
sh688148,688148,芳源股份,6.550,-0.39,-5.62,6.550,6.560,6.940,6.970,6.970,6.530,28834357,193590916,15:09:03,-31.19,9.052,334163.349715,334163.349715,5.65188
sh688150,688150,莱特光电,39.600,-1.52,-3.696,39.600,39.610,41.120,41.830,42.100,38.960,12368147,507036932,15:00:03,72.0,8.172,1593652.8366,1593652.8366,3.07331
sh688151,688151,华强科技,16.630,-0.32,-1.888,16.630,16.640,16.950,16.900,17.180,16.620,4966580,83430119,15:00:03,138.583,1.353,572903.5,572903.5,1.44168
sh688152,688152,麒麟信安,28.250,-0.58,-2.012,28.230,28.250,28.830,28.980,29.310,28.000,1087190,31227188,15:00:03,-49.561,2.378,287862.0647,287862.0647,1.06694
sh688153,688153,XD唯捷创,26.310,-0.56,-2.084,26.290,26.310,26.870,26.990,27.430,26.210,5878046,158271657,15:00:03,263.1,2.847,1132153.524048,1100192.730654,1.40568
sh688155,688155,先惠技术,60.940,-0.81,-1.312,60.930,60.940,61.750,61.930,62.660,60.910,1964942,121803479,15:00:03,21.764,3.161,776130.883242,776130.883242,1.54283
sh688156,688156,路德科技,20.780,-0.63,-2.943,20.780,20.790,21.410,21.580,21.580,20.640,2422096,51398012,15:00:00,-29.686,2.705,209284.018246,209284.018246,2.40492
sh688157,688157,松井股份,19.030,-1.06,-5.276,19.030,19.050,20.090,19.840,20.120,19.020,2786533,54174866,15:00:01,146.385,2.652,357226.014288,357226.014288,1.48443
sh688158,688158,优刻得,34.400,-0.22,-0.635,34.390,34.400,34.620,35.970,36.200,34.390,35176583,1249084127,15:09:03,-215.0,6.544,1584825.47864,1409966.24352,8.58229
sh688159,688159,有方科技,32.860,-0.61,-1.823,32.820,32.860,33.470,33.800,34.570,32.800,3454097,116588943,15:00:03,109.533,3.257,304976.02592,304976.02592,3.72166
sh688160,688160,步科股份,109.000,-3.76,-3.335,109.000,109.010,112.760,111.700,114.460,109.000,1618686,181977741,15:09:03,131.325,7.569,994245.7454,994245.7454,1.77458
sh688161,688161,威高骨科,22.550,-0.03,-0.133,22.550,22.570,22.580,22.560,22.930,22.250,1408083,31932797,15:00:03,33.162,2.15,902000.0,902000.0,0.35202
sh688162,688162,巨一科技,23.130,-0.35,-1.491,23.130,23.140,23.480,24.000,24.000,23.040,907874,21286858,15:00:01,39.203,1.311,317114.092575,317114.092575,0.66219
sh688163,688163,赛伦生物,32.820,0.17,0.521,32.820,32.880,32.650,32.670,33.800,32.670,1109682,36844743,15:00:03,68.375,3.191,355178.04,355178.04,1.02539
sh688165,688165,埃夫特,17.280,-0.39,-2.207,17.280,17.290,17.670,17.700,17.890,17.230,6838721,120482454,15:00:01,-18.189,7.46,901635.84,901635.84,1.31065
sh688166,688166,博瑞医药,41.870,1.45,3.587,41.870,41.880,40.420,39.630,43.270,38.880,32120922,1325843704,15:09:03,322.077,7.39,1824673.627317,1824673.627317,7.37065
sh688167,688167,炬光科技,255.860,10.34,4.211,255.860,255.870,245.520,255.110,269.680,250.550,19184605,5017195342,15:09:03,-595.023,14.644,3329735.712006,3329735.712006,14.74163
sh688168,688168,安博通,36.780,-1.3,-3.414,36.760,36.780,38.080,38.410,38.790,36.700,2658429,100561355,15:00:03,-18.39,3.973,397441.02039,397441.02039,2.46016
sh688169,688169,石头科技,105.750,-3.34,-3.062,105.740,105.750,109.090,109.300,110.140,105.670,4487019,482198688,15:09:03,19.991,1.92,2744753.07285,2744753.07285,1.72876
sh688170,688170,德龙激光,51.770,-1.11,-2.099,51.730,51.770,52.880,53.950,54.430,51.770,4213636,225289708,15:00:03,207.08,4.343,535094.72,535094.72,4.07666
sh688171,688171,纬德信息,27.610,-1.21,-4.198,27.550,27.610,28.820,29.050,29.290,27.510,1961525,55690845,15:00:03,197.214,3.903,322624.94836,322624.94836,1.67866
sh688172,688172,燕东微,56.200,0.03,0.053,56.200,56.220,56.170,57.000,59.600,56.180,14565684,849114608,15:09:03,-181.29,4.416,8023213.70514,6736998.10382,1.21507
sh688173,688173,希荻微,13.600,-0.46,-3.272,13.600,13.610,14.060,14.150,14.480,13.600,7931320,111235820,15:00:03,-48.571,3.961,564740.67456,559445.13104,1.92809
sh688175,688175,高凌信息,19.600,0.06,0.307,19.590,19.600,19.540,19.770,20.330,19.570,2517841,50054371,15:00:01,-61.25,1.903,329499.716,329499.716,1.49772
sh688176,688176,亚虹医药,13.200,0.42,3.286,13.190,13.200,12.780,12.700,13.650,12.600,23810379,315116919,15:09:03,-17.838,5.149,755293.66176,755293.66176,4.16126
sh688177,688177,百奥泰,20.970,1.01,5.06,20.970,20.980,19.960,19.960,21.580,19.620,8614277,180159198,15:00:03,-26.213,38.74,868325.76,868325.76,2.08034
sh688178,688178,万德斯,28.410,-0.7,-2.405,28.390,28.410,29.110,29.110,29.450,28.290,1145444,33068805,15:00:03,-20.885,2.6,241478.874804,241478.874804,1.34762
sh688179,688179,阿拉丁,21.870,0.45,2.101,21.770,21.870,21.420,21.410,22.500,21.410,16151884,356076455,15:09:03,70.548,8.454,791707.246659,791707.246659,4.46177
sh688180,688180,君实生物,40.130,1.5,3.883,40.120,40.130,38.630,38.300,42.110,37.900,39524019,1605715400,15:09:03,-46.126,6.988,4120106.452323,3075539.808223,5.15714
sh688181,688181,八亿时空,39.270,-0.78,-1.948,39.270,39.280,40.050,40.400,41.170,39.210,4892758,197602403,15:00:03,63.339,2.501,522408.264147,522408.264147,3.67794
sh688182,688182,灿勤科技,28.050,-1.05,-3.608,28.050,28.060,29.100,29.050,30.240,28.000,9497523,273838670,15:09:03,93.5,4.964,1122000.0,1122000.0,2.37438
sh688183,688183,生益电子,109.850,-2.05,-1.832,109.820,109.850,111.900,113.800,115.230,109.160,14790126,1672811258,15:09:03,61.028,15.009,9200939.70549,9200939.70549,1.76579
sh688184,688184,ST帕瓦,11.400,-0.45,-3.797,11.400,11.440,11.850,11.840,11.840,11.400,647532,7502856,15:00:03,-2.615,1.624,178669.84476,111911.44476,0.65962
sh688185,688185,康希诺,56.720,1.48,2.679,56.710,56.720,55.240,55.030,58.280,54.710,3273862,186072760,15:09:03,515.636,2.845,1401232.439272,648723.094472,2.86245
sh688186,688186,广大特材,14.420,-0.29,-1.971,14.420,14.430,14.710,14.770,14.870,14.420,4941651,72179268,15:00:01,16.202,0.856,404465.651352,404465.651352,1.7618
sh688187,688187,时代电气,49.540,-0.71,-1.413,49.520,49.540,50.250,50.190,50.890,49.370,5005045,251287836,15:09:03,16.569,1.528,6592304.703048,4304567.814448,0.57602
sh688188,688188,柏楚电子,102.230,-0.82,-0.796,102.230,102.250,103.050,103.490,103.800,102.010,2020214,207953825,15:00:03,26.484,6.488,4146012.717489,4146012.717489,0.49813
sh688189,688189,ST南新,7.150,0.16,2.289,7.150,7.170,6.990,6.930,7.320,6.810,9064074,64499197,15:00:03,-14.332,2.543,195073.03101,195073.03101,3.32225
sh688190,688190,云路股份,77.500,-2.3,-2.882,77.490,77.500,79.800,80.280,81.480,77.080,1496731,119078522,15:00:03,31.591,3.457,930000.0,930000.0,1.24728
sh688191,688191,智洋创新,21.880,-0.11,-0.5,21.860,21.880,21.990,22.010,22.460,21.810,7065105,156441105,15:00:03,81.037,8.357,717669.990744,717669.990744,2.15398
sh688192,688192,迪哲医药,61.190,2.4,4.082,61.190,61.200,58.790,57.520,63.660,57.520,13535806,826233372,15:09:03,-35.784,23.057,2846349.787198,2822169.028948,2.93482
sh688193,688193,仁度生物,49.430,0.13,0.264,49.430,49.450,49.300,49.290,50.020,48.550,375954,18540116,15:00:03,190.115,2.156,198065.36741,198065.36741,0.93825
sh688195,688195,腾景科技,158.250,0.77,0.489,158.240,158.250,157.480,161.000,167.610,157.010,16517285,2679222935,15:09:03,287.727,28.154,2865749.25,2865749.25,9.12104
sh688196,688196,卓越新能,35.040,-0.31,-0.877,35.040,35.050,35.350,35.300,35.650,34.800,1279893,45021283,15:00:03,27.375,1.387,445676.54568,445676.54568,1.00628
sh688197,688197,首药控股,37.030,0.36,0.982,37.020,37.030,36.670,36.850,38.570,36.260,2962344,111525011,15:09:03,-42.563,8.28,550707.727129,237010.078046,4.62831
sh688198,688198,佰仁医疗,81.510,0.39,0.481,81.510,81.560,81.120,81.010,83.860,79.570,1122802,91990584,15:00:03,57.809,8.204,1122785.032083,1122785.032083,0.81511
sh688199,688199,久日新材,22.520,-0.74,-3.181,22.500,22.520,23.260,23.490,23.560,22.450,4905883,113279081,15:00:01,132.471,1.403,363083.769252,363083.769252,3.04284
sh688200,688200,华峰测控,415.010,4.87,1.187,415.000,415.010,410.140,415.910,434.740,406.000,4253524,1805939804,15:09:03,104.801,19.889,8331375.426697,8331375.426697,2.1188
sh688201,688201,ST信安,7.290,-0.14,-1.884,7.290,7.300,7.430,7.450,7.470,7.280,1832586,13555815,15:00:03,112.5,1.784,231205.131864,231205.131864,0.57782
sh688202,688202,美迪西,107.350,1.35,1.274,107.350,107.360,106.000,105.000,111.230,105.000,11357276,1233790794,15:00:03,-84.528,7.365,1442270.69524,1442270.69524,8.45336
sh688203,688203,海正生材,11.690,0.46,4.096,11.690,11.700,11.230,11.130,11.940,11.000,12150527,141113748,15:09:03,233.8,1.606,236930.661492,236930.661492,5.99499
sh688205,688205,德科立,154.400,7.4,5.034,154.400,154.420,147.000,150.030,164.880,150.000,16148555,2548218819,15:09:03,343.111,10.503,2458626.81472,2458626.81472,10.14118
sh688206,688206,概伦电子,35.380,-1.39,-3.78,35.370,35.380,36.770,37.240,37.240,35.350,6904112,251329578,15:09:03,442.25,7.757,1544615.91823,1544615.91823,1.58141
sh688207,688207,格灵深瞳,19.380,-0.38,-1.923,19.380,19.390,19.760,19.740,21.060,19.330,13838370,280807452,15:09:03,-26.548,2.752,501889.958886,501889.958886,5.34355
sh688208,688208,道通科技,26.900,-0.52,-1.896,26.890,26.900,27.420,27.480,27.940,26.900,11431398,312335076,15:09:03,18.944,4.677,1802801.44559,1802801.44559,1.7057
sh688209,688209,英集芯,21.500,-0.53,-2.406,21.500,21.510,22.030,22.200,22.400,21.490,9042300,199599050,15:00:03,52.439,4.171,932635.70535,932635.70535,2.08452
sh688210,688210,统联精密,28.700,-0.9,-3.041,28.700,28.760,29.600,29.760,30.370,28.700,2971651,88282326,15:00:03,-956.667,3.663,466835.65796,466835.65796,1.8269
sh688211,688211,中科微至,30.770,-0.37,-1.188,30.770,30.810,31.140,31.150,31.620,30.760,904668,28147918,15:00:03,-42.151,1.155,403372.736374,403372.736374,0.6901
sh688212,688212,澳华内镜,31.150,-0.65,-2.044,31.150,31.170,31.800,31.420,32.280,30.300,6335655,198110173,15:00:03,346.111,3.262,419482.25375,419482.25375,4.70474
sh688213,688213,思特威,96.990,-1.5,-1.523,96.980,96.990,98.490,98.990,101.600,96.990,7574374,752770441,15:09:03,38.952,7.147,3901973.410725,3137718.407724,2.34131
sh688215,688215,瑞晟智能,43.600,0,0,43.460,43.600,43.600,44.050,44.900,43.150,1502814,66042641,15:09:03,76.491,7.99,393931.49796,393931.49796,1.6633
sh688216,688216,气派科技,30.490,-0.83,-2.65,30.490,30.500,31.320,31.700,32.110,30.410,4016166,126349858,15:00:01,-42.944,4.753,348818.774729,323931.007329,3.78022
sh688217,688217,睿昂基因,23.990,-0.12,-0.498,23.990,24.000,24.110,24.110,24.430,23.700,905871,21824349,15:00:03,-26.363,1.595,133998.294504,133998.294504,1.6218
sh688218,688218,江苏北人,42.880,-1.56,-3.51,42.880,42.930,44.440,44.380,44.780,42.880,3237580,141600422,15:00:03,-62.145,5.856,499446.249344,499446.249344,2.77963
sh688219,688219,会通股份,10.420,-0.36,-3.34,10.420,10.430,10.780,10.790,10.800,10.420,8394669,88958297,15:00:01,27.421,1.88,572683.2,572683.2,1.52741
sh688220,688220,翱捷科技,102.090,-1.91,-1.837,102.090,102.100,104.000,105.550,108.200,101.660,8830757,932306838,15:09:03,-106.344,7.849,4270433.775801,4270433.775801,2.1111
sh688221,688221,前沿生物,21.530,0.07,0.326,21.530,21.540,21.460,21.270,22.450,21.000,19436441,425842292,15:09:03,-29.903,7.277,806467.839909,806467.839909,5.18888
sh688222,688222,成都先导,39.860,1.96,5.172,39.860,39.880,37.900,37.950,41.780,37.050,34642314,1382628060,15:09:03,147.63,10.384,1597110.48,1597110.48,8.64588
sh688223,688223,晶科能源,4.410,-0.11,-2.434,4.410,4.420,4.520,4.510,4.530,4.410,70218881,313035825,15:09:03,-6.391,1.817,4528810.807101,4528810.807101,0.68377
sh688225,688225,亚信安全,12.730,-0.38,-2.899,12.720,12.730,13.110,13.070,13.300,12.720,7063054,91530630,15:00:01,-11.038,3.281,509212.73,509212.73,1.76572
sh688226,688226,威腾电气,30.760,-1.1,-3.453,30.750,30.760,31.860,31.720,32.330,30.680,5419274,171054601,15:00:01,192.25,3.522,603159.742392,580673.49952,2.87075
sh688227,688227,品高股份,82.050,-0.3,-0.364,82.010,82.050,82.350,86.290,86.870,82.000,3924549,332045583,15:00:01,-178.37,7.446,927618.531375,927618.531375,3.47135
sh688228,688228,开普云,76.390,-0.91,-1.177,76.390,76.400,77.300,77.360,79.500,76.210,2598074,202617502,15:09:03,-449.353,4.138,516020.25564,516020.25564,3.84611
sh688229,688229,博睿数据,74.160,1.91,2.644,74.160,74.170,72.250,70.250,76.240,70.250,1931768,144823033,15:09:03,-33.405,9.006,329270.4,329270.4,4.35083
sh688230,688230,芯导科技,54.030,-1.29,-2.332,54.030,54.060,55.320,55.800,55.800,54.010,1153462,63617778,15:00:01,60.033,2.824,635392.8,635392.8,0.98084
sh688231,688231,隆达股份,29.500,0.22,0.751,29.500,29.520,29.280,29.180,30.140,29.160,2732378,81037933,15:00:03,95.161,3.358,942758.90255,942758.90255,0.85499
sh688232,688232,新点软件,18.970,-0.22,-1.146,18.970,18.980,19.190,19.390,19.540,18.910,2157868,41522758,15:00:03,172.455,1.138,610799.806575,610799.806575,0.67018
sh688233,688233,神工股份,113.210,-4.35,-3.7,113.200,113.210,117.560,119.990,122.550,112.990,10987364,1302448956,15:09:03,188.683,10.064,1928031.237256,1928031.237256,6.45155
sh688234,688234,天岳先进,112.030,1.67,1.513,112.000,112.030,110.360,111.600,118.500,109.500,18122448,2065127798,15:09:03,-238.362,7.633,5429181.548432,4814052.825932,4.21736
sh688235,688235,百济神州,292.180,-1.47,-0.501,292.180,292.200,293.650,291.000,301.960,290.110,7063627,2094560508,15:09:03,283.67,13.642,45062488.418458,3361684.58668,6.13933
sh688236,688236,春立医疗,15.050,-0.27,-1.762,15.050,15.070,15.320,15.210,15.450,15.000,2617374,39785301,15:00:01,21.197,1.894,577270.5925,434084.14,0.90746
sh688237,688237,超卓航科,57.020,-0.1,-0.175,57.020,57.050,57.120,56.870,57.770,55.000,2743629,155408528,15:00:01,407.286,4.214,511366.490304,511366.490304,3.05929
sh688238,688238,和元生物,7.390,0.31,4.379,7.390,7.400,7.080,7.140,7.690,6.960,40248869,299000447,15:09:03,-19.973,3.538,479638.1213,478453.0609,6.21668
sh688239,688239,航宇科技,45.600,-0.4,-0.87,45.590,45.600,46.000,46.010,47.340,45.520,2663183,123589055,15:00:03,46.531,4.207,870562.60512,870562.60512,1.39497
sh688244,688244,永信至诚,15.570,-0.26,-1.642,15.560,15.570,15.830,15.850,16.080,15.510,1442424,22867933,15:00:03,-48.656,2.479,235047.085083,235047.085083,0.95549
sh688246,688246,嘉和美康,19.020,-0.41,-2.11,19.020,19.070,19.430,19.530,19.760,19.020,2331953,45319255,15:00:03,-10.451,2.029,261687.807396,261687.807396,1.69491
sh688247,688247,宣泰医药,10.090,0.65,6.886,10.080,10.090,9.440,9.470,10.230,9.290,17176334,168729507,15:09:03,91.727,3.496,457420.06,457420.06,3.78884
sh688248,688248,南网科技,47.600,-0.57,-1.183,47.600,47.610,48.170,49.300,49.300,47.500,3152002,152462047,15:00:03,63.467,8.122,2687972.0,2687972.0,0.55817
sh688249,688249,晶合集成,39.590,-0.62,-1.542,39.590,39.600,40.210,40.900,41.780,39.500,20348273,831478950,15:09:03,109.972,4.036,8846961.918523,7948055.528423,1.01357
sh688251,688251,井松智能,21.900,0.09,0.413,21.900,21.910,21.810,21.770,22.270,21.710,1309063,28859938,15:00:03,70.645,2.613,220319.39835,218788.2051,1.31033
sh688252,688252,天德钰,19.450,-0.43,-2.163,19.440,19.450,19.880,20.050,20.220,19.450,7006841,139270187,15:00:03,34.123,3.172,795546.508245,795546.508245,1.71307
sh688253,688253,英诺特,66.820,0.94,1.427,66.800,66.820,65.880,65.790,68.430,64.580,2759765,185469391,15:00:03,63.038,4.367,915329.199512,915329.199512,2.01466
sh688255,688255,凯尔达,26.100,-0.41,-1.547,26.080,26.100,26.510,26.900,27.070,26.100,2433165,64758190,15:00:03,104.4,2.682,286731.6507,286731.6507,2.21481
sh688256,688256,寒武纪,1105.500,0.12,0.011,1105.460,1105.500,1105.380,1130.000,1170.000,1100.550,12991822,14834774792,15:09:03,224.239,51.24,69457787.72295,69457787.72295,2.0678
sh688257,688257,新锐股份,59.500,-1.73,-2.825,59.500,59.550,61.230,62.800,63.200,59.330,15001139,926135709,15:09:03,65.986,7.901,2113816.51005,2113816.51005,4.22254
sh688258,688258,卓易信息,105.740,-3.56,-3.257,105.730,105.740,109.300,109.540,112.400,105.660,3889041,426403409,15:09:03,160.212,13.375,1280958.014038,1280958.014038,3.21031
sh688259,688259,创耀科技,30.690,-0.42,-1.35,30.680,30.690,31.110,31.400,31.880,30.680,1096052,34176390,15:00:03,43.225,2.173,342807.3,342807.3,0.98125
sh688260,688260,昀冢科技,118.320,-9.94,-7.75,118.310,118.320,128.260,128.270,132.540,118.230,9690705,1217574911,15:09:03,-74.702,87.918,1419840.0,1419840.0,8.07559
sh688261,688261,东微半导,72.270,0.02,0.028,72.260,72.270,72.250,73.000,75.140,72.020,6107388,451185820,15:09:03,190.184,3.007,886357.778229,882392.048703,5.0021
sh688262,688262,国芯科技,27.050,-0.53,-1.922,27.050,27.080,27.580,27.880,28.280,27.010,8551483,237549035,15:00:01,-35.13,4.716,908879.764665,908879.764665,2.54508
sh688265,688265,南模生物,52.420,8.74,20.009,52.420,0.000,43.680,43.250,52.420,42.650,5945396,288832126,15:00:03,124.81,2.386,408684.735146,408684.735146,7.62587
sh688266,688266,泽璟制药,120.220,0.32,0.267,120.220,120.250,119.900,117.660,124.960,117.020,7581895,922943429,15:09:03,-193.903,18.497,3182321.812092,3182321.812092,2.86425
sh688267,688267,中触媒,18.490,-0.21,-1.123,18.490,18.500,18.700,18.560,18.760,18.430,1639555,30506886,15:00:03,15.669,1.476,421824.007606,421824.007606,0.71867
sh688268,688268,华特气体,150.100,-5.45,-3.504,150.060,150.100,155.550,158.550,159.550,149.900,7445366,1154692102,15:09:03,132.832,10.208,1916507.39038,1916507.39038,5.83118
sh688269,688269,凯立新材,30.300,-0.62,-2.005,30.290,30.300,30.920,31.090,31.180,30.300,1079258,33149481,15:00:01,36.506,3.597,396033.12,396033.12,0.82573
sh688270,688270,ST臻镭,64.260,-1.44,-2.192,64.260,64.500,65.700,66.780,67.450,64.260,6373413,422767632,15:09:03,103.645,8.387,1924681.095918,1924681.095918,2.12791
sh688271,688271,联影医疗,109.290,-1.21,-1.095,109.290,109.300,110.500,110.200,111.480,109.000,7209150,793534129,15:09:03,47.934,4.101,9007222.650852,9007222.650852,0.87473
sh688272,688272,富吉瑞,29.500,-0.73,-2.415,29.500,29.640,30.230,30.240,30.580,29.340,1217726,36560974,15:00:03,-27.315,5.625,224200.0,224200.0,1.60227
sh688273,688273,麦澜德,31.600,-0.69,-2.137,31.570,31.600,32.290,31.690,32.750,31.580,1178608,38054486,15:00:01,30.118,2.306,316000.0,316000.0,1.17861
sh688275,688275,万润新能,81.190,-1.09,-1.325,81.190,81.200,82.280,81.980,83.250,81.080,2962923,244309319,15:00:03,-21.825,1.857,1023955.801097,1023955.801097,2.34932
sh688276,688276,百克生物,15.960,0.21,1.333,15.950,15.960,15.750,15.780,16.230,15.510,2876258,45963526,15:00:03,-24.938,1.717,660197.526408,660197.526408,0.69532
sh688277,688277,天智航,16.760,-0.27,-1.585,16.760,16.770,17.030,17.040,17.680,16.720,9107024,156311782,15:00:03,-41.9,6.758,781761.583684,781761.583684,1.95243
sh688278,688278,特宝生物,61.430,2.07,3.487,61.430,61.440,59.360,59.820,62.470,58.410,6994934,425646079,15:09:03,24.281,6.907,2507507.97564,2507507.97564,1.71365
sh688279,688279,峰岹科技,163.400,-5.96,-3.519,163.400,163.510,169.360,169.810,171.380,163.020,1730238,290509808,15:00:03,75.648,3.616,1880964.0672,1528739.0272,1.84937
sh688280,688280,精进电动,5.720,-0.09,-1.549,5.720,5.730,5.810,5.870,5.870,5.710,10670873,61645153,15:00:03,22.88,5.235,337606.793524,297751.25094,2.04995
sh688281,688281,华秦科技,47.720,-0.02,-0.042,47.700,47.720,47.740,47.820,49.580,47.680,3035460,147219055,15:00:01,42.23,3.81,1820990.16554,1820990.16554,0.79546
sh688282,688282,理工导航,57.000,-0.95,-1.639,57.000,57.050,57.950,57.950,59.390,57.000,573398,33411013,15:00:00,-518.182,4.027,507467.01,507467.01,0.64406
sh688283,688283,坤恒顺维,28.760,-1.14,-3.813,28.710,28.760,29.900,30.200,30.250,28.690,1343556,39633644,15:00:03,73.744,3.537,350296.8,350296.8,1.10308
sh688285,688285,高铁电气,7.510,-0.09,-1.184,7.510,7.540,7.600,7.600,7.620,7.500,1573736,11890625,15:00:03,54.898,1.66,282593.724663,282593.724663,0.41822
sh688286,688286,敏芯股份,44.630,-1.46,-3.168,44.620,44.630,46.090,46.630,47.120,44.600,3358492,154924583,15:09:03,68.662,3.293,349513.244223,349513.244223,4.28852
sh688288,688288,鸿泉技术,18.320,-0.44,-2.345,18.320,18.400,18.760,18.770,18.930,18.260,1158404,21556395,15:00:03,61.067,2.436,182858.705728,182858.705728,1.16057
sh688289,688289,圣湘生物,16.820,1.43,9.292,16.810,16.820,15.390,15.360,17.030,15.250,21894925,359490121,15:09:03,49.471,1.36,974530.626092,974530.626092,3.77897
sh688290,688290,景业智能,67.130,-0.38,-0.563,67.080,67.130,67.510,68.500,69.790,66.810,1108971,75736983,15:00:03,-209.781,5.119,685999.550082,685999.550082,1.08521
sh688291,688291,金橙子,41.000,-0.82,-1.961,41.000,41.010,41.820,42.240,42.640,40.910,1927816,80886203,15:00:03,110.811,4.153,420933.47,420933.47,1.87774
sh688292,688292,浩瀚深度,17.440,-0.33,-1.857,17.440,17.470,17.770,17.890,18.350,17.330,3145997,56066654,15:00:06,-872.0,2.834,276164.058544,276164.058544,1.98672
sh688293,688293,奥浦迈,67.530,5.69,9.201,67.530,67.540,61.840,61.440,69.940,61.080,8978928,595481875,15:09:03,182.514,3.624,960237.425847,791219.958594,7.66344
sh688295,688295,中复神鹰,41.320,-0.64,-1.525,41.320,41.340,41.960,42.200,42.760,41.300,5047539,212619624,15:09:03,375.636,7.825,3718800.0,3718800.0,0.56084
sh688296,688296,和达科技,22.100,0.38,1.75,22.100,22.150,21.720,21.940,22.510,21.660,6155215,136235610,15:00:03,-34.0,4.159,237338.8836,237338.8836,5.73148
sh688297,688297,中无人机,40.690,-0.59,-1.429,40.690,40.700,41.280,41.280,41.390,40.680,5427584,222684260,15:09:03,313.0,4.798,2746575.0,2746575.0,0.80409
sh688298,688298,东方生物,19.690,0.08,0.408,19.660,19.690,19.610,19.660,20.000,19.300,1794689,35469453,15:00:03,-6.607,0.673,396950.4,396950.4,0.89022
sh688299,688299,长阳科技,12.880,-0.27,-2.053,12.870,12.880,13.150,13.150,13.300,12.860,4451639,58344035,15:00:03,-25.255,1.888,370162.047472,370162.047472,1.54897
sh688300,688300,联瑞新材,162.220,-2.78,-1.685,162.200,162.220,165.000,166.000,175.980,160.100,19106759,3238189155,15:09:03,134.066,22.046,3917113.20018,3917113.20018,7.91271
sh688301,688301,奕瑞科技,97.860,3.32,3.512,97.830,97.860,94.540,94.500,101.090,94.490,9628548,952602451,15:09:03,30.581,4.929,3067024.33947,3067024.33947,3.0722
sh688302,688302,海创药业,38.600,0.44,1.153,38.560,38.600,38.160,38.480,39.670,37.750,2039935,79442653,15:00:01,-27.77,3.697,382200.20828,382200.20828,2.06022
sh688303,688303,大全能源,18.320,-0.74,-3.882,18.320,18.330,19.060,18.810,18.990,18.310,13816881,257102420,15:09:03,-34.566,1.024,3906635.233416,3906635.233416,0.64794
sh688305,688305,科德数控,66.480,0.3,0.453,66.470,66.480,66.180,67.270,68.990,65.050,8111622,545409062,15:09:03,99.461,4.591,881249.592744,878957.196144,6.13523
sh688306,688306,均普智能,9.130,-0.16,-1.722,9.130,9.140,9.290,9.360,9.430,9.120,8395192,77885831,15:00:01,913.0,6.41,1121422.1964,1121422.1964,0.68349
sh688307,688307,中润光学,49.160,-0.07,-0.142,49.160,49.200,49.230,49.650,51.660,48.080,8489592,423058723,15:09:03,69.239,6.655,610978.1776,610978.1776,6.83082
sh688308,688308,欧科亿,99.500,-3,-2.927,99.480,99.500,102.500,104.550,105.400,99.440,9467955,972433979,15:09:07,153.077,5.577,1579877.9946,1579877.9946,5.96288
sh688309,688309,恒誉环保,76.700,-2.68,-3.376,76.670,76.700,79.380,80.010,81.490,76.020,3941616,308094849,15:00:00,183.537,7.254,609007.73323,609007.73323,4.96417
sh688310,688310,迈得医疗,14.760,-0.15,-1.006,14.760,14.780,14.910,14.980,15.100,14.730,1415625,21107836,15:00:03,36.9,2.966,242543.1096,242543.1096,0.86148
sh688311,688311,盟升电子,24.030,-0.47,-1.918,24.000,24.030,24.500,24.930,25.160,23.970,3106770,76167288,15:00:03,-240.3,2.365,420782.099373,420782.099373,1.77421
sh688312,688312,燕麦科技,47.800,-1.4,-2.846,47.800,47.870,49.200,50.880,50.880,47.680,4875606,241369684,15:00:03,50.316,4.554,701297.58528,701297.58528,3.32318
sh688313,688313,仕佳光子,138.610,-1.28,-0.915,138.610,138.620,139.890,142.000,146.000,138.600,27417023,3899926914,15:09:07,168.318,36.489,6264982.492408,6264982.492408,6.0659
sh688314,688314,康拓医疗,34.000,0.11,0.325,33.960,34.000,33.890,34.570,34.870,33.520,910776,31302256,15:00:03,28.099,3.775,277536.1248,277536.1248,1.11576
sh688315,688315,诺禾致源,16.500,0.49,3.061,16.490,16.500,16.010,16.000,17.350,15.600,19852316,330105161,15:09:07,40.244,2.565,686730.0,686730.0,4.7699
sh688316,688316,青云科技,53.960,0.36,0.672,53.960,53.970,53.600,56.990,57.570,53.010,5572219,305133280,15:00:03,-38.725,48.635,258458.304084,258458.304084,11.63348
sh688317,688317,之江生物,17.710,-0.08,-0.45,17.700,17.710,17.790,17.700,18.080,17.330,2971536,52746746,15:00:03,-93.211,1.018,336213.213952,336213.213952,1.56525
sh688318,688318,财富趋势,83.200,3.78,4.76,83.200,83.210,79.420,80.000,85.680,79.270,12505591,1044454759,15:09:07,67.642,7.705,2983279.6032,2983279.6032,3.48766
sh688319,688319,欧林生物,27.970,-1.08,-3.718,27.970,27.980,29.050,29.020,29.550,27.870,9459754,272453644,15:00:03,509.472,12.182,1133929.8121,1133929.8121,2.33338
sh688320,688320,禾川科技,34.510,-2.35,-6.375,34.510,34.520,36.860,36.890,37.300,34.450,6821880,243212748,15:00:03,-39.216,4.295,521148.168268,521148.168268,4.51739
sh688321,688321,微芯生物,31.170,0.53,1.73,31.170,31.180,30.640,30.330,32.150,30.200,19117436,598476314,15:09:07,249.36,5.61,1380647.991579,1271138.006667,4.68785
sh688322,688322,奥比中光,109.720,-2.79,-2.48,109.720,109.730,112.510,112.680,115.200,109.000,10669539,1203548021,15:09:07,342.875,15.127,4529622.679504,3513934.325824,3.33148
sh688323,688323,瑞华泰,27.330,-0.82,-2.913,27.330,27.350,28.150,28.390,29.460,27.330,14260047,404875463,15:09:07,-53.588,7.654,547688.518371,547688.518371,7.11585
sh688325,688325,赛微微电,107.750,0.25,0.233,107.550,107.750,107.500,107.800,112.470,106.200,1425461,155841175,15:00:03,92.386,5.249,931675.750925,885504.315625,1.73453
sh688326,688326,经纬恒润,67.670,-1.1,-1.6,67.660,67.670,68.770,68.750,69.550,67.400,1211888,83100589,15:09:07,76.034,2.052,811582.00944,755356.366607,1.08569
sh688327,688327,云从科技,10.840,-0.18,-1.633,10.830,10.840,11.020,11.090,11.240,10.810,20565384,226821743,15:00:01,-20.074,14.981,1127333.256636,904996.748316,2.46331
sh688328,688328,深科达,78.950,-2.83,-3.461,78.950,79.000,81.780,84.000,84.170,78.950,7322079,601495525,15:09:07,303.654,8.713,745732.449025,745732.449025,7.75182
sh688329,688329,艾隆科技,20.320,0.05,0.247,20.320,20.350,20.270,20.290,20.770,20.010,1190003,24387833,15:00:03,81.28,2.077,156870.4,156870.4,1.54145
sh688330,688330,宏力达,33.220,-0.47,-1.395,33.200,33.220,33.690,33.700,34.590,33.180,1175111,39697965,15:00:03,7.226,1.059,465080.0,465080.0,0.83937
sh688331,688331,荣昌生物,131.870,2.11,1.626,131.860,131.870,129.760,128.200,135.160,128.200,9997041,1328077926,15:09:07,102.225,18.948,7443764.568321,4693203.769628,2.80898
sh688332,688332,中科蓝讯,89.270,-2.22,-2.426,89.260,89.270,91.490,92.900,95.080,89.160,4273792,394623435,15:00:03,7.597,3.018,1593338.594472,1593338.594472,2.39448
sh688333,688333,铂力特,106.300,-2.43,-2.235,106.270,106.300,108.730,108.330,112.460,106.300,9039397,988327143,15:09:07,141.038,5.831,2916044.70962,2916044.70962,3.29518
sh688334,688334,西高院,17.970,-0.18,-0.992,17.940,17.970,18.150,18.180,18.230,17.920,1509521,27276997,15:00:03,22.871,1.912,568893.300402,560971.410993,0.48356
sh688335,688335,复洁科技,21.180,-1.25,-5.573,21.170,21.180,22.430,22.500,22.540,21.110,3398502,73817876,15:00:00,302.571,2.771,313537.265856,313537.265856,2.29575
sh688336,688336,三生国健,47.580,0.79,1.688,47.580,47.590,46.790,45.880,49.530,45.790,16593687,797041645,15:09:07,10.123,4.947,4264240.591182,4264240.591182,1.85151
sh688337,688337,普源精电,43.260,-0.89,-2.016,43.260,43.270,44.150,45.000,45.570,43.000,3798654,169497057,15:00:03,98.318,2.975,945995.045142,804276.777612,2.0432
sh688338,688338,赛科希德,30.570,0.54,1.798,30.550,30.570,30.030,30.600,31.180,29.500,2161179,66095804,15:09:07,35.965,1.898,324477.3168,324477.3168,2.03611
sh688339,688339,亿华通,17.760,-0.2,-1.114,17.760,17.790,17.960,18.070,18.500,17.750,3195017,58007191,15:09:07,-5.804,2.216,427184.975856,347717.923344,1.63188
sh688343,688343,云天励飞,59.600,-0.66,-1.095,59.600,59.610,60.260,61.500,62.860,59.580,10040319,619366284,15:09:07,-50.508,5.761,2143236.1448,2143236.1448,2.79205
sh688345,688345,博力威,53.080,-2.77,-4.96,53.070,53.080,55.850,55.350,56.400,52.500,2589868,140836067,15:00:03,94.786,4.595,540738.38072,538157.63112,2.55446
sh688347,688347,华虹宏力,276.990,3.79,1.387,276.990,277.000,273.200,280.000,295.000,275.980,29721643,8501393590,15:09:07,1259.045,10.638,48133283.608998,11294267.25,7.28918
sh688348,688348,昱能科技,32.730,-0.76,-2.269,32.730,32.770,33.490,33.480,33.710,32.700,1374308,45578840,15:00:03,-37.621,1.531,511496.044755,511496.044755,0.8794
sh688349,688349,三一重能,14.640,-0.19,-1.281,14.630,14.640,14.830,14.830,14.930,14.580,6207240,91787583,15:09:07,24.919,1.624,2332644.27732,2292899.37108,0.39633
sh688350,688350,富淼科技,29.380,-0.1,-0.339,29.380,29.390,29.480,29.500,30.480,29.380,1847568,55157037,15:00:03,226.0,2.264,420852.717064,420852.717064,1.2898
sh688351,688351,微电生理,20.770,-0.03,-0.144,20.770,20.780,20.800,20.650,21.150,20.480,4147234,86814658,15:00:03,191.429,5.408,977436.2,977436.2,0.88127
sh688352,688352,颀中科技,18.230,0.17,0.941,18.220,18.230,18.060,18.280,19.050,18.020,22846885,423836274,15:00:00,82.864,3.722,2168589.261967,667975.573172,6.23524
sh688353,688353,华盛锂电,94.650,-0.75,-0.786,94.600,94.650,95.400,94.200,98.000,94.200,6296193,605566992,15:09:07,1051.667,4.279,1509667.5,1509667.5,3.94746
sh688355,688355,明志科技,17.570,-0.21,-1.181,17.570,17.590,17.780,17.660,17.890,17.540,1045396,18558348,15:00:03,27.031,1.967,217790.818504,217790.818504,0.84336
sh688356,688356,键凯科技,81.320,1.94,2.444,81.320,81.400,79.380,79.380,85.490,78.680,2643486,218217411,15:00:03,79.725,3.684,493211.4924,493211.4924,4.35854
sh688357,688357,建龙微纳,26.980,-0.33,-1.208,26.980,27.000,27.310,27.760,27.760,26.980,397290,10829497,15:00:03,27.531,1.534,269961.54275,269961.54275,0.39705
sh688358,688358,祥生医疗,30.100,0.4,1.347,30.100,30.110,29.700,29.700,30.780,29.680,1360970,41216798,15:00:03,28.942,2.377,337498.09513,337046.59513,1.21542
sh688359,688359,三孚新科,102.880,-1.5,-1.437,102.870,102.880,104.380,105.010,108.800,102.800,4278777,455394678,15:09:07,-205.76,16.322,1025509.352336,1025509.352336,4.29251
sh688360,688360,德马科技,15.850,-0.31,-1.918,15.840,15.850,16.160,16.300,16.340,15.820,3390746,54597001,15:00:03,44.028,2.808,418036.882195,418036.882195,1.28561
sh688361,688361,中科飞测,336.210,-11.84,-3.402,336.210,336.810,348.050,353.860,358.000,333.330,11318822,3941106428,15:09:07,1867.833,23.334,11836329.230691,11836329.230691,3.2151
sh688362,688362,甬矽电子,68.090,-0.57,-0.83,68.080,68.090,68.660,69.760,72.800,68.000,35709735,2520743824,15:09:07,340.45,11.832,3086001.46701,3086001.46701,7.87905
sh688363,688363,华熙生物,38.570,0.13,0.338,38.540,38.570,38.440,38.260,39.390,38.100,4283925,165982386,15:00:03,63.23,2.606,1857832.979394,1857832.979394,0.88937
sh688365,688365,光云科技,16.040,-0.27,-1.655,16.040,16.050,16.310,16.290,16.870,16.020,14245480,234677263,15:00:03,-267.333,7.159,683770.257136,683770.257136,3.34173
sh688366,688366,昊海生科,33.020,0.41,1.257,32.920,33.020,32.610,32.500,33.330,32.110,1376372,45074108,15:00:01,30.574,1.388,755603.90789,640759.22521,0.70928
sh688367,688367,工大高科,30.500,-1.06,-3.359,30.500,30.510,31.560,31.780,32.200,30.500,1243681,39085470,15:00:03,277.273,4.491,267255.03,267255.03,1.41933
sh688368,688368,晶丰明源,123.740,-2.56,-2.027,123.740,123.880,126.300,129.890,132.000,123.000,2656275,339988863,15:00:03,309.35,7.776,2521906.481608,1530750.35613,2.14723
sh688369,688369,致远互联,21.040,-0.24,-1.128,21.020,21.040,21.280,21.380,21.970,21.010,7228930,154848555,15:00:03,-10.468,3.174,242418.821384,242418.821384,6.27413
sh688370,688370,丛麟科技,24.290,0.65,2.75,24.280,24.290,23.640,23.560,24.500,23.420,803281,19372506,15:00:03,142.882,1.247,333035.038091,333035.038091,0.58588
sh688371,688371,菲沃泰,31.460,-0.74,-2.298,31.450,31.460,32.200,32.760,32.990,31.200,9528081,305137942,15:09:07,349.556,5.4,1055396.031976,1055396.031976,2.8402
sh688372,688372,伟测科技,127.530,-1.98,-1.529,127.500,127.530,129.510,131.650,133.830,126.620,6488439,850586551,15:00:03,62.515,5.16,2155212.74709,2155212.74709,3.83939
sh688373,688373,盟科药业,5.610,0.17,3.125,5.610,5.620,5.440,5.410,5.800,5.330,25598031,144128940,15:00:03,-15.162,20.238,368144.12118,368144.12118,3.90078
sh688375,688375,国博电子,83.780,1.16,1.404,83.780,83.790,82.620,82.240,85.860,82.240,3905754,330269845,15:09:07,98.565,7.72,4993412.8322,4993412.8322,0.65531
sh688376,688376,美埃科技,69.270,-2.55,-3.551,69.270,69.490,71.820,72.570,74.380,69.180,1901414,136969008,15:00:03,76.967,4.785,936890.216088,936890.216088,1.40583
sh688377,688377,迪威尔,20.280,-0.63,-3.013,20.280,20.310,20.910,20.910,20.980,20.280,2085111,43024606,15:00:03,32.71,2.477,473682.529476,473682.529476,0.89271
sh688378,688378,奥来德,40.720,-1.05,-2.514,40.710,40.720,41.770,42.000,42.990,40.710,5509776,231726527,15:00:03,140.414,5.176,1064523.267808,981191.445112,2.28659
sh688379,688379,华光新材,49.120,-1.28,-2.54,49.120,49.150,50.400,50.450,51.770,49.030,2392092,120904119,15:09:07,22.532,3.323,466534.691632,442500.07424,2.65536
sh688380,688380,中微半导,39.340,-1.05,-2.6,39.340,39.350,40.390,41.030,41.280,39.230,10473209,423579577,15:09:07,55.408,4.879,1575035.91,1575035.91,2.61592
sh688381,688381,帝奥微,32.640,-0.14,-0.427,32.640,32.720,32.780,33.000,34.880,32.600,8486983,287182698,15:00:03,-116.571,3.217,807840.0,807840.0,3.42908
sh688382,688382,益方生物,21.210,0.5,2.414,21.210,21.220,20.710,20.610,22.080,20.300,25207891,540210402,15:00:06,-38.711,8.218,1229314.640484,1229314.640484,4.34925
sh688383,688383,新益昌,118.030,-2.64,-2.188,118.030,118.040,120.670,122.000,124.280,117.600,1824539,221126022,15:00:03,-93.675,9.555,1199733.6395,1199733.6395,1.79498
sh688385,688385,复旦微电,53.800,-1,-1.825,53.790,53.800,54.800,55.440,55.660,53.800,10547190,579942302,15:09:07,192.143,7.054,4431609.565,2901914.165,1.95539
sh688386,688386,泛亚微透,55.300,-0.6,-1.073,54.990,55.300,55.900,56.650,57.920,54.540,2220088,125513032,15:00:01,46.471,3.63,550837.53774,503230.0,2.43966
sh688387,688387,信科移动,13.700,-0.21,-1.51,13.690,13.700,13.910,14.200,14.450,13.690,56845746,803135115,15:09:07,-171.25,7.979,4683687.5,2762984.764,2.81864
sh688388,688388,嘉元科技,28.130,-0.05,-0.177,28.120,28.130,28.180,28.380,29.260,28.020,32660946,939973120,15:09:07,216.385,2.293,1856319.254591,1856319.254591,4.94932
sh688389,688389,普门科技,11.300,-0.04,-0.353,11.290,11.300,11.340,11.330,11.460,11.180,1819722,20665073,15:00:03,26.279,2.252,484188.8749,484188.8749,0.42469
sh688390,688390,固德威,68.120,-0.87,-1.261,68.100,68.120,68.990,68.580,69.860,67.910,8323123,572552920,15:09:07,121.643,5.821,1656154.768372,1656154.768372,3.42342
sh688391,688391,钜泉科技,25.550,-0.45,-1.731,25.550,25.570,26.000,26.130,26.290,25.520,1184930,30678964,15:00:03,68.535,1.585,295342.5167,295342.5167,1.02508
sh688392,688392,骄成超声,174.000,9,5.455,173.990,174.000,165.000,166.000,185.480,164.000,10712026,1880459356,15:09:07,167.308,10.847,2013760.464,2013760.464,9.25578
sh688393,688393,安必平,20.410,0.4,1.999,20.410,20.450,20.010,20.100,21.160,19.710,2473144,50846606,15:00:03,-40.82,1.616,190971.673659,190971.673659,2.64316
sh688395,688395,正弦电气,22.120,-0.35,-1.558,22.120,22.150,22.470,22.500,22.690,22.120,1783438,39871853,15:00:03,48.087,2.412,191554.15664,191554.15664,2.05945
sh688396,688396,华润微,59.910,-2.11,-3.402,59.910,59.920,62.020,62.680,62.880,59.800,20960886,1294948790,15:09:07,120.325,3.438,7957310.18388,7957310.18388,1.57813
sh688398,688398,赛特新材,20.520,-0.47,-2.239,20.510,20.520,20.990,20.800,21.190,20.520,1107071,23125657,15:00:03,146.571,3.347,344354.74866,344354.74866,0.6597
sh688399,688399,硕世生物,30.140,0.25,0.836,30.100,30.140,29.890,30.380,31.170,29.530,2122776,64583210,15:00:03,-61.51,1.269,374128.263058,374128.263058,1.71012
sh688400,688400,凌云光,48.400,-0.67,-1.365,48.390,48.400,49.070,49.490,51.350,48.350,14985918,750143447,15:09:07,138.286,4.035,2302628.2818,2214280.55772,3.27564
sh688401,688401,路维光电,68.170,-2.74,-3.864,68.170,68.200,70.910,72.000,72.200,68.110,4733139,333132071,15:00:01,52.038,8.366,1400005.2449,1318063.861899,2.44797
sh688403,688403,汇成股份,24.020,-0.56,-2.278,24.020,24.030,24.580,24.490,25.590,23.810,74060654,1828919963,15:09:07,126.421,5.294,2385421.806742,2385421.806742,7.45754
sh688408,688408,中信博,26.530,-0.87,-3.175,26.500,26.530,27.400,27.400,27.410,26.460,3194020,85832315,15:00:03,-530.6,1.433,581181.795558,581181.795558,1.45802
sh688409,688409,富创精密,209.420,-7.67,-3.533,209.420,209.490,217.090,221.430,221.990,208.100,8682345,1884656383,15:09:07,-6980.667,14.191,6412665.966282,6412665.966282,2.83541
sh688410,688410,山外山,11.400,0.29,2.61,11.390,11.400,11.110,10.930,11.650,10.630,24091457,268545611,15:00:03,24.842,2.781,510082.5918,510082.5918,5.38428
sh688411,688411,海博思创,211.000,-1.85,-0.869,211.000,211.030,212.850,214.000,217.480,210.900,2307600,494947677,15:00:03,38.93,7.708,3849797.0396,2797317.2236,1.74061
sh688416,688416,恒烁股份,71.720,-1.59,-2.169,71.710,71.720,73.310,75.110,76.880,71.540,5836949,436649536,15:00:03,-59.273,5.815,773720.337368,773720.337368,5.41056
sh688418,688418,震有科技,36.720,-1.59,-4.15,36.710,36.720,38.310,38.280,38.890,36.660,3196220,120559676,15:00:03,-106.558,8.656,707060.616048,707060.616048,1.6599
sh688419,688419,耐科装备,47.320,-2.22,-4.481,47.320,47.370,49.540,50.000,50.220,46.780,4777230,233366376,15:09:07,67.6,5.151,542058.497708,542058.497708,4.17037
sh688420,688420,美腾科技,21.830,-0.29,-1.311,21.830,21.900,22.120,22.180,22.230,21.780,351881,7755530,15:00:01,-311.857,1.353,193042.69,193042.69,0.39792
sh688425,688425,铁建重工,4.170,-0.01,-0.239,4.170,4.180,4.180,4.170,4.200,4.160,13157744,54924138,15:00:03,14.893,1.181,2224068.249,2224068.249,0.2467
sh688426,688426,康为世纪,19.400,0.06,0.31,19.390,19.400,19.340,19.380,19.710,19.050,2059823,39990453,15:00:03,-19.857,1.631,218237.80904,217721.48192,1.8354
sh688428,688428,诺诚健华,31.800,0.45,1.435,31.790,31.800,31.350,31.000,33.330,31.000,21798470,706137334,15:09:07,83.684,7.66,5625760.26636,867576.39906,7.98997
sh688429,688429,时创能源,10.640,-0.38,-3.448,10.640,10.680,11.020,11.000,11.100,10.610,1767358,19001832,15:00:03,-12.819,3.301,425600.8512,425600.8512,0.44184
sh688432,688432,有研硅,39.370,-1.33,-3.268,39.360,39.370,40.700,41.790,43.000,39.030,67141107,2749681379,15:09:07,234.067,10.91,4922438.414946,4922438.414946,5.36999
sh688433,688433,华曙高科,92.260,-3.6,-3.755,92.250,92.260,95.860,97.560,98.990,92.110,5867888,558559910,15:00:01,542.706,17.89,3834118.448622,3834118.448622,1.41198
sh688435,688435,英方软件,31.140,-0.99,-3.081,31.140,31.150,32.130,31.790,32.930,31.140,2174803,69837669,15:00:03,-173.0,2.401,260019.0,174533.9391,3.88024
sh688439,688439,振华风光,39.600,-0.39,-0.975,39.580,39.600,39.990,40.110,40.250,39.600,1664184,66485783,15:00:03,46.577,1.579,792000.0,792000.0,0.83209
sh688443,688443,智翔金泰,26.760,0.73,2.804,26.760,26.780,26.030,26.160,27.700,25.670,5674568,153309039,15:00:01,-18.329,6.836,981235.68,383711.64,3.95744
sh688448,688448,磁谷科技,55.210,1.7,3.177,55.210,55.220,53.510,52.800,56.200,52.730,3001175,165806825,15:00:03,394.357,5.334,538402.06774,538402.06774,3.07753
sh688449,688449,联芸科技,62.600,0.15,0.24,62.570,62.600,62.450,64.010,66.330,62.500,12737592,823937014,15:09:07,201.935,14.94,2879600.0,1835457.8851,4.34427
sh688450,688450,光格科技,33.890,-1.29,-3.667,33.880,33.890,35.180,35.660,35.960,33.850,1861791,65248322,15:00:03,-33.554,2.391,223674.0,165826.047408,3.80496
sh688455,688455,科捷智能,15.180,-0.37,-2.379,15.180,15.190,15.550,15.390,15.980,15.150,1443640,22248423,15:00:01,79.895,2.771,255070.550988,255070.550988,0.85915
sh688456,688456,有研粉材,82.200,-2.2,-2.607,82.190,82.200,84.400,85.550,87.400,82.150,6009472,511475520,15:09:07,122.687,6.619,852085.2,852085.2,5.79729
sh688458,688458,美芯晟,32.880,-1.04,-3.066,32.880,32.890,33.920,34.600,34.600,32.790,1427925,48244453,15:00:03,-252.923,2.014,366732.436152,308189.464632,1.52342
sh688459,688459,哈铁科技,8.280,0.1,1.222,8.280,8.290,8.180,8.180,8.350,8.170,2245075,18602160,15:00:03,35.782,1.154,397440.0,397440.0,0.46772
sh688466,688466,金科环境,13.600,-0.31,-2.229,13.580,13.600,13.910,14.000,14.000,13.580,836540,11538457,15:00:03,43.871,1.44,166129.64672,166129.64672,0.68482
sh688468,688468,科美诊断,6.310,0.02,0.318,6.310,6.320,6.290,6.290,6.430,6.240,3185327,20201895,15:00:03,57.364,1.783,253099.148,253099.148,0.79413
sh688469,688469,芯联集成,9.260,-0.03,-0.323,9.250,9.260,9.290,9.420,9.580,9.230,170549839,1608420667,15:09:07,-115.75,5.814,7762368.321272,5435434.8,2.90555
sh688472,688472,阿特斯,10.280,-0.23,-2.188,10.280,10.290,10.510,10.480,10.510,10.250,31086787,322599186,15:09:07,36.714,1.585,3745148.035136,3745148.035136,0.8533
sh688475,688475,萤石网络,29.900,-0.34,-1.124,29.900,29.910,30.240,30.280,30.530,29.860,4436093,134264514,15:09:07,41.557,4.001,2354625.0,2354625.0,0.56331
sh688478,688478,晶升股份,51.070,1.47,2.964,51.070,51.080,49.600,50.120,55.780,49.640,9219811,487551880,15:00:03,-182.393,4.714,706635.652272,706635.652272,6.66335
sh688479,688479,友车科技,34.440,-1.49,-4.147,34.440,34.450,35.930,35.550,36.300,34.340,3285264,116392653,15:00:03,114.8,3.681,693361.09584,297989.89584,3.79692
sh688480,688480,赛恩斯,80.850,-0.01,-0.012,80.850,80.860,80.860,81.670,84.620,80.850,1641601,135968604,15:00:03,72.838,6.388,770712.157215,770712.157215,1.72209
sh688484,688484,南芯科技,35.940,-0.51,-1.399,35.930,35.940,36.450,36.780,37.630,35.910,9190859,339293078,15:00:03,64.179,3.698,1544020.776732,1544020.776732,2.13935
sh688485,688485,九州一轨,60.080,-5.93,-8.983,60.080,60.160,66.010,65.780,66.100,59.660,10127162,632466161,15:00:03,-600.8,7.22,902954.708496,902954.708496,6.73832
sh688486,688486,龙迅股份,44.050,-1.33,-2.931,44.050,44.080,45.380,45.900,46.680,44.000,7170171,327147313,15:09:07,33.885,5.153,823167.675645,823117.84188,3.83719
sh688488,688488,艾迪药业,17.170,0.09,0.527,17.160,17.170,17.080,17.000,18.090,16.980,10882951,189155825,15:00:03,-370.043,7.414,722484.081336,722484.081336,2.58636
sh688489,688489,三未信安,23.260,-0.14,-0.598,23.260,23.280,23.400,23.200,23.950,23.150,841029,19863146,15:00:03,-61.243,2.177,394439.69567,391413.341722,0.49979
sh688496,688496,*ST清越,1.040,0.17,19.54,1.040,0.000,0.870,0.860,1.040,0.860,18548350,18183875,15:00:03,-4.522,0.525,46800.0,24746.3424,7.79521
sh688498,688498,源杰科技,1500.680,71.68,5.016,1500.580,1500.680,1429.000,1469.600,1596.000,1469.190,5425344,8276345318,15:09:07,669.946,74.002,18683522.575636,18442178.265792,4.41472
sh688499,688499,利元亨,36.450,-1.09,-2.904,36.450,36.460,37.540,37.600,37.990,36.450,3484090,129703677,15:09:07,117.581,2.624,615015.41895,615015.41895,2.06491
sh688500,688500,慧辰股份,37.580,-1.49,-3.814,37.580,37.600,39.070,39.380,39.790,37.550,1815198,70041624,15:00:03,-68.327,3.93,285541.400724,281539.732004,2.42293
sh688501,688501,青达环保,13.140,-0.33,-2.45,13.120,13.140,13.470,13.470,13.870,13.140,2433694,32599699,15:00:01,9.254,1.987,228526.1496,228526.1496,1.39935
sh688502,688502,茂莱光学,417.800,9.8,2.402,417.090,417.800,408.000,417.870,439.450,412.000,2583293,1097570216,15:09:07,473.911,18.493,2206015.25144,2206015.25144,4.89253
sh688503,688503,聚和材料,73.300,-1.7,-2.267,73.300,73.330,75.000,76.180,77.000,73.300,15200081,1143648699,15:09:07,40.275,3.345,1774106.60319,1774106.60319,6.28015
sh688505,688505,复旦张江,8.400,0.47,5.927,8.400,8.410,7.930,7.930,8.570,7.810,23364614,194296764,15:09:07,-56.0,4.1,870720.564,596880.564,3.28814
sh688506,688506,百利天恒,309.000,2.28,0.743,309.000,309.320,306.720,306.720,319.900,302.300,2281344,711521596,15:00:01,-118.391,22.605,12757800.9453,12757800.9453,0.55255
sh688507,688507,索辰科技,172.280,-6.15,-3.447,172.280,172.360,178.430,178.430,190.000,171.660,8573517,1557835954,15:09:07,478.556,5.549,1535166.130752,848233.15644,17.4132
sh688508,688508,芯朋微,82.250,-1.05,-1.261,82.240,82.250,83.300,84.210,86.880,81.930,5554654,469225980,15:00:03,56.724,3.968,1089157.34585,1089157.34585,4.19471
sh688509,688509,正元地信,4.200,-0.06,-1.408,4.200,4.220,4.260,4.280,4.290,4.200,4707297,20038146,15:00:03,-19.056,2.933,323400.0,161612.724,1.22333
sh688510,688510,航亚科技,22.750,0.34,1.517,22.730,22.750,22.410,22.510,23.680,22.440,5323179,122914021,15:00:03,58.333,4.814,591323.9332,591323.9332,2.04799
sh688511,688511,天微电子,23.030,0.06,0.261,23.030,23.140,22.970,23.090,24.370,22.890,2100308,50048661,15:00:03,69.388,3.75,307860.169155,307860.169155,1.57117
sh688512,688512,慧智微,14.800,-0.43,-2.823,14.790,14.800,15.230,15.300,15.650,14.750,18167873,276532405,15:00:01,-30.204,4.404,699886.89104,480364.03808,5.59752
sh688513,688513,苑东生物,50.370,0.89,1.799,50.370,50.380,49.480,49.460,52.540,48.670,3764728,191468038,15:00:03,30.902,2.977,889192.973472,889192.973472,2.1326
sh688515,688515,裕太微,152.550,-1.5,-0.974,152.540,152.550,154.050,156.500,160.400,152.490,3383423,533179671,15:09:07,-90.804,8.32,1220400.0,759994.947,6.79138
sh688516,688516,奥特维,41.530,-1.08,-2.535,41.530,41.540,42.610,42.610,43.250,41.500,6507137,276178505,15:00:03,29.454,3.556,1307200.182074,1307200.182074,2.06733
sh688517,688517,金冠电气,16.550,0.66,4.154,16.550,16.560,15.890,15.840,17.680,15.840,6968974,117507616,15:09:07,28.051,2.795,226094.81952,226094.81952,5.10125
sh688518,688518,联赢激光,19.770,-0.2,-1.002,19.760,19.770,19.970,20.170,20.450,19.710,9657737,194766093,15:00:03,40.347,2.041,674799.712815,674799.712815,2.82948
sh688519,688519,南亚新材,283.590,-13.68,-4.602,283.570,283.590,297.270,305.000,308.000,282.990,8723015,2575416935,15:09:07,265.037,23.123,6669482.154678,6669482.154678,3.70907
sh688520,688520,神州细胞,39.630,1.11,2.882,39.630,39.640,38.520,38.590,40.740,38.190,5461185,217702771,15:00:03,-30.023,263.147,1863940.434582,1764865.434582,1.22631
sh688521,688521,芯原股份,206.070,-5.33,-2.521,206.060,206.070,211.400,216.010,219.840,205.880,16857030,3617560291,15:09:07,-200.068,34.437,10837536.030711,10837536.030711,3.20527
sh688522,688522,纳睿雷达,19.020,-0.36,-1.858,19.020,19.030,19.380,19.400,19.470,19.020,4382823,84482019,15:09:07,52.833,3.449,806528.884452,327494.892372,2.54542
sh688523,688523,航天环宇,46.740,-0.38,-0.806,46.740,46.820,47.120,47.380,48.290,46.670,4062734,193160150,15:00:03,399.487,11.314,1901757.12,1901757.12,0.99851
sh688525,688525,佰维存储,235.010,-9.87,-4.031,235.010,235.020,244.880,251.000,253.880,235.000,33446565,8224965825,15:09:07,125.674,13.019,11082287.982656,11082287.982656,7.09265
sh688526,688526,科前生物,13.120,-0.04,-0.304,13.120,13.140,13.160,13.080,13.320,12.960,1805405,23794895,15:00:03,14.578,1.418,611560.009472,611560.009472,0.38732
sh688528,688528,秦川物联,9.470,-0.11,-1.148,9.470,9.480,9.580,9.630,9.680,9.460,1304690,12468157,15:00:03,-12.973,3.575,159096.0,159096.0,0.7766
sh688529,688529,豪森智能,15.820,-0.47,-2.885,15.810,15.820,16.290,16.290,16.410,15.800,1574178,25347469,15:00:01,-2.825,2.686,266054.357646,266054.357646,0.93603
sh688530,688530,欧莱新材,63.340,-2.46,-3.739,63.340,63.350,65.800,66.580,67.570,63.030,12927080,839814185,15:09:07,-253.36,11.967,1013723.915216,441978.691176,18.52581
sh688531,688531,日联科技,138.700,3.7,2.741,138.660,138.700,135.000,137.530,145.600,136.000,5852116,823179537,15:09:07,129.626,6.719,2296787.93393,1591982.33049,5.0986
sh688533,688533,上声电子,21.480,-0.26,-1.196,21.480,21.500,21.740,21.740,21.880,21.430,633239,13723032,15:00:01,19.179,1.998,354392.310132,354392.310132,0.38381
sh688535,688535,华海诚科,101.850,-2.83,-2.703,101.850,101.880,104.680,107.200,108.800,101.350,8242461,874549290,15:09:07,339.5,6.776,1459246.19925,1360041.559485,6.17257
sh688536,688536,思瑞浦,261.990,-5.98,-2.232,261.990,262.000,267.970,270.000,273.360,261.990,2582518,695418570,15:09:07,201.531,5.687,3617439.579117,3553867.600821,1.90382
sh688538,688538,和辉光电,2.350,-0.03,-1.261,2.350,2.360,2.380,2.380,2.390,2.350,53218906,125863040,15:00:03,-16.786,4.274,3245217.841875,1351775.395375,0.92519
sh688539,688539,高华科技,26.790,-0.26,-0.961,26.790,26.860,27.050,27.080,28.370,26.720,2853504,78281506,15:00:03,83.719,2.838,498079.68,498079.68,1.5348
sh688543,688543,国科军工,39.290,0.02,0.051,39.290,39.300,39.270,39.320,39.980,38.990,5613113,221315203,15:00:03,33.297,4.025,984648.391257,984648.391257,2.23978
sh688545,688545,兴福电子,85.100,-3.72,-4.188,85.090,85.100,88.820,91.040,91.990,85.000,14606383,1285813504,15:09:07,144.237,10.151,3063600.0,1550947.5,8.01448
sh688548,688548,广钢气体,36.500,-1.68,-4.4,36.490,36.500,38.180,38.460,38.740,36.260,27392214,1024713224,15:09:07,165.909,7.902,4815804.60165,2522912.8573,3.96294
sh688549,688549,中巨芯,27.400,-1.42,-4.927,27.400,27.410,28.820,29.200,29.830,27.300,110202648,3146922508,15:09:07,-2490.909,13.415,4047736.24,1614734.06,18.7
sh688550,688550,瑞联新材,38.890,0.23,0.595,38.870,38.890,38.660,39.140,41.950,38.660,7345361,296006195,15:09:07,21.726,2.049,684728.903124,684728.903124,4.17189
sh688551,688551,科威尔,41.690,0.95,2.332,41.690,41.700,40.740,40.990,45.000,40.500,5025365,213450326,15:09:07,54.855,3.452,454398.524921,454398.524921,4.61065
sh688552,688552,航天南湖,27.900,-0.22,-0.782,27.900,27.910,28.120,28.130,28.890,27.880,3312921,93946437,15:00:01,310.0,3.643,940921.92,940921.92,0.98234
sh688553,688553,汇宇制药,12.400,0.02,0.162,12.400,12.410,12.380,12.310,12.830,12.130,15529817,194734244,15:09:07,-206.667,2.053,776117.06516,629190.44848,3.0606
sh688556,688556,高测股份,8.530,-0.24,-2.737,8.530,8.540,8.770,8.800,8.860,8.520,16305714,141859389,15:00:01,-170.6,1.82,708650.165702,708650.165702,1.96271
sh688557,688557,兰剑智能,21.920,1.05,5.031,21.920,21.940,20.870,20.870,23.250,20.760,5422197,120962530,15:00:03,20.486,2.648,325122.981376,325122.981376,3.65568
sh688558,688558,国盛智科,31.780,-0.97,-2.962,31.780,31.800,32.750,33.160,33.160,31.780,1219132,39457290,15:00:03,26.483,2.388,419496.0,419496.0,0.92358
sh688559,688559,海目星,48.580,0.76,1.589,48.580,48.590,47.820,48.520,50.500,47.880,11167053,552751004,15:00:03,-13.494,4.97,1203613.435752,1203613.435752,4.50722
sh688560,688560,明冠新材,12.070,-0.23,-1.87,12.050,12.070,12.300,12.320,12.350,12.030,3220352,39275061,15:00:06,-16.093,0.947,242971.415026,242971.415026,1.59976
sh688561,688561,奇安信,26.290,-0.56,-2.086,26.290,26.300,26.850,26.800,27.170,26.270,7039987,187739387,15:09:07,-13.91,2.54,1793642.414025,1793642.414025,1.03187
sh688562,688562,航天软件,14.350,-0.24,-1.645,14.350,14.380,14.590,14.780,14.780,14.330,3418279,49637802,15:09:07,-478.333,3.443,574000.0,574000.0,0.85457
sh688563,688563,航材股份,51.300,-0.51,-0.984,51.300,51.320,51.810,51.820,52.210,51.300,1091306,56544601,15:09:07,43.109,2.208,2305214.48124,695333.91762,0.80514
sh688565,688565,力源科技,10.930,-0.18,-1.62,10.930,10.940,11.110,11.100,11.120,10.930,1924160,21228998,15:00:03,182.167,3.291,163654.89,163654.89,1.28509
sh688566,688566,吉贝尔,26.320,0.44,1.7,26.310,26.320,25.880,26.040,26.790,25.480,3753750,99107394,15:00:03,20.092,2.133,529299.477,529299.477,1.86659
sh688567,688567,孚能科技,10.010,-0.21,-2.055,10.010,10.040,10.220,10.180,10.280,10.000,9185907,92935026,15:00:01,-16.41,1.34,1223325.988885,1223325.988885,0.75165
sh688568,688568,中科星图,35.750,-0.5,-1.379,35.740,35.750,36.250,36.420,37.160,35.720,8380458,305995187,15:09:07,893.75,7.945,2888882.1104,2888882.1104,1.03708
sh688569,688569,铁科轨道,17.090,-0.2,-1.157,17.090,17.100,17.290,17.120,17.380,17.050,511453,8771579,15:00:03,21.099,1.214,360029.3903,360029.3903,0.24278
sh688570,688570,天玛智控,15.120,-0.28,-1.818,15.110,15.120,15.400,15.390,15.460,15.110,1554616,23739128,15:00:03,65.739,1.517,654696.0,284558.4,0.82604
sh688571,688571,杭华股份,9.090,-0.44,-4.617,9.090,9.100,9.530,9.550,9.570,9.070,10547584,98262313,15:00:03,34.962,2.264,385571.1663,385571.1663,2.48664
sh688573,688573,信宇人,16.290,-0.28,-1.69,16.270,16.290,16.570,16.570,16.770,16.230,1550510,25492427,15:00:03,-3.271,4.605,159241.898052,86689.230525,2.9136
sh688575,688575,亚辉龙,9.600,0.06,0.629,9.600,9.610,9.540,9.550,9.740,9.380,10939235,105185848,15:00:03,240.0,2.022,548532.768,548532.768,1.9145
sh688576,688576,西山科技,41.790,0.59,1.432,41.670,41.790,41.200,41.160,42.080,40.900,339781,14138024,15:00:03,36.339,1.628,282680.886831,135059.161944,1.05135
sh688577,688577,浙海德曼,43.120,-0.84,-1.911,43.120,43.140,43.960,43.530,45.130,43.120,1541083,68112010,15:00:03,95.822,6.488,671773.46544,671773.46544,0.9892
sh688578,688578,艾力斯,119.360,2.05,1.748,119.360,119.390,117.310,117.450,123.180,115.700,11084213,1334310292,15:00:03,24.56,6.936,5371200.0,5371200.0,2.46316
sh688579,688579,地纬智能,8.070,-0.07,-0.86,8.060,8.070,8.140,8.170,8.340,8.050,3558968,29055078,15:00:01,53.693,2.329,322808.07,322808.07,0.88972
sh688580,688580,伟思医疗,50.080,-0.33,-0.655,50.080,50.130,50.410,50.000,51.380,49.800,1512723,76748978,15:00:03,34.778,2.732,479622.610304,479622.610304,1.57952
sh688581,688581,安杰思,53.840,0.73,1.375,53.840,53.850,53.110,53.500,55.110,53.010,1341325,72688445,15:00:03,19.531,1.706,434707.691904,221703.848752,3.25736
sh688582,688582,芯动联科,41.070,-1.3,-3.068,41.070,41.100,42.370,42.800,43.110,41.050,5038350,212881290,15:00:01,54.039,6.653,1649942.302992,1649942.302992,1.25413
sh688583,688583,思看科技,82.830,7.44,9.869,82.820,82.830,75.390,78.780,86.890,78.780,3942084,330780171,15:09:07,74.622,8.611,1025104.08,357202.875777,9.1411
sh688584,688584,XD上海合,28.270,-0.88,-3.019,28.270,28.280,29.150,29.400,29.760,28.050,12285599,356730969,15:00:03,148.789,4.546,1891815.260104,970509.75021,3.57867
sh688585,688585,上纬新材,167.530,6.01,3.721,167.520,167.530,161.520,162.100,173.930,161.520,7096081,1203094250,15:09:07,1675.3,51.959,6757519.029184,6757519.029184,1.75924
sh688586,688586,江航装备,10.590,-0.11,-1.028,10.570,10.590,10.700,10.770,10.820,10.560,4369062,46785701,15:00:03,151.286,3.363,838028.166204,838028.166204,0.55211
sh688588,688588,凌志软件,9.780,-0.13,-1.312,9.780,9.790,9.910,9.970,10.150,9.770,3761818,37515680,15:00:00,35.824,3.106,381429.782934,381429.782934,0.96454
sh688589,688589,力合微,18.070,-0.39,-2.113,18.070,18.100,18.460,18.650,18.790,18.070,2944118,54188189,15:09:07,129.071,2.764,262608.632026,262608.632026,2.02584
sh688590,688590,新致软件,13.230,-0.52,-3.782,13.220,13.230,13.750,13.750,13.890,13.200,9210927,124839748,15:00:03,-27.563,2.774,413920.586835,372447.234432,3.27189
sh688591,688591,泰凌微,27.320,-0.87,-3.086,27.320,27.330,28.190,28.250,28.610,27.270,4714933,131735987,15:09:07,50.593,2.688,659952.654028,462412.170268,2.78565
sh688592,688592,司南导航,24.580,0.3,1.236,24.400,24.580,24.280,24.700,24.990,24.280,1007931,24862418,15:00:03,122.9,3.003,285488.861438,136014.639336,1.82149
sh688593,688593,新相微,32.000,-0.57,-1.75,32.000,32.030,32.570,32.770,33.160,31.960,14521628,472718402,15:09:07,1600.0,9.46,1470494.1184,1470494.1184,3.16011
sh688595,688595,芯海科技,30.340,0.95,3.232,30.330,30.340,29.390,29.630,30.870,28.860,5946459,177039236,15:09:07,-40.453,6.754,437179.757884,437179.757884,4.12681
sh688596,688596,正帆科技,71.860,-3.49,-4.632,71.860,71.900,75.350,76.550,77.120,71.000,26282633,1938067428,15:09:07,149.708,6.14,2225436.644414,2225436.644414,8.48674
sh688597,688597,煜邦电力,7.230,0.4,5.857,7.230,7.240,6.830,6.950,7.580,6.950,26530323,195349436,15:00:03,32.864,3.052,242971.579548,242971.579548,7.89451
sh688598,688598,金博股份,32.600,0.65,2.034,32.590,32.600,31.950,32.010,34.900,31.860,22157882,740674386,15:00:03,-5.199,1.753,676688.35816,663656.50816,10.88435
sh688599,688599,天合光能,13.100,-0.54,-3.959,13.100,13.110,13.640,13.600,13.690,13.080,38084310,507764911,15:09:06,-4.043,1.506,3068763.66866,3068763.66866,1.62575
sh688600,688600,皖仪科技,26.300,-1.24,-4.503,26.300,26.310,27.540,27.790,27.880,26.150,4081653,109971402,15:00:01,59.773,4.441,354283.3287,354283.3287,3.02999
sh688601,688601,力芯微,44.860,-0.84,-1.838,44.830,44.860,45.700,45.900,46.980,44.650,4599488,211980047,15:00:03,160.214,4.808,599745.4522,599745.4522,3.44034
sh688602,688602,康鹏科技,6.680,-0.03,-0.447,6.680,6.690,6.710,6.720,6.750,6.640,4254747,28513355,15:00:03,-55.667,1.278,346942.5,346942.5,0.81921
sh688603,688603,天承科技,107.360,-3.12,-2.824,107.360,107.380,110.480,112.000,115.600,106.880,7187738,803488580,15:09:06,154.608,10.949,1339042.489664,1339042.489664,5.76289
sh688605,688605,先锋精科,77.000,-2.68,-3.363,76.760,77.000,79.680,80.990,81.270,76.670,5592491,442596121,15:09:06,82.796,9.332,1558324.8912,834308.321,5.16142
sh688606,688606,奥泰生物,49.450,0.37,0.754,49.450,49.630,49.080,49.000,50.870,48.570,796237,39594845,15:00:03,17.788,0.963,374110.775585,374110.775585,1.05247
sh688607,688607,康众医疗,45.660,-3.44,-7.006,45.660,45.680,49.100,49.100,49.590,45.500,2322586,110399142,15:00:03,-570.75,4.793,402397.137282,402397.137282,2.63544
sh688608,688608,恒玄科技,110.000,-2.65,-2.352,109.990,110.000,112.650,113.300,114.000,109.800,4989414,557077903,15:09:06,31.059,3.644,2605746.517,2605746.517,2.10625
sh688609,688609,九联科技,9.170,-0.21,-2.239,9.170,9.180,9.380,9.380,9.650,9.160,20570348,192611242,15:00:03,-21.627,4.862,478630.807466,458500.0,4.11407
sh688610,688610,埃科光电,156.510,-1.71,-1.081,156.500,156.510,158.220,159.050,167.440,156.450,1650979,267918247,15:00:03,163.031,6.855,1064268.0,640635.621768,4.03341
sh688611,688611,杭州柯林,60.980,-1.24,-1.993,60.580,60.980,62.220,62.050,62.990,60.580,688697,42655937,15:00:01,-3049.0,10.843,935369.7808,935369.7808,0.44899
sh688612,688612,威迈斯,33.380,1.5,4.705,33.380,33.400,31.880,31.550,34.080,31.260,8672905,285288065,15:00:01,25.098,3.892,1399234.549704,856862.467018,3.37862
sh688613,688613,奥精医疗,15.520,-0.13,-0.831,15.500,15.520,15.650,15.590,16.000,15.430,4027976,63157478,15:00:03,155.2,1.481,212637.322368,212637.322368,2.93994
sh688615,688615,合合信息,118.250,-2.73,-2.257,118.230,118.250,120.980,120.460,125.490,118.120,7770630,947473747,15:09:06,36.497,7.495,2317700.0,1600375.89415,5.74163
sh688616,688616,西力科技,10.810,-0.02,-0.185,10.810,10.850,10.830,10.830,11.050,10.790,2064607,22574973,15:00:03,18.322,2.129,193907.904465,193907.904465,1.15098
sh688617,688617,惠泰医疗,217.500,1.5,0.694,217.100,217.500,216.000,214.600,220.480,211.780,1335840,288753297,15:00:03,37.371,10.368,3078259.2735,3078259.2735,0.94386
sh688618,688618,三旺通信,28.590,-0.46,-1.583,28.580,28.590,29.050,29.520,29.520,28.580,2172197,63076951,15:00:03,86.636,3.811,314626.797432,314626.797432,1.97387
sh688619,688619,罗普特,14.880,-0.04,-0.268,14.820,14.880,14.920,15.060,15.330,14.750,2883293,43583454,15:00:03,-11.625,4.196,275931.806496,275931.806496,1.55486
sh688620,688620,安凯微,15.870,-0.48,-2.936,15.860,15.870,16.350,16.380,16.840,15.800,13355821,218347492,15:09:06,-44.083,4.882,622104.0,622104.0,3.4071
sh688621,688621,阳光诺和,66.050,-0.2,-0.302,66.050,66.060,66.250,65.160,68.380,65.080,4626778,309033394,15:00:03,35.511,5.9,739760.0,739760.0,4.13105
sh688622,688622,*ST禾信,107.760,-1.04,-0.956,107.730,107.760,108.800,110.500,110.500,107.760,183769,19932130,15:00:03,-79.822,25.656,759336.454296,759336.454296,0.26079
sh688623,688623,双元科技,62.660,-0.44,-0.697,62.660,62.670,63.100,62.980,64.590,62.180,844072,53446743,15:00:03,58.561,2.507,535818.925122,222565.713344,2.37636
sh688625,688625,呈和科技,55.900,-1.09,-1.913,55.890,55.900,56.990,57.400,59.490,55.710,5891102,341439496,15:00:03,37.517,9.14,1451538.1946,1451538.1946,2.26871
sh688626,688626,翔宇医疗,46.330,-0.17,-0.366,46.320,46.330,46.500,45.700,47.570,45.230,3260994,151943643,15:00:03,90.843,3.523,741280.0,741280.0,2.03812
sh688627,688627,精智达,482.560,24.29,5.3,482.560,482.600,458.270,470.070,520.000,450.680,7705726,3798956983,15:09:06,687.016,26.075,4542248.199424,4542248.199424,8.18642
sh688628,688628,优利德,67.900,-1.3,-1.879,67.900,68.120,69.200,70.610,71.200,67.820,2896968,202431205,15:00:03,49.926,5.669,758901.92252,758901.92252,2.59196
sh688629,688629,华丰科技,147.200,-0.98,-0.661,147.200,147.210,148.180,152.600,156.850,147.160,20851245,3199564937,15:09:06,188.718,35.765,6892713.09952,6785814.47232,4.52312
sh688630,688630,芯碁微装,419.000,-6.5,-1.528,419.000,419.500,425.500,430.000,444.880,415.000,5246530,2268414510,15:09:06,189.593,25.378,6138564.3604,5519936.0004,3.98247
sh688631,688631,莱斯信息,41.910,-0.61,-1.435,41.910,42.060,42.520,42.440,42.950,41.810,1158360,48936423,15:00:03,123.265,3.598,685102.77,685102.77,0.70861
sh688633,688633,星球石墨,24.000,-0.58,-2.36,23.990,24.000,24.580,24.500,24.780,23.960,2401464,58364258,15:00:03,20.513,2.312,408961.512,408961.512,1.4093
sh688635,688635,长进光子,311.900,11.88,3.96,311.880,311.900,300.020,318.000,333.000,308.000,5424264,1733252983,15:09:06,227.664,45.091,2921567.3,553825.76523,30.54802
sh688636,688636,智明达,20.330,-0.07,-0.343,20.320,20.330,20.400,20.590,20.890,20.300,5999684,123979827,15:00:01,33.328,2.5,353551.719332,353551.719332,3.44995
sh688638,688638,誉辰智能,32.340,-1.04,-3.116,32.340,32.360,33.380,33.490,33.540,32.220,632085,20648721,15:00:03,-11.904,2.37,181104.0,85574.945148,2.38874
sh688639,688639,华恒生物,17.540,0.08,0.458,17.540,17.550,17.460,17.570,18.410,17.250,7579110,134453862,15:00:03,33.094,1.632,438702.925522,438702.925522,3.03024
sh688646,688646,逸飞激光,69.000,-5.06,-6.832,69.000,69.190,74.060,75.880,75.880,65.880,4168259,291771141,15:00:01,-127.778,4.594,649721.9952,419051.9799,6.86335
sh688648,688648,中邮科技,31.670,-0.76,-2.344,31.650,31.670,32.430,32.280,33.150,31.610,1881258,60957248,15:00:03,6.87,1.999,430712.0,220198.102308,2.70572
sh688651,688651,盛邦安全,22.920,-0.55,-2.343,22.910,22.920,23.470,23.660,24.000,22.920,1227483,28705541,15:00:03,-35.813,2.573,234913.86432,107765.372892,2.61066
sh688652,688652,京仪装备,151.430,-4.7,-3.01,151.430,151.700,156.130,161.200,161.200,150.500,4987216,785351004,15:09:06,172.08,11.319,2544024.0,1828517.25,4.1302
sh688653,688653,康希通信,13.640,-0.23,-1.658,13.630,13.640,13.870,13.970,14.250,13.620,10842252,151414564,15:09:06,-131.028,4.023,578990.72,431585.418308,3.42663
sh688655,688655,迅捷兴,36.050,-1.27,-3.403,36.050,36.100,37.320,38.070,38.300,35.880,7713290,286535010,15:00:03,-212.059,7.369,480870.95,480870.95,5.78251
sh688656,688656,浩欧博,93.100,0.09,0.097,92.850,93.100,93.010,92.820,95.990,92.080,364285,34150248,15:00:03,251.622,7.153,591358.36151,591358.36151,0.57351
sh688657,688657,浩辰软件,35.000,-0.02,-0.057,35.000,35.010,35.020,35.190,35.690,34.510,1871479,65653705,15:00:03,44.872,2.352,333971.302,208930.9005,3.13509
sh688658,688658,悦康药业,13.560,0.18,1.345,13.560,13.570,13.380,13.360,13.950,13.190,15503414,211465935,15:09:06,-22.983,1.859,610200.0,610200.0,3.4452
sh688659,688659,元琛科技,10.130,-0.19,-1.841,10.130,10.170,10.320,10.320,10.420,10.110,2054642,21130599,15:00:03,-53.316,3.133,162080.0,162080.0,1.28415
sh688660,688660,电气风电,8.990,-0.18,-1.963,8.980,8.990,9.170,9.180,9.250,8.990,15805969,144173083,15:00:03,-12.149,3.091,1198666.7266,1198666.7266,1.18545
sh688661,688661,和林微纳,102.770,-1.61,-1.542,102.760,102.770,104.380,108.000,109.980,102.340,5033899,534963942,15:09:06,524.069,12.849,1560951.187802,1560951.187802,3.31422
sh688662,688662,富信科技,82.000,-2.98,-3.507,81.900,82.000,84.980,87.950,88.430,82.000,11176799,959846110,15:09:06,178.261,12.736,940586.2808,940586.2808,9.7439
sh688663,688663,新风光,54.420,-0.79,-1.431,54.420,54.430,55.210,55.340,56.880,53.900,4021779,222295307,15:00:03,78.87,7.74,1073423.528928,1073423.528928,2.03895
sh688665,688665,四方光电,44.880,-0.73,-1.601,44.880,45.110,45.610,45.740,46.760,44.880,540309,24710150,15:00:03,34.0,3.83,454151.226408,454151.226408,0.53394
sh688667,688667,菱电电控,88.120,-1.18,-1.321,88.120,88.450,89.300,90.450,91.350,88.000,397695,35753241,15:00:03,33.762,2.549,464352.367084,464352.367084,0.7547
sh688668,688668,鼎通科技,254.000,-2.3,-0.897,253.910,254.000,256.300,258.000,267.990,254.000,5472016,1427263912,15:09:06,146.821,16.853,3537473.3924,3537473.3924,3.92905
sh688669,688669,聚石化学,70.110,1.81,2.65,70.110,70.140,68.300,68.500,73.000,68.020,6510640,461427130,15:00:03,-54.924,7.829,850668.004674,850668.004674,5.36591
sh688670,688670,金迪克,15.960,0.2,1.269,15.960,15.990,15.760,15.840,16.330,15.600,1689642,27097245,15:00:03,-11.007,1.826,196627.2,196627.2,1.37146
sh688671,688671,碧兴物联,24.180,-0.19,-0.78,24.180,24.220,24.370,24.580,25.500,24.180,1769273,44154613,15:00:03,-22.183,1.899,189858.7002,130020.990996,3.29032
sh688676,688676,金盘科技,71.850,2.6,3.755,71.850,71.860,69.250,70.250,74.890,69.020,24257145,1762883883,15:09:06,49.896,6.392,3303550.65534,3303550.65534,5.27577
sh688677,688677,海泰新光,72.070,-7.05,-8.911,72.070,72.090,79.120,82.000,87.970,71.700,13298917,1053177139,15:09:06,50.049,6.241,863953.539,863953.539,11.0938
sh688678,688678,福立旺,19.180,0.33,1.751,19.170,19.180,18.850,19.010,19.880,18.800,18719377,364069084,15:00:03,87.182,3.307,773158.268918,773158.268918,4.64378
sh688679,688679,通源环境,32.970,-1.25,-3.653,32.970,33.060,34.220,34.150,35.210,32.860,2749983,93889185,15:00:03,-103.031,3.955,434180.858475,434180.858475,2.08823
sh688680,688680,海优新材,34.850,-1.08,-3.006,34.850,34.860,35.930,36.300,36.310,34.700,1224365,43281682,15:00:03,-5.857,2.193,340034.78863,340034.78863,1.25485
sh688681,688681,科汇股份,16.660,-0.21,-1.245,16.660,16.700,16.870,16.970,16.970,16.660,1323856,22188437,15:09:06,37.022,2.809,174380.22,174380.22,1.26479
sh688682,688682,霍莱沃,31.660,-0.57,-1.769,31.590,31.660,32.230,32.500,33.000,31.560,1436643,46562263,15:00:03,-137.652,5.218,322421.94157,322421.94157,1.4107
sh688683,688683,莱尔科技,32.230,1.35,4.372,32.230,32.260,30.880,30.910,33.350,30.910,3006160,98358892,15:00:03,119.37,4.295,519218.2094,519218.2094,1.86605
sh688685,688685,迈信林,44.530,-1.68,-3.636,44.530,44.600,46.210,46.210,47.550,44.500,7823311,360458220,15:09:06,371.083,8.164,653930.473151,653930.473151,5.32736
sh688686,688686,奥普特,115.000,-2,-1.709,114.990,115.000,117.000,118.710,119.360,114.100,1346354,158119859,15:00:03,75.321,4.49,1405707.7325,1405707.7325,1.10144
sh688687,688687,凯因科技,18.730,0.81,4.52,18.730,18.740,17.920,17.800,19.160,17.710,9014297,168253939,15:00:01,104.056,1.863,320178.902406,320178.902406,5.27323
sh688689,688689,银河微电,39.790,-1.28,-3.117,39.780,39.790,41.070,41.440,42.300,39.600,8238081,338865148,15:00:03,63.159,4.209,576589.071265,576589.071265,5.68504
sh688690,688690,纳微科技,43.810,0,0,43.800,43.810,43.810,44.000,45.370,43.690,12155252,542696201,15:00:03,129.081,8.653,1769112.485465,1769112.485465,3.01011
sh688691,688691,灿芯股份,67.650,-0.85,-1.241,67.650,67.660,68.500,69.540,70.280,67.500,4821666,332978722,15:00:03,-73.589,6.729,811800.0,493608.29265,6.60819
sh688692,688692,达梦数据,236.000,-2.22,-0.932,235.900,236.000,238.220,238.170,242.600,236.000,1278431,306850505,15:00:03,51.754,6.877,2672464.0,1750287.1088,1.72377
sh688693,688693,锴威特,87.080,-7.22,-7.656,87.080,87.090,94.300,92.600,97.180,87.000,7373246,676176412,15:09:06,-70.226,8.262,641642.109388,338779.637112,18.95221
sh688695,688695,中创股份,19.330,-0.24,-1.226,19.310,19.330,19.570,19.530,19.870,19.280,1362780,26747084,15:00:03,-58.576,2.159,164404.313674,103213.458974,2.55224
sh688696,688696,极米科技,71.930,-1.86,-2.521,71.900,71.930,73.790,74.000,74.000,71.700,730579,53092102,15:00:03,33.77,1.683,503653.86,503653.86,1.04339
sh688697,688697,纽威数控,14.420,-0.18,-1.233,14.420,14.450,14.600,14.640,15.030,14.420,9337205,137552801,15:00:06,21.522,4.823,923264.627544,923264.627544,1.45833
sh688698,688698,伟创电气,49.120,-0.74,-1.484,49.100,49.120,49.860,49.900,50.680,49.000,3074570,153401902,15:00:03,39.613,4.412,1056242.950688,1056242.950688,1.42981
sh688699,688699,明微电子,62.000,-1.45,-2.285,62.000,62.030,63.450,64.170,66.560,61.730,4320815,277074757,15:09:06,-140.909,5.619,682400.768,682400.768,3.92571
sh688700,688700,东威科技,56.780,-1.58,-2.707,56.770,56.780,58.360,59.450,60.440,56.400,14678391,861742036,15:00:01,138.488,8.742,1694322.92208,1694322.92208,4.91901
sh688701,688701,卓锦股份,8.010,-0.11,-1.355,8.010,8.030,8.120,8.080,8.140,7.990,1818639,14658167,15:00:03,-17.8,8.278,107556.174972,107556.174972,1.35439
sh688702,688702,盛科通信,401.000,16.1,4.183,401.000,401.210,384.900,394.000,420.990,384.840,11712355,4724229155,15:09:06,-1083.784,73.666,16441000.0,8139970.4983,5.76987
sh688707,688707,振华新材,10.590,-0.19,-1.763,10.590,10.600,10.780,10.890,10.920,10.580,5359693,57539603,15:00:01,-12.459,1.384,538755.877095,538755.877095,1.05352
sh688708,688708,佳驰科技,44.600,-0.5,-1.109,44.510,44.600,45.100,45.300,45.800,44.600,1214928,55077008,15:00:01,40.545,5.055,1786130.096,636638.017,0.85112
sh688709,688709,成都华微,26.320,-0.63,-2.338,26.310,26.320,26.950,27.200,27.300,26.310,4616307,124366753,15:09:06,109.667,5.758,1676181.372432,583636.132632,2.0818
sh688710,688710,益诺思,95.200,2.81,3.041,95.200,95.220,92.390,92.720,99.280,92.000,3996856,384659832,15:09:06,-432.727,5.742,1342125.9348,863406.53728,4.40697
sh688711,688711,宏微科技,25.270,-0.59,-2.282,25.270,25.280,25.860,26.400,26.580,25.250,9676679,251530997,15:09:06,315.875,5.209,547733.640783,547733.640783,4.46439
sh688712,688712,北芯生命,34.810,-0.49,-1.388,34.810,34.830,35.300,35.350,36.100,34.800,3925389,139419828,15:00:03,158.227,8.225,1451577.0,158733.6,8.60831
sh688716,688716,中研股份,28.660,-0.65,-2.218,28.660,28.720,29.310,29.500,29.720,28.610,1690609,49401753,15:00:01,286.6,2.957,348734.88,200411.26922,2.41767
sh688717,688717,艾罗能源,61.090,-3.74,-5.769,61.090,61.100,64.830,64.790,64.790,61.020,16397308,1027431873,15:09:06,80.382,2.205,977440.0,605083.059072,16.55494
sh688718,688718,唯赛勃,14.210,-0.28,-1.932,14.210,14.250,14.490,14.500,14.600,14.090,2335119,33440902,15:00:03,54.654,3.061,246904.986769,246904.986769,1.34392
sh688719,688719,爱科赛博,51.400,2.19,4.45,51.400,51.420,49.210,49.390,55.960,49.390,7528023,394920453,15:09:06,-125.366,3.526,593081.04852,461172.61172,8.39036
sh688720,688720,艾森股份,64.820,-1.83,-2.746,64.820,64.840,66.650,67.980,68.800,64.500,4537069,304365779,15:09:06,109.864,7.616,794939.392842,506823.457448,5.80267
sh688721,688721,龙图光罩,40.600,-1.44,-3.425,40.570,40.600,42.040,42.730,43.300,40.410,4280245,178997894,15:00:01,96.667,4.43,542010.0,223922.3574,7.76063
sh688722,688722,同益中,14.080,-0.33,-2.29,14.080,14.090,14.410,14.430,14.510,14.080,2523237,36104223,15:09:06,28.735,2.156,315540.1216,315540.1216,1.12592
sh688726,688726,拉普拉斯,44.210,-1.79,-3.891,44.200,44.210,46.000,46.000,46.280,44.180,7676462,346266791,15:09:06,28.708,4.257,1791947.081569,972286.099554,3.4905
sh688727,688727,恒坤新材,47.800,-1.5,-3.043,47.800,47.810,49.300,49.710,50.660,47.680,4280746,209727922,15:00:03,189.457,8.493,2147747.688,258255.0111,7.92316
sh688728,688728,格科微,15.830,-0.32,-1.981,15.820,15.830,16.150,16.250,16.430,15.800,36983413,599387078,15:09:06,791.5,5.23,4116728.693861,4113887.208861,1.4231
sh688729,688729,屹唐股份,26.090,-0.91,-3.37,26.090,26.100,27.000,27.310,27.600,26.030,43616452,1176359817,15:09:06,108.708,8.547,7711056.04,4561150.507803,2.49488
sh688733,688733,壹石通,28.480,-0.53,-1.827,28.470,28.480,29.010,29.300,30.100,28.470,4563305,134034961,15:00:03,-258.909,2.719,568959.74112,568959.74112,2.28422
sh688737,688737,中自科技,18.160,-0.3,-1.625,18.160,18.170,18.460,18.560,18.630,18.100,1191383,21928407,15:00:03,-38.638,1.224,217129.148344,217129.148344,0.99644
sh688739,688739,成大生物,20.830,0.15,0.725,20.820,20.830,20.680,20.660,21.080,20.460,3110979,64925945,15:00:03,65.094,0.928,867465.35,867465.35,0.74702
sh688750,688750,金天钛业,14.400,-0.32,-2.174,14.390,14.400,14.720,14.730,14.830,14.350,2604726,38028520,15:00:03,112.324,2.692,666000.0,335402.38944,1.1183
sh688755,688755,汉邦科技,27.610,0.2,0.73,27.560,27.610,27.410,27.310,28.280,27.080,1151711,32041581,15:00:03,36.329,2.495,315858.4,220513.225999,1.44203
sh688757,688757,胜科纳米,32.380,-0.86,-2.587,32.380,32.400,33.240,34.180,35.760,32.200,12345249,421352574,15:00:03,202.375,14.584,1305922.591668,586791.483586,6.81229
sh688758,688758,赛分科技,30.180,2.17,7.747,30.180,30.200,28.010,27.990,31.970,27.770,19347529,588422768,15:09:09,98.338,9.066,1256888.605512,899918.322096,6.48846
sh688759,688759,必贝特,28.250,1.34,4.98,28.240,28.250,26.910,26.910,29.140,26.670,7635286,215802014,15:00:01,-70.625,7.815,1271353.556025,203400.0,10.60456
sh688765,688765,禾元生物,39.540,0.54,1.385,39.530,39.540,39.000,38.700,41.100,38.180,6279276,251532440,15:09:09,-71.243,4.928,1413555.0,284572.725084,8.72475
sh688766,688766,普冉股份,383.400,-11.2,-2.838,383.400,383.450,394.600,410.000,423.500,383.400,16108097,6564441333,15:09:09,273.857,21.159,5701294.22202,5701294.22202,10.83236
sh688767,688767,博拓生物,42.170,1.24,3.03,42.160,42.170,40.930,40.530,42.780,40.070,3899522,162724016,15:00:03,124.029,2.668,629738.669478,629738.669478,2.61129
sh688768,688768,容知日新,43.950,-1.17,-2.593,43.950,43.970,45.120,44.870,46.430,43.950,563766,25323101,15:00:03,45.781,3.577,386710.393635,383523.297855,0.64605
sh688772,688772,珠海冠宇,14.340,-0.35,-2.383,14.340,14.360,14.690,14.630,14.770,14.330,18300520,266572754,15:09:09,34.143,2.266,1632292.980816,1632292.980816,1.60774
sh688775,688775,影石创新,137.630,0.36,0.262,137.620,137.630,137.270,138.250,142.450,136.100,7496974,1040575650,15:09:09,56.406,9.514,5518963.0,3569547.333253,2.89059
sh688776,688776,国光电气,49.590,-1.46,-2.86,49.590,49.610,51.050,51.080,51.580,49.500,1278824,64633449,15:00:03,-54.495,3.148,537473.374821,537473.374821,1.17991
sh688777,688777,中控技术,96.350,-2.84,-2.863,96.350,96.360,99.190,98.880,102.400,96.350,18294844,1814940947,15:09:09,172.054,7.598,7623111.092645,7584663.473025,2.32404
sh688778,688778,厦钨新能,47.910,-0.92,-1.884,47.910,47.920,48.830,48.770,49.220,47.880,5082620,246350001,15:00:00,31.94,2.567,2417974.978653,2417974.978653,1.00708
sh688779,688779,五矿新能,7.830,-0.15,-1.88,7.820,7.830,7.980,7.990,8.040,7.810,20588705,163096648,15:00:03,65.25,2.128,1510579.247472,1510579.247472,1.0672
sh688781,688781,视涯科技,37.390,-0.19,-0.506,37.390,37.500,37.580,38.330,39.380,37.370,2367186,91383093,15:00:01,-155.792,9.218,3739000.0,152682.427683,5.79694
sh688783,688783,西安奕材,30.850,-0.83,-2.62,30.840,30.850,31.680,32.600,32.950,30.830,31001029,996877919,15:09:09,-146.905,10.154,12456613.0,829556.5,11.52883
sh688785,688785,恒运昌,280.430,-2.12,-0.75,280.430,281.870,282.550,287.480,296.630,279.000,822989,236632097,15:09:09,125.192,8.506,1898558.436584,379826.955264,6.07621
sh688786,688786,悦安新材,27.110,-0.87,-3.109,27.110,27.150,27.980,28.180,28.950,27.000,6124528,171466288,15:00:03,46.741,5.884,467810.170844,467810.170844,3.54922
sh688787,688787,海天瑞声,109.700,-1.76,-1.579,109.680,109.700,111.460,111.460,116.800,109.150,2780757,316168325,15:00:03,457.083,8.814,661767.2246,661767.2246,4.60961
sh688788,688788,科思科技,29.800,-0.98,-3.184,29.800,29.810,30.780,30.980,31.240,29.800,2538901,77427455,15:00:00,-15.938,3.71,652334.42958,652334.42958,1.15982
sh688789,688789,宏华数科,46.850,-0.15,-0.319,46.710,46.850,47.000,47.150,47.440,46.450,1355212,63595334,15:00:01,15.881,2.336,844499.861295,844499.861295,0.75183
sh688790,688790,昂瑞微,98.000,-1.5,-1.508,97.970,98.000,99.500,101.800,101.800,98.000,422999,42251457,15:00:03,-63.226,3.589,975410.5424,124222.5754,3.33707
sh688793,688793,倍轻松,18.930,0.2,1.068,18.880,18.930,18.730,18.760,19.440,18.440,2418145,45921116,15:00:03,-16.179,7.221,160910.904267,160910.904267,2.84477
sh688795,688795,摩尔线程,584.310,11.82,2.065,584.310,584.340,572.490,575.990,598.660,575.990,1712553,1004155724,15:00:03,-236.563,22.555,27464218.747527,1766105.60619,5.66592
sh688796,688796,百奥赛图,148.200,13.74,10.219,148.200,148.310,134.460,130.440,154.980,130.000,6283046,913677396,15:09:09,344.651,29.026,6623034.5844,572163.12036,16.27416
sh688797,688797,臻宝科技,335.000,-14.5,-4.149,335.000,335.020,349.500,360.000,362.500,334.720,4584373,1595902342,15:09:09,0.0,41.182,5202224.916,977955.383,15.70383
sh688798,688798,艾为电子,54.380,-1.17,-2.106,54.360,54.380,55.550,55.890,56.160,54.380,2711158,150258100,15:00:03,39.985,2.982,1267753.522568,738171.73912,1.99727
sh688799,688799,华纳药厂,46.300,0.4,0.871,46.300,46.330,45.900,45.920,47.850,45.000,4324522,201940675,15:00:00,25.58,2.981,618739.31,618739.31,3.23602
sh688800,688800,瑞可达,61.710,3.52,6.049,61.710,61.720,58.190,59.280,65.100,59.280,21396973,1340986921,15:09:09,42.267,7.419,1779636.312762,1779636.312762,7.41953
sh688802,688802,沐曦股份,747.000,31.71,4.433,747.000,748.000,715.290,721.800,793.020,721.800,2138350,1603776358,15:09:09,-306.148,22.817,29887470.0,1384086.0465,11.54081
sh688805,688805,健信超导,40.270,-1.03,-2.494,40.270,40.300,41.300,41.000,42.080,40.260,1466894,60696142,15:00:03,67.117,5.419,675247.36,135049.472,4.37409
sh688806,688806,泰诺麦博,27.880,-0.5,-1.762,27.860,27.880,28.380,28.280,29.500,27.640,10700169,305794731,15:09:09,-17.872,812.828,1284002.77772,142259.54008,20.97017
sh688807,688807,优迅股份,258.940,-7.37,-2.767,258.940,259.000,266.310,273.010,277.980,258.010,3301101,886932632,15:09:09,176.15,11.521,2071520.0,414304.0,20.63188
sh688808,688808,联讯仪器,2212.000,-36,-1.601,2211.000,2212.000,2248.000,2300.000,2321.990,2210.000,826645,1877698730,15:00:03,978.761,221.326,22709866.7404,4268307.0528,4.28399
sh688809,688809,强一股份,469.770,-5.23,-1.101,469.770,469.810,475.000,480.660,500.000,468.010,2114245,1027576265,15:09:09,115.707,14.56,6086307.2361,1217263.608162,8.15936
sh688811,688811,有研复材,22.210,-0.43,-1.899,22.190,22.210,22.640,22.960,23.170,22.180,4756711,107817711,15:00:03,0.0,13.795,1114217.076705,204612.061437,5.16326
sh688813,688813,泰金新能,114.180,-2.7,-2.31,114.170,114.180,116.880,120.000,122.700,113.900,6315779,745346150,15:00:01,67.165,10.2,1826880.0,343418.911968,20.99872
sh688816,688816,易思维,49.890,-1.3,-2.54,49.890,49.900,51.190,50.690,51.470,49.890,653676,33107790,15:00:03,47.514,2.742,498900.0,102454.193802,3.18307
sh688818,688818,电科蓝天,49.400,0.18,0.366,49.380,49.400,49.220,49.800,50.590,49.380,8056053,402598702,15:00:03,236.138,15.713,8580404.0166,701583.83386,5.67244
sh688819,688819,天能股份,22.020,-0.31,-1.388,22.010,22.020,22.330,22.340,22.440,22.010,1814823,40356056,15:00:03,13.427,1.249,2140564.2,2140564.2,0.18669
sh688820,688820,盛合晶微,135.370,-2.63,-1.906,135.370,135.380,138.000,140.750,142.990,135.290,12687394,1776578518,15:09:09,0.0,17.436,25216372.951089,2340583.078291,7.33788
sh688825,688825,长鑫科技,52.880,-0.64,-1.196,52.870,52.880,53.520,54.800,55.920,52.730,465377680,25386081354,15:09:09,1762.667,43.277,353666125.57518,23812070.078648,10.33475
sh688828,688828,C国仪,98.510,-16.37,-14.25,98.510,98.550,114.880,115.000,116.880,97.100,12167481,1285541960,15:09:09,-4925.5,51.041,3940498.51,256510.514083,46.72785
sh688981,688981,中芯国际,129.440,1.48,1.157,129.440,129.450,127.960,129.000,134.500,129.000,66629356,8790071770,15:09:09,205.46,7.397,110814354.33627,25882337.634256,3.3322
sz000001,000001,平安银行,11.250,0,0,11.240,11.250,11.250,11.230,11.270,11.180,75598076,848358766,15:09:00,5.435,0.471,21831657.97275,21831300.734625,0.38957
sz000002,000002,万 科Ａ,3.220,-0.11,-3.303,3.220,3.230,3.330,3.330,3.340,3.220,170766154,556248160,15:09:00,-0.432,0.348,3841688.449662,3128853.34853,1.75741
sz000006,000006,深振业Ａ,7.700,0.7,10,7.700,0.000,7.000,7.030,7.700,6.890,38840269,284308695,15:08:30,-246.006,1.936,1039496.18542,1039496.18542,2.87707
sz000007,000007,全新好,10.990,0.16,1.477,10.980,10.990,10.830,10.820,11.220,10.800,9189350,101149580,15:08:45,1962.5,21.261,380746.400356,380746.400356,2.65245
sz000008,000008,神州高铁,2.420,-0.04,-1.626,2.420,2.430,2.460,2.460,2.460,2.420,36446900,88930902,15:08:15,-7.87,3.046,657363.399286,657343.862384,1.34179
sz000009,000009,中国宝安,8.260,-0.07,-0.84,8.260,8.270,8.330,8.330,8.390,8.240,36698495,305446572,15:09:00,104.956,2.124,2130430.73509,2127792.90409,1.42462
sz000010,000010,*ST美丽,1.570,-0.02,-1.258,1.570,1.580,1.590,1.580,1.600,1.560,18444300,29122818,15:07:45,-52.159,6.133,180495.409844,144066.60533,2.01001
sz000011,000011,深物业A,8.610,0.1,1.175,8.610,8.620,8.510,8.510,8.820,8.300,16860107,144080678,15:08:45,151.318,1.524,513137.998212,453295.442523,3.20245
sz000012,000012,南 玻Ａ,3.800,-0.09,-2.314,3.800,3.810,3.890,3.900,3.910,3.790,35068692,134156122,15:09:00,95.0,0.887,1156138.14818,744540.30724,1.78984
sz000014,000014,沙河股份,10.310,-0.18,-1.716,10.300,10.310,10.490,10.420,10.560,10.180,9002420,93338099,15:09:00,-16.629,1.807,249549.656944,249549.656944,3.7193
sz000016,000016,*ST康佳A,2.460,-0.07,-2.767,2.460,2.470,2.530,2.540,2.540,2.460,14284700,35645249,15:08:30,-0.471,-0.526,592354.570368,392762.0748,0.8947
sz000017,000017,深中华A,5.990,-0.18,-2.917,5.990,6.000,6.170,6.170,6.170,5.960,7844276,47523000,15:08:45,100.335,10.576,412821.774867,264052.348649,1.77947
sz000019,000019,深粮控股,6.090,-0.08,-1.297,6.090,6.100,6.170,6.150,6.160,6.050,7812559,47627638,15:09:00,28.863,1.389,701893.969686,253469.701863,1.87709
sz000020,000020,深华发Ａ,11.190,-0.16,-1.41,11.180,11.200,11.350,11.460,11.480,11.170,3265701,36748906,15:08:45,89.377,7.131,316857.413013,202724.072529,1.80261
sz000021,000021,深科技,39.550,-0.8,-1.983,39.550,39.560,40.350,41.000,41.780,39.530,129693144,5305427732,15:09:00,54.537,4.661,6226632.4799,6225785.3189,8.2389
sz000025,000025,特 力Ａ,15.030,-0.25,-1.636,15.030,15.050,15.280,15.270,15.470,14.970,7288261,110217788,15:08:30,45.353,3.483,647880.65496,590345.81496,1.85557
sz000026,000026,飞亚达,21.150,0.38,1.83,21.150,21.160,20.770,20.780,21.880,20.650,19947920,423892509,15:09:00,98.235,2.526,858190.874805,771045.950295,5.47177
sz000027,000027,深圳能源,6.340,0.01,0.158,6.340,6.350,6.330,6.330,6.390,6.300,18976664,120305977,15:08:45,20.452,0.902,3016185.206744,3016185.206744,0.39889
sz000028,000028,国药一致,20.310,-0.1,-0.49,20.310,20.320,20.410,20.420,20.540,20.130,5010179,102003337,15:08:45,9.956,0.658,1243422.037104,1068017.872185,0.95276
sz000029,000029,深深房Ａ,22.520,-0.67,-2.889,22.520,22.530,23.190,23.210,23.540,22.480,5894601,134880423,15:08:45,227.935,6.305,2278258.32,2008018.32,0.66108
sz000030,000030,富奥股份,4.260,-0.03,-0.699,4.260,4.270,4.290,4.300,4.310,4.250,8605520,36794335,15:09:00,10.39,0.858,732639.41997,711805.98582,0.51502
sz000031,000031,大悦城,2.230,-0.08,-3.463,2.220,2.230,2.310,2.330,2.330,2.220,40959325,92099215,15:07:45,-4.055,0.935,955847.874597,955845.948323,0.95559
sz000032,000032,深桑达Ａ,14.700,-0.17,-1.143,14.690,14.700,14.870,15.040,15.400,14.680,43493223,654284532,15:09:00,-131.603,2.418,1786313.58717,1786313.58717,3.57916
sz000034,000034,神州数码,24.890,0.39,1.592,24.890,24.900,24.500,24.780,25.660,24.730,70526237,1774740086,15:09:00,32.279,2.254,2530665.021207,2113528.978738,8.30553
sz000035,000035,中国天楹,4.800,-0.06,-1.235,4.800,4.810,4.860,4.850,4.940,4.800,34881975,169307504,15:08:30,40.0,1.065,1146255.72912,1110252.35904,1.50807
sz000036,000036,华联控股,4.160,-0.19,-4.368,4.160,4.170,4.350,4.320,4.330,4.150,25468121,107645000,15:08:45,83.2,1.135,583988.5896,583640.192096,1.81529
sz000037,000037,深南电A,10.200,0,0,10.200,10.210,10.200,10.120,10.360,10.020,34929800,356773552,15:09:00,38.174,3.638,614817.84792,345686.313,10.30657
sz000039,000039,中集集团,8.870,0,0,8.870,8.880,8.870,8.870,9.250,8.770,82986383,746265274,15:09:00,295.667,1.024,4783165.581495,2041348.134067,3.6059
sz000042,000042,中洲控股,9.010,-0.2,-2.172,9.010,9.030,9.210,9.230,9.250,9.010,5775700,52596091,15:09:00,-6.638,2.643,599012.856239,598392.146527,0.86965
sz000045,000045,深纺织Ａ,10.070,-0.1,-0.983,10.070,10.080,10.170,10.240,10.300,10.060,5894714,59804618,15:08:15,71.929,1.699,510067.501943,460221.001943,1.28981
sz000048,000048,京基智农,23.850,-0.28,-1.16,23.840,23.850,24.130,24.130,24.540,23.700,25323728,610661544,15:08:00,80.438,3.367,1264533.55875,1262387.05875,4.78436
sz000049,000049,德赛电池,24.510,-0.39,-1.566,24.510,24.520,24.900,24.810,24.930,24.510,6787180,167433360,15:08:45,32.254,1.386,942749.046834,942494.946762,1.76504
sz000050,000050,深天马Ａ,6.620,-0.08,-1.194,6.620,6.630,6.700,6.830,6.880,6.600,29882807,200838444,15:08:30,97.067,0.596,1612483.446538,1612470.785788,1.22684
sz000055,000055,方大集团,3.500,-0.04,-1.13,3.490,3.500,3.540,3.550,3.560,3.480,8204100,28788578,15:07:30,-7.292,0.672,375855.97945,236549.05015,1.21389
sz000056,000056,*ST皇庭,1.890,-0.03,-1.563,1.890,1.900,1.920,1.910,1.940,1.890,16682700,31865869,15:08:30,-0.825,-0.929,223497.83358,170805.576312,1.84598
sz000058,000058,深 赛 格,6.860,-0.03,-0.435,6.860,6.870,6.890,6.910,6.990,6.800,8457953,58166169,15:08:45,121.631,4.145,844603.660992,675531.196844,0.8589
sz000059,000059,华锦股份,4.560,-0.11,-2.355,4.560,4.570,4.670,4.660,4.670,4.540,19183852,87951297,15:09:00,-4.145,0.748,729345.796872,729332.322072,1.19943
sz000060,000060,中金岭南,6.500,-0.25,-3.704,6.500,6.510,6.750,6.750,6.780,6.490,122595708,811974493,15:09:00,30.952,1.445,2886762.0977,2886725.5352,2.76047
sz000061,000061,农 产 品,5.780,-0.11,-1.868,5.770,5.780,5.890,5.880,5.880,5.760,24036433,139541910,15:07:45,27.445,1.327,1147307.572444,1037112.329064,1.33959
sz000062,000062,深圳华强,23.160,-0.37,-1.572,23.160,23.170,23.530,23.750,23.950,23.160,23447540,553401664,15:09:00,52.327,3.527,2422325.989752,2419988.578332,2.244
sz000063,000063,中兴通讯,35.080,-0.51,-1.433,35.080,35.090,35.590,35.300,36.090,35.030,204452952,7239214676,15:09:00,29.983,2.188,16780640.383596,14128895.281856,5.07627
sz000065,000065,北方国际,9.150,-0.04,-0.435,9.140,9.150,9.190,9.210,9.240,9.140,12855962,117798415,15:08:15,13.456,0.949,1062719.575485,974491.994295,1.20711
sz000066,000066,中国长城,15.120,0.24,1.613,15.120,15.130,14.880,14.980,15.570,14.800,221398325,3359931134,15:09:00,-889.412,4.462,4877408.221056,4877031.355056,6.86389
sz000068,000068,华控赛格,2.950,-0.07,-2.318,2.950,2.960,3.020,3.010,3.030,2.940,11213640,33320047,15:08:45,-28.42,5.073,296968.08188,296968.08188,1.11393
sz000069,000069,华侨城Ａ,1.820,-0.06,-3.191,1.820,1.830,1.880,1.870,1.880,1.820,47517998,87225418,15:08:45,-0.989,0.428,1462871.965646,1255545.524142,0.68881
sz000070,000070,特发信息,14.600,-0.31,-2.079,14.590,14.600,14.910,15.200,15.260,14.600,52762111,786912823,15:08:45,-26.526,12.671,1267853.70554,1250821.47986,6.15857
sz000078,000078,ST海王,1.720,-0.03,-1.714,1.710,1.720,1.750,1.730,1.780,1.700,98519493,170171387,15:08:45,-8.037,3.645,452553.200204,451537.101088,3.75282
sz000088,000088,盐 田 港,4.440,0,0,4.440,4.450,4.440,4.450,4.470,4.420,14225283,63266668,15:08:45,15.857,1.254,2308570.605624,1404321.25524,0.44976
sz000089,000089,深圳机场,6.510,-0.05,-0.762,6.510,6.520,6.560,6.540,6.560,6.500,10355516,67649833,15:09:00,25.42,1.123,1335050.950359,1335027.421917,0.50497
sz000090,000090,天健集团,3.530,-0.06,-1.671,3.530,3.540,3.590,3.610,3.610,3.500,19222519,68007224,15:08:15,50.791,0.587,659596.538202,659556.296202,1.02881
sz000096,000096,广聚能源,7.950,-0.38,-4.562,7.950,7.960,8.330,8.190,8.200,7.940,19173153,154482957,15:08:30,36.569,1.523,419760.0,406124.16,3.7532
sz000099,000099,中信海直,14.240,-0.23,-1.589,14.230,14.240,14.470,14.490,14.490,14.210,6697125,95841120,15:08:45,35.6,1.977,1104696.675088,1104696.675088,0.86329
sz000100,000100,TCL科技,5.170,0.08,1.572,5.160,5.170,5.090,5.120,5.340,5.070,858600332,4452208194,15:09:00,22.16,1.715,10754045.885099,10399444.782012,4.26846
sz000151,000151,中成股份,9.980,-0.27,-2.634,9.980,9.990,10.250,10.260,10.300,9.970,6675800,67279236,15:08:15,9.327,4.0,350204.473428,307318.82561,2.16793
sz000153,000153,丰原药业,5.950,0.01,0.168,5.950,5.960,5.940,5.930,6.060,5.800,12172840,72482433,15:07:45,27.817,1.267,276487.88559,273026.755715,2.65279
sz000155,000155,川能动力,12.070,-0.2,-1.63,12.070,12.080,12.270,12.210,12.320,11.920,44147439,532787149,15:09:00,44.704,2.074,2228325.188794,2228325.188794,2.3913
sz000156,000156,华数传媒,6.860,-0.05,-0.724,6.860,6.880,6.910,6.900,7.030,6.840,9238700,63903527,15:09:00,27.44,0.837,1271111.655212,1166114.851622,0.54349
sz000157,000157,中联重科,6.970,-0.12,-1.693,6.970,6.980,7.090,7.090,7.100,6.960,58708587,411762336,15:09:00,12.446,1.034,6028029.059492,4927559.7112,0.83043
sz000158,000158,常山北明,13.280,-0.18,-1.337,13.280,13.290,13.460,13.520,13.640,13.280,31385207,421986015,15:09:00,664.0,4.004,2122963.005488,2108746.599488,1.97651
sz000159,000159,国际实业,5.700,-0.2,-3.39,5.700,5.710,5.900,5.880,5.950,5.690,13197601,75984305,15:08:45,72.061,1.329,273991.01601,273981.04101,2.74568
sz000166,000166,申万宏源,4.560,0,0,4.560,4.570,4.560,4.560,4.600,4.550,56019580,256434068,15:08:45,12.0,0.996,11418214.71936,10276191.336096,0.24858
sz000301,000301,东方盛虹,12.530,-0.39,-3.019,12.530,12.540,12.920,13.000,13.030,12.520,23184658,294956167,15:08:15,626.5,2.385,8283874.28491,8280291.397819,0.35084
sz000333,000333,美的集团,84.190,-0.15,-0.178,84.190,84.200,84.340,84.190,84.570,83.800,19974952,1681491988,15:09:00,14.516,2.765,64224550.813178,57961290.596125,0.29014
sz000338,000338,潍柴动力,30.100,-0.84,-2.715,30.100,30.120,30.940,31.300,31.990,30.010,92019897,2841347541,15:09:00,23.701,2.727,26007064.06921,14918741.55443,1.85659
sz000400,000400,许继电气,22.230,-0.4,-1.768,22.220,22.230,22.630,22.630,22.730,22.230,18161865,408102222,15:08:45,19.278,1.845,2264397.259527,2256490.848807,1.78923
sz000401,000401,金隅冀东,3.590,-0.06,-1.644,3.590,3.600,3.650,3.650,3.660,3.560,11752539,42225915,15:08:15,43.78,0.363,953556.768692,944656.332992,0.44663
sz000402,000402,金 融 街,2.560,-0.1,-3.759,2.560,2.570,2.660,2.650,2.660,2.550,69972902,181076698,15:09:00,-1.422,0.385,765166.056192,765095.410432,2.34128
sz000403,000403,派林生物,11.170,0.25,2.289,11.160,11.170,10.920,10.960,11.220,10.820,16033095,177619669,15:08:00,25.386,1.309,1061593.880162,1050743.892843,1.70441
sz000404,000404,长虹华意,7.280,-0.59,-7.497,7.280,7.290,7.870,7.680,7.700,7.280,35275637,259855853,15:08:30,10.195,1.181,506685.072712,504493.05088,5.09039
sz000407,000407,胜利股份,4.080,-0.06,-1.449,4.070,4.080,4.140,4.140,4.150,4.070,13505191,55380418,15:08:15,23.051,1.161,359074.539648,357316.102896,1.54208
sz000408,000408,藏格矿业,78.040,-3.11,-3.832,78.040,78.050,81.150,81.020,81.690,77.910,16999232,1352480499,15:07:45,31.724,7.12,12243810.740216,12243681.974216,1.08351
sz000409,000409,云鼎科技,8.820,-0.06,-0.676,8.820,8.830,8.880,8.890,8.980,8.820,5163401,45946055,15:08:45,71.072,3.641,597699.12321,520798.009788,0.87445
sz000410,000410,沈阳机床,5.480,-0.28,-4.861,5.480,5.490,5.760,5.710,5.750,5.460,78035943,433972722,15:08:15,-1405.128,3.476,1451692.008932,1080118.046484,3.95917
sz000411,000411,英特集团,10.000,0.02,0.2,9.990,10.000,9.980,9.940,10.160,9.770,6715980,67142738,15:08:30,10.417,1.045,564849.146,563735.936,1.19133
sz000415,000415,渤海租赁,4.470,-0.01,-0.223,4.460,4.470,4.480,4.490,4.550,4.450,36955100,165973358,15:07:45,-68.14,0.926,2764481.013054,2410632.505701,0.68525
sz000417,000417,合百集团,5.920,-0.2,-3.268,5.920,5.930,6.120,6.120,6.130,5.910,29842818,179580959,15:09:00,28.822,0.969,461691.4464,461184.250992,3.83078
sz000419,000419,通程控股,4.890,-0.09,-1.807,4.890,4.900,4.980,4.970,4.980,4.860,7186294,35327752,15:09:00,21.618,0.778,265811.918295,265811.918295,1.32202
sz000420,000420,吉林化纤,3.750,-0.05,-1.316,3.740,3.750,3.800,3.800,3.830,3.740,50067400,189372829,15:08:15,407.609,2.077,922075.628625,921763.366125,2.03689
sz000421,000421,南京公用,5.470,-0.04,-0.726,5.470,5.480,5.510,5.520,5.520,5.410,7598500,41486905,15:08:30,65.431,1.115,314205.406498,314140.074459,1.3231
sz000422,000422,湖北宜化,12.680,-0.32,-2.462,12.680,12.690,13.000,12.970,13.000,12.670,35138008,448115669,15:08:00,17.016,2.251,1379057.414816,1353318.536416,3.29228
sz000423,000423,东阿阿胶,52.680,-0.29,-0.547,52.660,52.680,52.970,52.800,53.190,52.330,5508052,290791724,15:09:00,19.511,3.123,3370607.708832,3364673.143524,0.86238
sz000425,000425,徐工机械,8.060,-0.19,-2.303,8.050,8.060,8.250,8.200,8.250,8.050,112551216,915307151,15:09:00,14.14,1.506,9439235.621894,7254447.618548,1.25049
sz000426,000426,兴业银锡,37.880,-2.23,-5.56,37.880,37.890,40.110,40.070,40.730,37.870,74487579,2912815541,15:09:00,39.467,6.213,6726108.179332,6724478.297632,4.196
sz000428,000428,华天酒店,4.580,0.1,2.232,4.570,4.580,4.480,4.350,4.750,4.320,90422056,411835371,15:09:00,-22.201,3.656,466668.108,466668.108,8.87425
sz000429,000429,粤高速Ａ,13.230,0.07,0.532,13.230,13.240,13.160,13.160,13.260,13.070,6228573,82067754,15:09:00,15.384,2.4,2766136.504698,1724305.465638,0.4779
sz000430,000430,张家界,6.640,0.01,0.151,6.640,6.650,6.630,6.580,6.790,6.580,7195175,48100516,15:08:15,-9.765,2.958,537597.887008,246049.506704,1.94172
sz000488,000488,ST晨鸣,1.910,-0.02,-1.036,1.910,1.920,1.930,1.930,1.940,1.910,9198988,17691777,15:08:30,-0.675,13.489,561818.1342,323595.97225,0.54296
sz000498,000498,山东路桥,4.940,-0.03,-0.604,4.940,4.950,4.970,4.970,4.980,4.930,6958380,34435884,15:08:45,4.254,0.459,766906.359856,715977.802826,0.4801
sz000501,000501,武商集团,7.190,-0.12,-1.642,7.180,7.190,7.310,7.320,7.330,7.150,6358900,45996730,15:08:30,29.958,0.501,552905.773589,552403.307629,0.82767
sz000503,000503,国新健康,7.430,-0.01,-0.134,7.430,7.440,7.440,7.440,7.680,7.360,20445104,153114299,15:08:15,-18.008,7.586,727584.586696,727571.955696,2.08786
sz000504,000504,南华生物,9.000,0,0,9.000,9.010,9.000,8.990,9.170,8.690,11307400,102178226,15:08:15,100.0,10.728,297020.7882,296210.1582,3.43562
sz000505,000505,京粮控股,5.650,-0.08,-1.396,5.650,5.660,5.730,5.710,5.740,5.640,7980953,45303768,15:08:45,-15.27,1.431,410726.891815,357294.88984,1.26205
sz000506,000506,招金黄金,17.550,-1.51,-7.922,17.550,17.560,19.060,18.800,19.290,17.500,132002192,2394285547,15:09:00,103.235,18.339,1630426.170555,1629880.716555,14.21355
sz000507,000507,珠海港,4.960,-0.07,-1.392,4.960,4.970,5.030,5.040,5.100,4.960,7931700,39689377,15:08:15,21.097,0.763,456188.50792,447567.80968,0.879
sz000509,000509,华塑控股,3.300,-0.07,-2.077,3.300,3.310,3.370,3.410,3.430,3.300,23326400,78164872,15:08:30,-330.0,29.281,354132.25716,354131.18664,2.17369
sz000510,000510,新金路,16.280,-0.61,-3.612,16.280,16.290,16.890,17.120,17.480,16.260,43047097,722061306,15:09:00,-45.833,10.238,1055828.962892,987561.718176,7.09633
sz000513,000513,丽珠集团,30.790,0.19,0.621,30.780,30.790,30.600,30.500,31.080,30.180,7874752,241805018,15:09:00,13.564,1.884,2733866.179509,1749302.425726,1.38606
sz000514,000514,渝 开 发,4.020,-0.12,-2.899,4.010,4.020,4.140,4.130,4.140,4.000,12925600,52244566,15:08:15,502.5,0.924,339195.92793,339195.92793,1.53188
sz000516,000516,国际医学,4.350,0.04,0.928,4.340,4.350,4.310,4.280,4.400,4.240,45283359,196958598,15:08:30,-31.071,2.978,973920.087555,959098.162035,2.05383
sz000517,000517,荣安地产,2.280,-0.03,-1.299,2.270,2.280,2.310,2.310,2.350,2.270,41547548,95987940,15:08:15,-6.337,1.563,725934.32658,568172.902848,1.66725
sz000518,000518,四环生物,4.130,-0.13,-3.052,4.120,4.130,4.260,4.320,4.340,4.110,60515300,254110005,15:09:00,-114.722,13.153,425206.719686,425198.241209,5.87792
sz000519,000519,中兵红箭,14.660,-0.24,-1.611,14.660,14.670,14.900,14.970,14.980,14.650,34707870,514879606,15:08:30,490.301,1.962,2041491.467612,2041491.467612,2.49238
sz000520,000520,凤凰航运,3.890,-0.09,-2.261,3.880,3.890,3.980,4.000,4.020,3.890,12745300,50378174,15:08:30,-89.631,9.349,393700.463995,393700.463995,1.25931
sz000521,000521,长虹美菱,4.880,-0.07,-1.414,4.880,4.890,4.950,4.960,4.960,4.880,6705432,32932191,15:08:45,12.212,0.823,502602.77292,427112.15216,0.76613
sz000523,000523,红棉股份,2.940,-0.03,-1.01,2.930,2.940,2.970,2.970,2.980,2.910,24752005,72905252,15:09:00,67.431,2.754,539627.727534,389597.085276,1.86785
sz000524,000524,岭南控股,9.430,-0.09,-0.945,9.430,9.440,9.520,9.500,9.570,9.430,6641099,62943967,15:08:15,94.3,2.732,632006.706971,631779.199734,0.99126
sz000525,000525,红太阳,4.410,-0.1,-2.217,4.410,4.420,4.510,4.510,4.520,4.400,16044701,71161191,15:08:30,-15.207,2.314,574595.940681,490286.162205,1.44318
sz000526,000526,学大教育,34.220,-1.87,-5.181,34.220,34.230,36.090,35.900,36.200,34.190,4903299,171048386,15:08:45,20.844,4.006,417008.714998,415682.347798,4.03652
sz000528,000528,柳 工,8.200,-0.04,-0.485,8.200,8.210,8.240,8.270,8.320,8.180,24059497,198354501,15:09:00,10.278,0.878,1671023.33552,1668702.27714,1.18228
sz000529,000529,广弘控股,4.850,-0.04,-0.818,4.850,4.860,4.890,4.870,4.930,4.810,3948220,19215087,15:08:15,23.095,0.879,283138.31005,276393.922845,0.69281
sz000530,000530,冰山冷热,4.910,-0.19,-3.725,4.910,4.920,5.100,5.020,5.090,4.900,18431400,91646568,15:08:00,70.143,1.31,414017.340937,294657.311975,3.0713
sz000531,000531,穗恒运Ａ,5.850,-0.05,-0.847,5.850,5.860,5.900,5.880,5.920,5.830,9690720,56845758,15:08:45,20.0,0.877,609219.77922,532201.11048,1.06521
sz000532,000532,华金资本,10.810,-0.11,-1.007,10.810,10.820,10.920,10.930,10.990,10.760,3553400,38657838,15:09:00,22.801,2.297,372629.71554,371377.275426,1.03432
sz000533,000533,顺钠股份,12.320,-0.36,-2.839,12.310,12.320,12.680,12.710,13.210,12.310,132895601,1675684069,15:09:00,83.469,8.633,851085.312,843799.7568,19.40358
sz000534,000534,万泽股份,27.150,-0.5,-1.808,27.140,27.150,27.650,27.650,28.090,27.070,9185456,253942674,15:08:45,68.302,8.054,1383424.22094,1364390.781315,1.82781
sz000536,000536,华映科技,3.320,-0.09,-2.639,3.320,3.330,3.410,3.450,3.450,3.320,53986859,181527254,15:09:00,-8.901,10.932,918322.890596,917343.395312,1.95386
sz000537,000537,绿发电力,8.450,-0.08,-0.938,8.450,8.460,8.530,8.460,8.590,8.320,60194473,507449877,15:08:30,21.667,0.873,1737081.624655,1737081.624655,2.92815
sz000538,000538,云南白药,50.460,-0.09,-0.178,50.450,50.460,50.550,50.550,50.610,50.100,7705156,388198707,15:09:00,17.46,2.139,9003389.094738,8946221.78502,0.4346
sz000539,000539,粤电力Ａ,6.340,0.38,6.376,6.340,6.350,5.960,5.960,6.350,5.940,218277958,1343899146,15:09:00,55.468,1.428,3328680.047124,1620115.293966,8.54188
sz000541,000541,佛山照明,4.930,-0.03,-0.605,4.920,4.930,4.960,4.960,4.970,4.920,5274945,26077106,15:08:45,35.239,1.102,757138.66739,602232.62467,0.43182
sz000543,000543,皖能电力,7.700,-0.05,-0.645,7.700,7.710,7.750,7.730,7.760,7.670,24113423,185988378,15:09:00,8.105,0.994,1745484.76487,1745484.76487,1.06374
sz000544,000544,中原环保,7.310,-0.08,-1.083,7.300,7.310,7.390,7.380,7.400,7.300,3229900,23709303,15:08:15,6.901,0.757,712494.360728,712494.360728,0.33138
sz000545,000545,金浦钛业,2.540,-0.07,-2.682,2.540,2.550,2.610,2.620,2.630,2.540,28753100,74109920,15:09:00,-5.07,4.018,250655.606384,250292.386384,2.9179
sz000546,000546,金圆股份,4.720,-0.08,-1.667,4.720,4.730,4.800,4.800,4.830,4.710,15977300,76322772,15:08:45,-14.75,1.002,367049.979664,328844.857232,2.29327
sz000547,000547,航天发展,15.780,-0.23,-1.437,15.780,15.790,16.010,16.110,16.330,15.780,48940080,782579924,15:09:00,-19.244,6.686,2522382.928482,2507633.035836,3.07969
sz000548,000548,湖南投资,4.460,-0.05,-1.109,4.450,4.460,4.510,4.510,4.520,4.440,4623000,20713462,15:08:15,52.906,1.076,222650.251706,222650.251706,0.92605
sz000550,000550,江铃汽车,16.110,-0.21,-1.287,16.100,16.110,16.320,16.350,16.350,16.100,3376000,54621079,15:08:30,11.674,1.155,1390637.754,835244.15076,0.65116
sz000551,000551,创元科技,13.630,-0.18,-1.303,13.620,13.630,13.810,13.840,14.040,13.630,20458080,283738316,15:08:45,22.326,2.17,660691.141698,660437.836326,4.2221
sz000552,000552,甘肃能化,2.530,-0.06,-2.317,2.520,2.530,2.590,2.580,2.580,2.520,62142422,157934041,15:09:00,-63.25,0.829,1354009.644328,942630.826126,1.66789
sz000553,000553,安道麦A,5.350,-0.12,-2.194,5.350,5.360,5.470,5.470,5.490,5.340,7152854,38540442,15:08:45,-11.921,0.696,1246449.29481,1164733.499135,0.32855
sz000554,000554,泰山石油,6.280,-0.19,-2.937,6.280,6.290,6.470,6.450,6.460,6.260,19823239,125512569,15:08:00,19.521,2.519,299835.408504,225643.412516,5.51711
sz000555,000555,神州信息,10.940,-0.25,-2.234,10.930,10.940,11.190,11.280,11.380,10.920,25022084,277728680,15:08:45,186.371,1.877,1067497.234078,1066246.956178,2.56734
sz000557,000557,西部创业,3.650,-0.07,-1.882,3.650,3.660,3.720,3.730,3.730,3.650,8697208,31962562,15:09:00,18.195,0.833,532306.778275,532139.41227,0.59655
sz000558,000558,天府文旅,3.540,-0.04,-1.117,3.540,3.550,3.580,3.590,3.610,3.530,25247225,89913783,15:07:45,-219.876,4.344,456385.277946,456194.351232,1.95915
sz000559,000559,万向钱潮,11.710,-0.17,-1.431,11.700,11.710,11.880,11.950,11.980,11.700,29335492,347759913,15:09:00,37.774,4.422,3882284.737924,3881102.490469,0.88511
sz000560,000560,我爱我家,2.250,-0.09,-3.846,2.240,2.250,2.340,2.320,2.330,2.240,141359974,320444390,15:08:45,-54.878,0.571,529987.691475,526148.14365,6.04506
sz000561,000561,烽火电子,7.720,-0.1,-1.279,7.720,7.730,7.820,7.840,7.900,7.720,8579200,67070208,15:09:00,-19.795,2.295,667022.079736,599262.96192,1.10521
sz000563,000563,陕国投Ａ,2.990,-0.02,-0.664,2.990,3.000,3.010,3.010,3.030,2.990,37453235,112575173,15:08:30,10.675,0.822,1529077.137042,1529077.137042,0.73237
sz000564,000564,供销大集,1.430,-0.04,-2.721,1.430,1.440,1.470,1.480,1.480,1.430,206863001,300882864,15:09:00,-15.443,1.783,2582303.059622,2158567.772075,1.37042
sz000565,000565,渝三峡Ａ,5.970,-0.11,-1.809,5.970,5.980,6.080,6.090,6.090,5.950,6891065,41328894,15:08:45,298.5,2.017,258854.55534,258854.55534,1.5893
sz000566,000566,海南海药,5.690,-0.16,-2.735,5.680,5.690,5.850,5.750,5.890,5.590,189955908,1091207564,15:09:00,-17.17,1673.529,738200.756694,737842.575177,14.64878
sz000567,000567,海德股份,6.110,-0.14,-2.24,6.110,6.120,6.250,6.250,6.250,6.100,13835458,85352504,15:08:15,31.015,1.983,1194255.806705,1190557.837963,0.71004
sz000568,000568,泸州老窖,91.780,0.69,0.757,91.780,91.790,91.090,90.600,92.740,90.260,11221850,1030547157,15:09:00,12.47,2.618,13509111.627414,13501389.937386,0.76284
sz000570,000570,苏常柴Ａ,5.010,-0.09,-1.765,5.010,5.020,5.100,5.130,5.140,5.000,12182900,61585472,15:08:45,69.583,1.001,353551.946007,278401.946007,2.19238
sz000571,000571,新大洲A,6.390,-0.3,-4.484,6.390,6.400,6.690,6.630,6.750,6.380,56196031,368688400,15:08:30,-34.975,355.0,536203.431,520140.98385,6.90376
sz000572,000572,海马汽车,3.900,-0.09,-2.256,3.900,3.910,3.990,4.040,4.040,3.900,34963600,137942186,15:07:30,-43.237,4.071,641408.20614,640478.69613,2.129
sz000573,000573,粤宏远Ａ,3.690,-0.11,-2.895,3.690,3.700,3.800,3.800,3.820,3.680,19686200,73211859,15:08:30,33.545,1.436,235525.542876,233564.018211,3.11016
sz000576,000576,甘化科工,7.180,-0.13,-1.778,7.180,7.190,7.310,7.300,7.400,7.170,6236600,45230002,15:08:45,42.235,1.897,313348.277652,311479.357398,1.43762
sz000581,000581,威孚高科,17.330,-0.1,-0.574,17.330,17.340,17.430,17.450,17.570,17.320,5366100,93591086,15:09:00,15.755,0.827,1675439.605969,1375837.883167,0.67591
sz000582,000582,北部湾港,12.600,-0.42,-3.226,12.600,12.610,13.020,12.940,13.090,12.550,46238339,593034522,15:09:00,28.315,1.554,3171526.4448,2717628.76098,2.14379
sz000586,000586,汇源通信,12.360,-0.31,-2.447,12.350,12.360,12.670,12.800,12.900,12.300,6621500,83356797,15:09:00,-1287.5,7.507,239091.84,236310.84,3.46331
sz000589,000589,贵州轮胎,4.330,-0.05,-1.142,4.330,4.340,4.380,4.380,4.380,4.330,20098470,87437244,15:08:45,10.825,0.732,673050.915032,668599.934832,1.30162
sz000590,000590,古汉医药,9.010,-0.01,-0.111,9.000,9.010,9.020,9.020,9.170,8.850,2981900,26965602,15:09:00,-42.701,3.99,215763.611567,215662.032827,1.24579
sz000591,000591,太阳能,4.430,-0.08,-1.774,4.430,4.440,4.510,4.500,4.510,4.430,43424310,193716177,15:09:00,21.105,0.72,1729849.867925,1729204.439518,1.11248
sz000592,000592,平潭发展,6.590,-0.28,-4.076,6.580,6.590,6.870,6.950,6.950,6.580,128600523,863211176,15:09:00,-110.385,7.184,1273043.607828,1262045.923891,6.71511
sz000593,000593,德龙汇能,27.800,2.53,10.012,27.800,0.000,25.270,26.470,27.800,25.240,36742645,978570811,15:09:00,487.719,11.275,996994.20502,996583.20982,10.24948
sz000595,000595,新能股份,6.270,-0.09,-1.415,6.270,6.280,6.360,6.360,6.450,6.230,58009930,367271784,15:09:00,89.571,14.749,713937.541482,713937.541482,5.09459
sz000596,000596,古井贡酒,100.420,1.24,1.25,100.420,100.430,99.180,98.490,104.330,98.000,11367155,1155424580,15:08:45,14.966,2.032,5308201.2,4103161.2,2.78198
sz000597,000597,东北制药,4.970,0.06,1.222,4.970,4.980,4.910,4.900,5.130,4.790,36164406,180406804,15:09:00,27.611,1.277,709183.347705,700374.257289,2.5663
sz000598,000598,兴蓉环境,7.130,-0.01,-0.14,7.120,7.130,7.140,7.130,7.170,7.100,12641622,90209954,15:09:00,10.599,1.051,2127598.218073,2127312.821998,0.4237
sz000599,000599,青岛双星,4.910,-0.15,-2.964,4.900,4.910,5.060,5.070,5.080,4.900,13608357,67564014,15:08:30,-11.149,2.269,1199568.541429,401020.376992,1.66618
sz000600,000600,建投能源,8.550,-0.12,-1.384,8.550,8.560,8.670,8.620,8.700,8.550,35234931,303277895,15:09:00,8.229,1.236,1541765.39148,931993.49898,3.23241
sz000601,000601,韶能股份,6.790,0.11,1.647,6.790,6.800,6.680,6.670,6.820,6.610,88184196,593959657,15:09:00,67.9,1.748,722513.666791,711683.681296,8.41344
sz000603,000603,盛达资源,32.210,-2.2,-6.393,32.200,32.210,34.410,35.080,35.850,32.140,87900615,2943356426,15:09:00,41.831,5.917,2222391.263466,2147493.392339,13.18411
sz000605,000605,渤海股份,5.960,-0.07,-1.161,5.960,5.970,6.030,6.070,6.090,5.950,3117800,18720119,15:09:00,246.281,0.98,210184.5256,210184.5256,0.88408
sz000607,000607,华媒控股,3.710,-0.03,-0.802,3.710,3.720,3.740,3.770,3.840,3.700,14573300,54858744,15:08:15,-10.6,3.176,377566.11011,328347.407724,1.64664
sz000608,000608,阳光股份,7.640,-0.16,-2.051,7.630,7.640,7.800,7.810,8.270,7.640,38979037,308790417,15:09:00,-26.254,2.79,572933.768076,569506.655076,5.22908
sz000609,000609,*ST中迪,10.650,-0.24,-2.204,10.640,10.650,10.890,10.900,11.090,10.630,6353700,68882016,15:08:45,-7.607,-10.022,318717.78093,309977.05968,2.18296
sz000610,000610,*ST西旅,6.000,-0.15,-2.439,5.990,6.000,6.150,6.180,6.180,5.980,3029700,18263763,15:08:45,-4.878,-17.498,142048.7406,141300.9264,1.28649
sz000612,000612,焦作万方,11.110,-0.57,-4.88,11.110,11.120,11.680,11.560,11.590,11.070,47940681,541897287,15:09:00,12.372,1.719,1324533.526734,1324533.526734,4.0212
sz000615,000615,*ST美谷,3.370,0,0,3.370,3.380,3.370,3.370,3.410,3.340,6681164,22570939,15:07:45,-5.81,3.685,602385.037541,311815.469335,0.72208
sz000617,000617,中油资本,6.960,-0.15,-2.11,6.950,6.960,7.110,7.100,7.140,6.950,80573413,567072417,15:08:45,20.471,0.827,8798887.038984,8798887.038984,0.63734
sz000619,000619,海螺新材,4.740,-0.12,-2.469,4.740,4.760,4.860,4.870,4.870,4.740,4374400,20946109,15:09:00,-24.433,0.842,209114.025894,170640.0,1.21511
sz000620,000620,盈新发展,2.750,-0.08,-2.827,2.750,2.760,2.830,2.880,2.970,2.750,230208584,651405239,15:09:00,-13.75,4.406,1614749.136,1284730.924125,4.92767
sz000623,000623,吉林敖东,18.200,0.1,0.552,18.190,18.200,18.100,18.100,18.380,18.020,15620888,285303379,15:09:00,8.915,0.691,2176529.60434,2167558.96084,1.31161
sz000625,000625,长安汽车,7.270,-0.12,-1.624,7.270,7.280,7.390,7.380,7.380,7.270,55562543,406739886,15:09:00,17.732,0.933,7206682.333396,6010259.787797,0.67208
sz000626,000626,远大控股,7.770,-0.18,-2.264,7.760,7.770,7.950,7.920,7.970,7.760,7544900,59168632,15:08:15,-29.885,1.793,393649.073328,391383.851817,1.49786
sz000628,000628,高新发展,39.910,0.78,1.993,39.910,39.920,39.130,39.740,40.820,39.030,13057070,520629725,15:08:45,128.742,6.393,1405949.48,767224.192735,6.79212
sz000629,000629,钒钛股份,3.060,-0.08,-2.548,3.060,3.070,3.140,3.140,3.140,3.060,112321884,347612916,15:08:15,-302.97,2.299,2843030.04057,2842875.99558,1.209
sz000630,000630,铜陵有色,6.420,-0.21,-3.167,6.420,6.430,6.630,6.690,6.700,6.400,302012343,1978027474,15:09:00,33.789,2.297,8608880.70942,7153799.340534,2.71033
sz000631,000631,顺发恒能,3.080,0.06,1.987,3.070,3.080,3.020,3.040,3.150,2.980,23222300,71413767,15:09:00,102.667,1.286,708400.02618,708400.02618,1.00967
sz000632,000632,ST三木,3.520,0.06,1.734,3.510,3.520,3.460,3.480,3.590,3.430,10980994,38660852,15:09:00,-1.828,26.113,163862.88864,163849.525312,2.35906
sz000633,000633,合金投资,5.190,-0.14,-2.627,5.190,5.200,5.330,5.340,5.340,5.180,6763500,35361141,15:08:30,263.452,9.979,199870.207587,199870.207587,1.75627
sz000635,000635,英 力 特,6.420,-0.11,-1.685,6.420,6.430,6.530,6.540,6.550,6.410,3915101,25314527,15:08:45,-3.963,2.295,253033.785966,235498.321872,1.06731
sz000636,000636,风华高科,62.020,-4.49,-6.751,62.010,62.020,66.510,67.520,67.520,61.550,204519903,13338015459,15:09:00,248.08,5.748,7175795.934622,7175793.143722,17.67655
sz000637,000637,茂化实华,3.850,-0.07,-1.786,3.850,3.860,3.920,3.920,3.930,3.840,8003400,31058071,15:08:15,-14.259,4.182,200152.01206,140366.882425,2.19518
sz000639,000639,ST西王,1.660,-0.06,-3.488,1.650,1.660,1.720,1.700,1.750,1.640,68546300,115617711,15:08:15,-1.442,1.085,179185.06377,179184.844152,6.35025
sz000650,000650,仁和药业,5.500,0.05,0.917,5.490,5.500,5.450,5.460,5.550,5.360,33795403,185613946,15:08:45,19.643,1.193,769966.0287,732262.2087,2.53836
sz000651,000651,格力电器,40.240,0.01,0.025,40.230,40.240,40.230,40.130,40.450,40.050,26433216,1063723499,15:09:00,7.738,1.483,22540056.701784,22220566.123376,0.47869
sz000652,000652,泰达股份,3.530,-0.01,-0.282,3.520,3.530,3.540,3.540,3.570,3.480,14118491,49844027,15:08:15,-18.187,0.949,515144.888939,514752.53191,0.9682
sz000655,000655,金岭矿业,6.750,-0.14,-2.032,6.740,6.750,6.890,6.880,6.890,6.740,5286734,35938454,15:08:30,14.99,1.138,401854.65525,401854.65525,0.88802
sz000656,000656,金科股份,1.290,-0.05,-3.731,1.290,1.300,1.340,1.340,1.340,1.290,282372775,369147804,15:09:00,0.466,3.32,1365946.380528,978768.021903,3.72163
sz000657,000657,中钨高新,66.700,-3.73,-5.296,66.700,66.710,70.430,71.590,72.000,66.680,119747984,8292532009,15:09:00,115.0,14.225,15198291.348,9694524.88669,8.23887
sz000659,000659,珠海中富,2.930,-0.07,-2.333,2.930,2.940,3.000,3.000,3.070,2.930,28843000,86493307,15:08:15,-32.701,40.979,376710.83836,376710.83836,2.24336
sz000661,000661,长春高新,85.450,-0.73,-0.847,85.450,85.480,86.180,86.000,87.700,85.020,10069500,870071952,15:08:30,219.103,1.564,3485826.185305,3414706.48356,2.5198
sz000663,000663,永安林业,5.530,-0.1,-1.776,5.520,5.530,5.630,5.670,5.670,5.520,5658600,31568037,15:08:45,-19.75,2.045,186186.212737,169384.561388,1.8474
sz000665,000665,湖北广电,4.200,-0.22,-4.977,4.200,4.210,4.420,4.300,4.380,4.200,62832561,269103466,15:08:45,-4.375,1.496,477602.7879,477590.3076,5.52559
sz000668,000668,荣丰控股,24.060,2.17,9.913,24.050,24.060,21.890,21.890,24.080,21.880,13404777,321186214,15:08:00,133.667,4.728,353301.58734,353301.58734,9.12871
sz000669,000669,ST金鸿,4.000,0.11,2.828,4.000,4.010,3.890,4.000,4.170,3.970,19774000,80247813,15:08:30,100.0,44.743,272163.5188,272163.5188,2.90619
sz000670,000670,盈方微,6.900,-0.29,-4.033,6.900,6.910,7.190,7.260,7.320,6.900,52463680,370021308,15:08:45,-68.452,189.56,583701.68913,573010.55313,6.3175
sz000672,000672,上峰材料,13.840,-0.33,-2.329,13.830,13.840,14.170,14.270,14.490,13.820,16367470,231557114,15:08:45,20.473,1.476,1341643.3028,1341643.3028,1.68842
sz000676,000676,智度股份,7.020,-0.4,-5.391,7.010,7.020,7.420,7.340,7.560,7.010,147970674,1071617103,15:09:00,62.124,2.066,884372.02893,883838.029464,11.75277
sz000677,000677,ST海龙,1.740,-0.05,-2.793,1.730,1.740,1.790,1.790,1.790,1.730,32303600,56839233,15:08:30,435.0,2.927,150332.162952,150332.162952,3.73894
sz000678,000678,襄阳轴承,9.010,-0.18,-1.959,9.010,9.020,9.190,9.180,9.260,9.000,8803941,80301981,15:08:45,-81.909,5.315,414110.229097,414110.229097,1.91552
sz000679,000679,大连友谊,6.260,-0.07,-1.106,6.250,6.260,6.330,6.320,6.400,6.230,3836100,24226026,15:09:00,-23.185,15.426,223106.4,223106.4,1.07635
sz000680,000680,山推股份,10.410,-0.41,-3.789,10.400,10.410,10.820,10.890,10.890,10.330,31782903,334359470,15:09:00,12.861,2.341,1561648.459092,1368467.939427,2.41774
sz000681,000681,视觉中国,18.180,-0.18,-0.98,18.170,18.180,18.360,18.460,19.270,18.170,48468707,906084082,15:08:00,153.03,3.322,1273649.778648,1229213.508174,7.1685
sz000682,000682,东方电子,11.910,-0.04,-0.335,11.900,11.910,11.950,11.980,12.090,11.870,16816620,201263741,15:08:45,17.51,2.596,1596805.865337,1596653.729379,1.25441
sz000683,000683,博源化工,5.800,-0.21,-3.494,5.790,5.800,6.010,5.980,6.000,5.770,111971468,654823319,15:09:00,23.2,1.748,2155762.3048,1936368.14834,3.35388
sz000685,000685,中山公用,11.150,-0.04,-0.357,11.150,11.160,11.190,11.190,11.280,11.140,10327696,115690020,15:07:30,8.711,0.851,1636520.20995,1389938.8631,0.82848
sz000686,000686,东北证券,8.130,0.07,0.868,8.120,8.130,8.060,8.080,8.200,8.030,25769642,210015874,15:08:00,13.113,0.921,1902788.219895,1902788.219895,1.10105
sz000688,000688,国城矿业,31.980,-0.48,-1.479,31.970,31.980,32.460,32.300,32.620,31.380,28091315,894720268,15:09:00,33.065,12.63,3789846.523788,3789832.708428,2.37045
sz000690,000690,宝新能源,4.810,0.01,0.208,4.810,4.820,4.800,4.780,4.830,4.760,49302550,236702957,15:09:00,10.234,0.8,1046602.061622,1045919.2042,2.26734
sz000691,000691,亚太实业,10.660,0.01,0.094,10.660,10.680,10.650,10.760,10.850,10.540,10239000,109649773,15:08:15,-96.209,11.366,516908.73,344605.82,3.16732
sz000692,000692,惠天热电,4.880,0.44,9.91,4.880,0.000,4.440,4.360,4.880,4.280,45535848,211175964,15:09:00,-48.606,14.023,260022.492288,260022.492288,8.54599
sz000695,000695,滨海能源,14.390,1.31,10.015,14.390,0.000,13.080,13.120,14.390,13.050,17115793,238451984,15:08:15,-36.274,9.597,333491.328021,319186.229021,7.71638
sz000697,000697,炼石航空,8.730,-0.16,-1.8,8.730,8.740,8.890,8.880,8.950,8.700,5223887,46062000,15:09:00,-17.104,3.617,1218785.0859,570162.714804,0.79985
sz000698,000698,ST沈化,3.450,-0.05,-1.429,3.450,3.470,3.500,3.500,3.520,3.450,4196700,14602943,15:07:30,-265.385,2.034,282732.466275,271071.466275,0.53413
sz000700,000700,模塑科技,11.900,-0.02,-0.168,11.900,11.910,11.920,11.890,12.200,11.820,42938549,515685252,15:08:15,22.624,2.756,1092438.31291,1092438.31291,4.67732
sz000701,000701,厦门信达,5.090,-0.04,-0.78,5.090,5.100,5.130,5.150,5.190,5.080,9716400,49860501,15:08:45,-31.17,-5.546,340171.370954,339883.035179,1.4551
sz000702,000702,正虹科技,5.420,-0.06,-1.095,5.420,5.430,5.480,5.470,5.500,5.390,4751796,25918343,15:09:00,-131.553,5.666,187870.721816,187870.721816,1.37088
sz000703,000703,恒逸石化,16.830,-0.32,-1.866,16.820,16.830,17.150,17.160,17.470,16.770,70424220,1202222547,15:09:00,210.375,2.157,6431689.093401,6399422.196651,1.8521
sz000705,000705,浙江震元,6.960,-0.06,-0.855,6.950,6.960,7.020,7.020,7.090,6.820,7356300,51339961,15:08:30,99.429,1.196,232549.807056,196247.901696,2.60894
sz000707,000707,双环科技,4.550,-0.07,-1.515,4.550,4.560,4.620,4.630,4.640,4.540,6609451,30208090,15:08:45,-26.331,0.962,266046.322815,250570.132995,1.20018
sz000708,000708,中信特钢,13.690,-0.09,-0.653,13.680,13.690,13.780,13.780,13.790,13.600,9515599,130147335,15:09:00,11.701,1.549,6909560.161732,6909529.359232,0.18853
sz000709,000709,河钢股份,2.090,-0.05,-2.336,2.090,2.100,2.140,2.130,2.140,2.090,80581967,169497981,15:08:15,26.864,0.415,2160458.308228,2160101.191182,0.77967
sz000710,000710,贝瑞基因,9.610,0.15,1.586,9.610,9.620,9.460,9.410,9.660,9.320,31346378,298314087,15:09:00,-17.259,2.338,339734.127865,316678.256003,9.51245
sz000711,000711,ST京蓝,6.050,-0.04,-0.657,6.040,6.050,6.090,6.140,6.390,5.910,144164237,880952724,15:08:45,-82.09,26.985,1786517.944915,1440678.928425,6.05405
sz000712,000712,锦龙股份,9.540,-0.13,-1.344,9.530,9.540,9.670,9.690,9.780,9.520,46578816,448260588,15:08:45,29.813,3.2,854784.0,854530.35525,5.20007
sz000713,000713,国投丰乐,5.750,-0.07,-1.203,5.750,5.760,5.820,5.800,5.830,5.720,4859838,28041558,15:08:15,53.488,1.467,458976.19755,353058.6135,0.79149
sz000715,000715,中兴商业,5.260,-0.16,-2.952,5.250,5.260,5.420,5.430,5.580,5.190,40446054,215810808,15:08:45,25.048,1.397,284268.611172,255821.64118,8.31619
sz000716,000716,黑芝麻,4.880,-0.04,-0.813,4.870,4.880,4.920,4.910,4.960,4.830,16702400,81849194,15:08:45,-75.542,1.453,367407.4164,359033.378856,2.2702
sz000717,000717,中南股份,2.210,-0.02,-0.897,2.210,2.220,2.230,2.240,2.240,2.200,16345517,36267702,15:09:00,-4.644,0.801,535669.87539,535606.973265,0.67444
sz000718,000718,苏宁环球,1.930,-0.04,-2.03,1.930,1.940,1.970,1.990,1.990,1.920,28429578,55263713,15:08:45,316.393,0.64,585684.822112,440393.145996,1.24591
sz000719,000719,中原传媒,12.150,0.04,0.33,12.130,12.150,12.110,12.080,12.290,12.050,2747930,33432721,15:08:30,9.067,1.004,1243192.555035,810584.264745,0.41189
sz000720,000720,新能泰山,3.940,-0.1,-2.475,3.940,3.950,4.040,4.000,4.100,3.920,137285491,549462193,15:08:45,-10.786,2.632,495073.438974,495073.438974,10.92575
sz000721,000721,西安饮食,6.640,-0.15,-2.209,6.630,6.640,6.790,6.790,6.800,6.640,11420489,76523380,15:08:15,-26.049,30.045,381079.100512,340207.244512,2.229
sz000722,000722,湖南发展,13.600,-0.04,-0.293,13.600,13.610,13.640,13.620,13.880,13.560,18845951,258907019,15:08:45,85.0,2.453,777042.51032,631255.26352,4.06024
sz000723,000723,美锦能源,3.620,0,0,3.610,3.620,3.620,3.610,3.680,3.570,55485205,201714361,15:08:30,-14.48,1.291,1594067.818844,1591053.727204,1.26241
sz000725,000725,京东方Ａ,5.860,-0.07,-1.18,5.850,5.860,5.930,6.000,6.050,5.850,1495079422,8924981140,15:09:00,36.625,1.595,21707976.245504,20725140.592562,4.22731
sz000726,000726,鲁 泰Ａ,5.890,-0.04,-0.675,5.880,5.890,5.930,5.930,5.950,5.880,4575700,27036392,15:09:00,8.068,0.491,481522.582523,347091.13265,0.77648
sz000727,000727,冠捷科技,2.230,-0.04,-1.762,2.230,2.240,2.270,2.280,2.310,2.230,89378500,202081650,15:08:45,-12.875,5.603,1010093.43654,1010093.43654,1.97322
sz000728,000728,国元证券,7.230,0.01,0.139,7.220,7.230,7.220,7.240,7.300,7.200,20685725,150111485,15:08:30,12.911,0.812,3155011.415193,3155011.415193,0.47403
sz000729,000729,燕京啤酒,12.760,-0.09,-0.7,12.760,12.770,12.850,12.840,12.920,12.730,14109900,180869822,15:08:45,21.409,2.284,3596456.199116,3202258.107092,0.56224
sz000731,000731,四川美丰,5.860,-0.07,-1.18,5.860,5.870,5.930,5.920,5.970,5.810,5331697,31316737,15:09:00,-26.709,0.842,321611.9774,321611.9774,0.97147
sz000733,000733,振华科技,40.870,-0.49,-1.185,40.860,40.870,41.360,41.560,42.190,40.860,15338925,637488823,15:08:45,22.087,1.437,2264890.464497,2264585.165597,2.76829
sz000735,000735,罗 牛 山,5.220,-0.06,-1.136,5.210,5.220,5.280,5.260,5.290,5.170,23928801,125223561,15:08:30,39.101,1.442,601090.087716,600768.503874,2.07914
sz000736,000736,中交发展,4.620,-0.33,-6.667,4.620,4.630,4.950,4.860,4.930,4.620,40388432,190408681,15:08:45,-2.017,2.848,345159.461262,345159.461262,5.40604
sz000737,000737,北方铜业,13.600,-0.55,-3.887,13.600,13.610,14.150,14.180,14.190,13.580,52132733,721868877,15:09:00,32.771,3.484,2590414.3516,2590173.3936,2.73729
sz000738,000738,航发控制,18.290,-0.32,-1.72,18.280,18.290,18.610,18.620,18.940,18.260,10849857,200926165,15:09:00,73.16,1.91,2405471.537829,2405471.537829,0.82497
sz000739,000739,普洛药业,22.810,0.47,2.104,22.810,22.820,22.340,22.000,23.640,21.990,42699248,980634681,15:09:00,29.535,4.027,2642409.796856,2641351.748163,3.68739
sz000750,000750,国海证券,3.780,0,0,3.780,3.790,3.780,3.780,3.840,3.780,49118435,187097398,15:09:00,31.5,1.057,2413973.952306,2190965.103306,0.84742
sz000751,000751,锌业股份,5.010,-0.19,-3.654,5.000,5.010,5.200,5.220,5.250,5.010,65444560,334758452,15:09:00,125.25,2.191,809430.928095,809430.66507,4.05071
sz000752,000752,*ST西发,8.980,-0.18,-1.965,8.980,9.000,9.160,9.120,9.160,8.980,2371600,21425368,15:08:15,16.447,3.813,236855.124918,236855.124918,0.89916
sz000753,000753,漳州发展,4.770,-0.14,-2.851,4.760,4.770,4.910,4.910,4.910,4.770,15885926,76623243,15:08:30,101.489,1.719,472936.470867,472936.470867,1.60224
sz000755,000755,山西高速,4.650,-0.03,-0.641,4.640,4.650,4.680,4.680,4.700,4.630,2732500,12727162,15:08:45,14.664,1.212,682299.24114,682299.24114,0.18623
sz000756,000756,新华制药,14.030,0.05,0.358,14.020,14.030,13.980,13.890,14.200,13.720,16114289,225807454,15:09:00,33.405,1.827,977446.859305,699955.733333,3.22997
sz000757,000757,浩物股份,4.340,-0.11,-2.472,4.330,4.340,4.450,4.450,4.460,4.320,10797000,47252225,15:08:15,48.222,1.439,231198.78523,231198.78523,2.02678
sz000758,000758,中色股份,5.960,-0.2,-3.247,5.960,5.970,6.160,6.150,6.170,5.950,35494541,214541568,15:08:45,24.958,1.903,1186302.19828,1181720.8327,1.79016
sz000759,000759,中百集团,7.350,0.23,3.23,7.340,7.350,7.120,7.120,7.350,7.010,112556800,813157189,15:09:00,-5.034,6.727,486910.73865,481943.928375,17.16574
sz000761,000761,本钢板材,2.290,-0.05,-2.137,2.290,2.300,2.340,2.350,2.360,2.260,17670694,40523778,15:09:00,-2.385,1.588,940821.333358,849221.333358,0.47651
sz000762,000762,西藏矿业,23.420,-0.49,-2.049,23.420,23.430,23.910,23.900,23.930,23.420,15757556,372074006,15:09:00,-390.333,4.081,1219758.66008,1219715.047356,3.02564
sz000766,000766,通化金马,17.070,-0.03,-0.175,17.060,17.070,17.100,17.010,17.450,16.930,22066985,379891902,15:08:30,426.75,7.112,1649806.464849,1648975.111467,2.28435
sz000767,000767,晋控电力,4.150,0.24,6.138,4.140,4.150,3.910,3.880,4.230,3.840,358543740,1433728160,15:09:00,-324.219,2.114,1276931.020885,1208582.27094,12.31159
sz000768,000768,中航西飞,20.890,-0.11,-0.524,20.880,20.890,21.000,21.140,21.250,20.850,19382186,407895436,15:08:15,50.349,2.578,5808694.572015,5799928.864801,0.6981
sz000776,000776,广发证券,21.240,0.09,0.426,21.240,21.250,21.150,21.140,21.690,21.110,73027587,1565708952,15:09:00,12.643,1.206,16619971.865364,12540200.736564,1.23691
sz000777,000777,中核科技,17.620,-0.1,-0.564,17.620,17.630,17.720,17.730,17.930,17.600,7951802,141268339,15:08:30,40.045,2.75,675581.798866,675569.877174,2.07396
sz000778,000778,新兴铸管,3.730,-0.04,-1.061,3.730,3.740,3.770,3.770,3.790,3.720,47209521,176820379,15:08:45,15.613,0.555,1478266.992305,1452283.10547,1.21252
sz000779,000779,甘咨询,10.730,-1.19,-9.983,0.000,10.730,11.920,11.500,11.530,10.730,116136179,1285041787,15:09:00,33.479,1.251,498762.001996,498701.434365,24.98772
sz000782,000782,恒申新材,7.600,-0.16,-2.062,7.590,7.600,7.760,7.750,7.850,7.590,17786245,137415203,15:08:15,-34.545,3.227,521801.94684,401386.11348,3.36772
sz000783,000783,长江证券,9.150,0.28,3.157,9.150,9.160,8.870,8.930,9.390,8.880,202919060,1870101552,15:09:00,14.524,1.374,5060016.74742,5060016.74742,3.66937
sz000785,000785,居然智家,2.270,-0.04,-1.732,2.270,2.280,2.310,2.310,2.320,2.260,55344300,126585135,15:08:00,-13.353,0.739,1413540.080778,1317617.387214,0.95348
sz000786,000786,北新建材,18.730,-0.33,-1.731,18.730,18.740,19.060,19.060,19.060,18.540,18323901,343120295,15:08:30,10.909,1.141,3188288.106666,3164448.188066,1.08457
sz000788,000788,北大医药,5.790,0.1,1.757,5.790,5.800,5.690,5.630,5.860,5.460,45745355,260695572,15:08:00,41.625,2.318,345076.719075,345076.719075,7.67556
sz000789,000789,万年青,4.110,-0.07,-1.675,4.100,4.110,4.180,4.150,4.180,4.080,3807651,15658765,15:08:30,108.73,0.508,327739.708365,327739.708365,0.4775
sz000790,000790,华神科技,4.150,0.05,1.22,4.140,4.160,4.100,4.090,4.210,4.000,21499999,88850941,15:08:45,-8.137,3.604,258843.53606,258385.06481,3.45318
sz000791,000791,甘肃能源,7.890,0.08,1.024,7.880,7.890,7.810,7.820,7.950,7.750,33033294,260411570,15:08:30,12.476,1.646,2559389.556438,1527213.873654,1.70659
sz000792,000792,盐湖股份,27.650,-1.41,-4.852,27.640,27.650,29.060,28.880,28.890,27.550,97714145,2743826942,15:09:00,17.263,3.274,14631198.075865,14631067.650815,1.84662
sz000793,000793,ST华闻,2.190,-0.04,-1.794,2.190,2.200,2.230,2.220,2.220,2.190,12803410,28263620,15:08:45,-28.005,312.857,962272.861095,583569.992697,0.48048
sz000795,000795,英洛华,8.410,-0.16,-1.867,8.410,8.420,8.570,8.570,8.590,8.410,13508300,114674052,15:08:30,36.918,3.453,938766.850474,938765.431707,1.21015
sz000796,000796,凯撒旅业,3.880,-0.08,-2.02,3.870,3.880,3.960,3.960,3.990,3.870,28911000,113007876,15:09:00,194.0,6.85,622270.099408,516335.63078,2.17251
sz000797,000797,中国武夷,2.410,-0.08,-3.213,2.410,2.420,2.490,2.490,2.500,2.410,28610228,69781801,15:09:00,-8.397,0.818,378551.766297,378494.241766,1.82171
sz000798,000798,中水渔业,8.400,0.03,0.358,8.390,8.400,8.370,8.350,8.460,8.240,8598400,72033882,15:08:15,36.697,7.587,307321.31808,307302.41808,2.35034
sz000799,000799,酒鬼酒,41.570,0.07,0.169,41.570,41.580,41.500,41.690,42.780,41.450,14239188,599271831,15:09:00,-397.799,3.582,1350729.76986,1350601.94211,4.38266
sz000800,000800,一汽解放,6.080,-0.1,-1.618,6.080,6.090,6.180,6.160,6.170,6.080,11944500,73093889,15:09:00,41.304,1.13,2992138.8328,2991869.615264,0.24273
sz000801,000801,四川九洲,11.330,-0.16,-1.393,11.330,11.340,11.490,11.550,11.590,11.330,8570200,98349390,15:09:00,64.558,3.696,1151495.951947,1151091.906019,0.84355
sz000802,000802,北京文化,6.260,0.57,10.018,6.260,0.000,5.690,6.260,6.260,6.150,136005090,851181588,15:08:45,-11.006,7.341,448153.55963,447930.54713,19.00723
sz000803,000803,山高环能,7.150,-0.15,-2.055,7.140,7.150,7.300,7.290,7.350,7.140,10140502,73221940,15:08:45,119.167,2.238,333401.749395,328748.2627,2.20547
sz000807,000807,云铝股份,25.890,-1.55,-5.649,25.890,25.900,27.440,26.900,27.060,25.830,136935475,3603512713,15:09:00,14.794,2.518,8978541.721545,8978447.730489,3.94863
sz000809,000809,和展能源,3.520,0.03,0.86,3.520,3.530,3.490,3.530,3.600,3.470,16544100,58625473,15:08:15,-44.0,1.093,290326.535136,290326.535136,2.00585
sz000810,000810,创维数字,9.580,-0.2,-2.045,9.580,9.590,9.780,9.800,9.870,9.570,16236149,157870102,15:07:45,60.787,1.673,1101887.364682,1063960.71565,1.46192
sz000811,000811,冰轮环境,40.890,-1.33,-3.15,40.890,40.900,42.220,42.640,43.980,40.870,39152295,1664845143,15:09:00,71.737,6.212,4058242.480665,4000659.939609,4.00168
sz000812,000812,陕西金叶,3.610,-0.03,-0.824,3.610,3.620,3.640,3.640,3.670,3.590,16285512,59203887,15:09:00,-12.204,1.83,273035.558507,272803.908417,2.15505
sz000813,000813,德展健康,3.620,0,0,3.610,3.620,3.620,3.610,3.700,3.500,56575236,204910125,15:07:45,-22.168,1.65,759152.20548,759027.31548,2.69822
sz000815,000815,美利云,18.360,-0.37,-1.975,18.350,18.360,18.730,19.220,19.680,18.300,161864914,3078638834,15:09:00,191.649,9.073,1276502.93226,1276502.93226,23.2811
sz000816,000816,智慧农业,2.750,-0.08,-2.827,2.740,2.750,2.830,2.830,2.840,2.740,33229148,91905583,15:08:45,-58.14,2.041,397928.66245,395864.9948,2.30837
sz000818,000818,航锦科技,13.480,-0.4,-2.882,13.470,13.480,13.880,14.150,14.220,13.480,25166912,346730198,15:08:15,-58.609,4.071,889680.052572,887269.019772,3.82353
sz000819,000819,岳阳兴长,11.740,-0.08,-0.677,11.740,11.750,11.820,11.800,11.920,11.720,3861351,45633371,15:08:15,-83.857,2.087,433798.290044,429707.604444,1.05496
sz000820,000820,神雾节能,3.740,-0.27,-6.733,3.740,3.750,4.010,3.960,4.000,3.740,47268201,181147611,15:09:00,-37.664,28.12,241811.636946,111065.611998,15.91699
sz000821,000821,ST京机,7.200,-0.2,-2.703,7.200,7.220,7.400,7.410,7.430,7.200,6636200,48513528,15:08:45,22.5,1.075,448469.84016,435348.55008,1.09753
sz000822,000822,山东海化,4.300,-0.1,-2.273,4.300,4.310,4.400,4.400,4.410,4.300,11867094,51461342,15:09:00,-2.774,1.029,384889.52818,384889.52818,1.3258
sz000823,000823,超声电子,14.620,-0.4,-2.663,14.610,14.620,15.020,15.180,15.300,14.610,44314129,665427877,15:09:00,35.288,1.815,869824.079882,869790.828154,7.4486
sz000825,000825,太钢不锈,3.450,-0.05,-1.429,3.450,3.460,3.500,3.500,3.500,3.450,24355051,84420160,15:09:00,383.333,0.601,1965205.48962,1965205.48962,0.42756
sz000826,000826,*ST启环,1.880,0.15,8.671,1.870,1.880,1.730,1.780,1.900,1.780,60605500,113264392,15:08:30,-0.837,-1.071,267966.410624,267929.165004,4.25255
sz000828,000828,东莞控股,9.850,-0.05,-0.505,9.830,9.850,9.900,9.910,9.920,9.810,4389854,43255418,15:09:00,12.434,0.978,1023924.23712,1023924.23712,0.4223
sz000829,000829,天音控股,8.400,-0.28,-3.226,8.390,8.400,8.680,8.730,8.760,8.380,26578996,227455177,15:09:00,-400.0,2.971,861084.36792,860268.92196,2.59528
sz000830,000830,鲁西化工,11.960,-0.51,-4.09,11.950,11.960,12.470,12.470,12.480,11.930,56833500,686134864,15:08:45,25.126,1.175,2277565.537156,2277394.799784,2.98468
sz000831,000831,中国稀土,55.410,-1.17,-2.068,55.410,55.420,56.580,56.500,56.800,55.410,28785446,1614226840,15:09:00,340.775,11.615,5880224.491587,5880224.491587,2.71248
sz000833,000833,粤桂股份,20.480,0.07,0.343,20.470,20.480,20.410,20.500,20.880,20.340,21563191,444552362,15:08:30,34.225,3.953,1642664.388608,929181.749248,4.75272
sz000837,000837,秦川机床,10.660,-0.54,-4.821,10.650,10.660,11.200,11.010,11.030,10.630,52968829,572912820,15:09:00,205.0,2.214,1090673.462242,1073891.957242,5.25796
sz000838,000838,*ST发展,2.930,0.05,1.736,2.920,2.930,2.880,3.000,3.170,2.840,104932308,316725569,15:08:15,-5.117,-15.026,322435.41581,308753.395515,9.95784
sz000839,000839,国安股份,2.770,-0.14,-4.811,2.770,2.780,2.910,2.900,2.900,2.760,117152010,330343491,15:09:00,115.417,6.991,1085791.899504,1085791.899504,2.9887
sz000848,000848,承德露露,8.570,-0.13,-1.494,8.570,8.580,8.700,8.750,8.760,8.570,16178994,139865639,15:08:15,14.283,2.355,874140.063418,866550.471418,1.60007
sz000850,000850,华茂股份,4.050,-0.08,-1.937,4.050,4.060,4.130,4.130,4.140,4.050,8316115,34036580,15:08:15,17.609,0.854,382184.328645,382067.022015,0.88153
sz000852,000852,石化机械,5.230,-0.09,-1.692,5.230,5.240,5.320,5.320,5.340,5.210,9210537,48419594,15:08:30,458.772,1.599,499867.781128,496985.390579,0.96927
sz000856,000856,冀东装备,7.910,-0.15,-1.861,7.910,7.920,8.060,8.060,8.120,7.900,3137200,25090921,15:08:45,68.783,4.292,179557.0,179557.0,1.38203
sz000858,000858,五 粮 液,75.120,-0.16,-0.213,75.110,75.120,75.280,75.000,76.130,74.890,32512042,2454570236,15:08:30,32.565,2.278,29158639.33356,29157928.593192,0.83761
sz000859,000859,国风新材,9.760,-0.44,-4.314,9.760,9.770,10.200,10.310,10.370,9.740,106101878,1061380473,15:09:00,-122.0,3.242,874472.840496,874423.064496,11.84272
sz000860,000860,顺鑫农业,10.820,-0.1,-0.916,10.810,10.820,10.920,10.880,11.010,10.800,10015282,109103737,15:08:30,-52.678,1.169,802591.882098,802591.882098,1.35019
sz000862,000862,银星能源,5.620,-0.08,-1.404,5.620,5.630,5.700,5.680,5.720,5.580,27178500,153257181,15:08:30,116.116,1.187,515890.539152,352917.503456,4.32801
sz000863,000863,三湘印象,4.200,-0.23,-5.192,4.190,4.200,4.430,4.460,4.460,4.180,22271078,95469623,15:09:00,-38.182,1.139,495893.8152,488550.62256,1.91461
sz000868,000868,安凯客车,3.690,-0.03,-0.806,3.680,3.690,3.720,3.720,3.750,3.670,9540795,35383833,15:08:15,-61.5,4.318,346680.937215,346651.290279,1.01559
sz000869,000869,张 裕Ａ,17.570,0,0,17.470,17.570,17.570,17.570,17.660,17.370,901493,15801635,15:08:30,159.727,1.101,1154770.904896,799421.989415,0.19813
sz000875,000875,电投绿能,5.170,-0.05,-0.958,5.170,5.180,5.220,5.190,5.220,5.130,43545095,225276738,15:08:00,36.929,1.067,1875298.913642,1728010.132739,1.30282
sz000876,000876,新 希 望,6.970,-0.03,-0.429,6.970,6.980,7.000,6.980,7.020,6.900,28091700,195601110,15:08:45,-17.0,1.666,3138434.471225,3136504.555592,0.62426
sz000877,000877,天山股份,3.750,-0.06,-1.575,3.750,3.760,3.810,3.830,3.840,3.750,12065400,45571575,15:08:15,-3.657,0.361,2666434.38525,2666433.82275,0.16968
sz000878,000878,云南铜业,16.030,-0.65,-3.897,16.020,16.030,16.680,16.620,16.720,16.020,41468827,677221768,15:09:00,27.835,2.11,3887570.01612,3211804.15843,2.06969
sz000880,000880,潍柴重机,24.510,0.12,0.492,24.510,24.520,24.390,24.600,25.710,24.300,23007648,577661590,15:08:45,47.135,5.268,1136893.50684,556442.6868,10.13433
sz000881,000881,中广核技,6.490,-0.09,-1.368,6.490,6.500,6.580,6.610,6.610,6.490,7576000,49610678,15:09:00,-21.37,1.233,613581.353935,586522.295799,0.8383
sz000882,000882,华联股份,1.470,-0.02,-1.342,1.470,1.480,1.490,1.490,1.500,1.460,78017900,115413954,15:08:15,-13.687,0.615,402390.736209,402094.412727,2.85222
sz000883,000883,湖北能源,4.570,-0.01,-0.218,4.560,4.570,4.580,4.570,4.590,4.540,24111200,109982443,15:08:30,15.759,0.856,3235280.14691,2961170.552478,0.37211
sz000885,000885,城发环境,12.750,-0.1,-0.778,12.740,12.750,12.850,12.860,12.890,12.740,2787900,35614791,15:08:45,6.623,0.836,818649.775125,818649.775125,0.4342
sz000886,000886,海南高速,4.530,-0.08,-1.735,4.530,4.540,4.610,4.620,4.630,4.520,15629417,71328300,15:09:00,29.038,1.41,447939.2199,442955.924544,1.59838
sz000887,000887,中鼎股份,23.690,2.15,9.981,23.690,0.000,21.540,23.680,23.690,23.270,76987448,1823019822,15:09:00,19.579,2.128,3118764.210643,3113743.970352,5.85736
sz000888,000888,峨眉山Ａ,9.740,-0.12,-1.217,9.740,9.750,9.860,9.800,9.880,9.730,6302592,61759829,15:08:30,23.324,1.883,513213.361348,513213.361348,1.19613
sz000889,000889,中嘉博创,4.110,0.03,0.735,4.100,4.110,4.080,4.180,4.480,4.100,115786441,491324558,15:09:00,-145.23,55.391,384815.648676,357506.355006,13.31116
sz000890,000890,法尔胜,7.430,-0.24,-3.129,7.430,7.440,7.670,7.700,7.870,7.420,12374700,93788299,15:09:00,-46.438,159.442,311691.448224,311681.847178,2.94993
sz000892,000892,欢瑞世纪,4.080,-0.17,-4,4.080,4.090,4.250,4.260,4.310,4.080,59988700,251528042,15:08:45,-15.698,6.624,400240.032984,290021.273232,8.43917
sz000893,000893,亚钾国际,45.860,-1.34,-2.839,45.820,45.860,47.200,46.960,47.190,45.740,12748290,588527970,15:09:00,25.048,3.05,4237698.743582,3722943.801864,1.57036
sz000895,000895,双汇发展,24.670,0.04,0.162,24.650,24.670,24.630,24.640,24.720,24.400,9966128,245111252,15:08:00,16.745,3.772,8547319.212471,8546204.755089,0.28769
sz000897,000897,津滨发展,1.790,-0.03,-1.648,1.790,1.800,1.820,1.840,1.850,1.790,36499500,65960221,15:09:00,-67.041,0.962,289491.729886,289486.073486,2.2569
sz000898,000898,鞍钢股份,1.980,-0.03,-1.493,1.970,1.980,2.010,2.010,2.010,1.970,30164960,59825876,15:08:15,-4.562,0.437,1855105.809084,1575580.051584,0.37908
sz000899,000899,赣能股份,10.710,-0.04,-0.372,10.700,10.710,10.750,10.750,10.840,10.650,15453870,166196429,15:07:45,10.398,1.57,1044950.88096,1044950.88096,1.58391
sz000900,000900,现代投资,3.670,-0.03,-0.811,3.660,3.670,3.700,3.700,3.710,3.660,8203544,30239759,15:08:45,15.324,0.498,557042.998578,557009.968578,0.54051
sz000901,000901,航天科技,14.730,-0.19,-1.273,14.720,14.730,14.920,14.960,15.060,14.720,12046942,179208055,15:08:45,167.386,2.768,1175750.671038,1175738.850213,1.50928
sz000902,000902,新洋丰,13.050,-0.22,-1.658,13.040,13.050,13.270,13.370,13.380,13.000,10811853,141704153,15:08:45,10.195,1.331,1637427.980925,1491332.163435,0.9461
sz000903,000903,ST云动,1.880,-0.04,-2.083,1.880,1.890,1.920,1.920,1.940,1.870,14566114,27636327,15:07:45,-3.686,5.914,363750.74908,361009.189824,0.75855
sz000905,000905,厦门港务,8.500,-0.2,-2.299,8.500,8.510,8.700,8.760,8.760,8.490,7645700,65580153,15:08:45,30.653,1.43,1310961.72605,630536.45745,1.03069
sz000906,000906,浙商中拓,5.370,-0.1,-1.828,5.370,5.380,5.470,5.470,5.470,5.370,5689000,30744450,15:08:30,20.654,0.77,381089.127123,376565.753268,0.81128
sz000908,000908,石药景峰,7.030,0,0,7.020,7.030,7.030,7.000,7.240,6.980,41114600,292460635,15:09:00,-76.496,5.926,1236962.737506,618481.368753,4.67331
sz000909,000909,*ST数源,4.260,-0.12,-2.74,4.260,4.280,4.380,4.400,4.400,4.260,2793000,12106899,15:07:45,-4.266,3.084,186466.26837,186464.70282,0.63809
sz000910,000910,大亚圣象,5.380,-0.04,-0.738,5.370,5.380,5.420,5.440,5.440,5.330,4248200,22860952,15:08:45,269.0,0.449,294499.855,294383.378,0.77638
sz000911,000911,*ST广糖,4.500,-0.26,-5.462,4.500,4.510,4.760,4.660,4.660,4.490,7728402,35249222,15:09:00,-14.975,-21.877,180143.9181,180143.9181,1.93056
sz000912,000912,泸天化,3.650,-0.05,-1.351,3.640,3.650,3.700,3.700,3.710,3.600,19313500,70379277,15:09:00,182.5,0.902,572320.0,572320.0,1.23173
sz000913,000913,钱江摩托,11.440,-0.14,-1.209,11.430,11.440,11.580,11.580,11.630,11.350,5724700,65660911,15:08:30,6.126,1.13,602214.184,594997.4602,1.10069
sz000915,000915,华特达因,25.950,0.09,0.348,25.940,25.970,25.860,25.850,26.150,25.620,2251423,58507698,15:08:45,11.382,2.046,608090.203575,607703.418825,0.9614
sz000917,000917,电广传媒,7.340,-0.11,-1.477,7.340,7.350,7.450,7.610,7.880,7.340,64008064,486129001,15:08:15,75.67,1.011,1040486.352092,1040415.172442,4.51569
sz000919,000919,金陵药业,6.670,0.04,0.603,6.660,6.670,6.630,6.590,6.760,6.480,19040100,126707574,15:08:15,76.932,1.09,414823.660176,414718.407576,3.06226
sz000920,000920,沃顿科技,11.550,-0.27,-2.284,11.550,11.560,11.820,11.880,11.900,11.510,8819512,103669647,15:08:45,24.574,2.714,545877.39129,545851.40379,1.86617
sz000921,000921,海信家电,27.380,-0.31,-1.12,27.380,27.390,27.690,27.500,27.850,27.280,11174837,307641749,15:09:00,11.751,2.05,3791749.886198,2529262.877698,1.20971
sz000922,000922,佳电股份,11.770,-0.29,-2.405,11.760,11.770,12.060,12.000,12.100,11.760,8828658,105442799,15:09:00,31.811,2.093,981597.030568,829701.671931,1.25242
sz000923,000923,河钢资源,14.250,-0.71,-4.746,14.250,14.290,14.960,14.940,14.960,14.250,15631914,227328102,15:08:15,16.398,0.926,930138.769425,894759.42945,2.48955
sz000925,000925,众合科技,7.680,-0.04,-0.518,7.680,7.690,7.720,7.750,7.920,7.670,25956477,202904400,15:09:00,-85.333,1.613,519452.050944,515445.072384,3.86745
sz000926,000926,福星股份,2.200,-0.1,-4.348,2.200,2.210,2.300,2.320,2.320,2.190,38844212,86412242,15:08:30,-0.849,0.67,350452.25028,346106.0119,2.46911
sz000927,000927,中国铁物,2.430,-0.04,-1.619,2.430,2.440,2.470,2.470,2.480,2.430,40307400,98638082,15:08:45,25.525,1.493,1470235.934763,1470235.191183,0.6662
sz000928,000928,中钢国际,5.020,-0.06,-1.181,5.020,5.030,5.080,5.080,5.100,5.010,11794963,59440390,15:08:15,14.843,0.838,720191.599742,720182.789642,0.82216
sz000929,000929,兰州黄河,8.880,-0.17,-1.878,8.880,8.890,9.050,9.040,9.090,8.860,2298233,20639926,15:08:30,-17.994,4.73,164960.208,164949.750024,1.23724
sz000930,000930,中粮科技,4.710,-0.08,-1.67,4.710,4.720,4.790,4.800,4.800,4.670,16834500,79327634,15:08:15,227.536,0.84,874384.368516,874339.94568,0.90686
sz000931,000931,中 关 村,4.250,0.03,0.711,4.250,4.260,4.220,4.200,4.310,4.160,11066532,46968853,15:09:00,66.824,1.977,320078.96735,319187.5511,1.47351
sz000932,000932,华菱钢铁,3.590,-0.11,-2.973,3.580,3.590,3.700,3.690,3.690,3.590,81706500,296228336,15:08:30,9.465,0.441,2460086.68844,2460086.68844,1.19234
sz000933,000933,神火股份,25.900,-1.34,-4.919,25.900,25.910,27.240,26.750,26.890,25.880,75964167,1996237581,15:09:00,14.309,2.104,5824921.39341,5821204.89881,3.37984
sz000935,000935,四川双马,23.090,-0.18,-0.774,23.080,23.090,23.270,23.320,23.580,23.020,4709007,109791505,15:08:45,59.205,2.251,1762783.728897,1762783.728897,0.61681
sz000936,000936,华西股份,6.340,0.58,10.069,6.340,0.000,5.760,6.330,6.340,6.330,25893074,164090241,15:09:00,79.25,1.1,561732.170358,561652.571658,2.92284
sz000937,000937,冀中能源,4.650,-0.04,-0.853,4.640,4.650,4.690,4.700,4.700,4.620,11378913,52925915,15:08:15,26.817,0.936,1807409.213775,1756181.070525,0.30129
sz000938,000938,紫光股份,39.600,2.6,7.027,39.600,39.610,37.000,37.900,40.700,37.890,417721369,16460897925,15:09:00,67.198,7.294,11325916.30104,11325887.78904,14.60527
sz000948,000948,南天信息,14.460,-0.54,-3.6,14.450,14.460,15.000,15.080,15.130,14.450,16349340,241284155,15:08:45,154.818,2.081,563779.167204,562709.874786,4.2013
sz000949,000949,新乡化纤,6.350,-0.13,-2.006,6.340,6.350,6.480,6.480,6.520,6.310,33962311,216984286,15:09:00,53.138,1.545,1052131.45047,1051878.48298,2.05024
sz000950,000950,重药控股,5.720,0.06,1.06,5.720,5.730,5.660,5.610,5.790,5.520,48883056,278883927,15:08:15,26.0,0.837,979709.070912,979709.070912,2.85402
sz000951,000951,中国重汽,20.810,-0.31,-1.468,20.810,20.820,21.120,21.050,21.220,20.810,6344413,132983508,15:07:45,14.655,1.463,2432678.493031,2432678.493031,0.54272
sz000952,000952,广济药业,6.350,-0.09,-1.398,6.350,6.360,6.440,6.410,6.500,6.250,9301300,59428610,15:08:45,-5.468,3.503,218439.961265,218436.529725,2.70391
sz000953,000953,中哲精化,6.260,0.01,0.16,6.260,6.270,6.250,6.290,6.380,6.160,9185600,57806979,15:09:00,313.0,14.848,229192.49407,229192.49407,2.50889
sz000955,000955,欣龙控股,4.300,-0.07,-1.602,4.300,4.310,4.370,4.360,4.420,4.300,11108800,48345348,15:08:15,3307.692,3.572,231509.85,231474.53625,2.06363
sz000957,000957,中通客车,10.210,-0.2,-1.921,10.210,10.220,10.410,10.430,10.490,10.180,8995255,92756048,15:08:30,15.793,1.875,605354.918656,605354.918656,1.51715
sz000958,000958,电投产融,5.460,-0.05,-0.907,5.460,5.470,5.510,5.490,5.500,5.460,15145500,82896054,15:09:00,21.488,2.206,10000822.624338,2939346.51192,0.28134
sz000959,000959,首钢股份,3.560,-0.08,-2.198,3.560,3.570,3.640,3.640,3.650,3.550,28781620,103249260,15:09:00,27.726,0.549,2760768.38372,2652772.235824,0.38625
sz000960,000960,锡业股份,37.670,-1.57,-4.001,37.670,37.680,39.240,39.110,39.680,37.610,55499125,2140404887,15:09:00,32.584,2.992,6198342.163184,6198342.163184,3.37292
sz000962,000962,东方钽业,52.960,-2.04,-3.709,52.950,52.960,55.000,55.480,55.900,52.900,28361243,1549351894,15:08:30,102.935,6.977,2793429.039136,2664829.31104,5.63643
sz000963,000963,华东医药,29.560,0.06,0.203,29.550,29.560,29.500,29.460,30.050,29.010,33918215,1003964566,15:08:45,15.171,2.015,5184046.122688,5181906.717688,1.93485
sz000965,000965,天保基建,3.170,-0.08,-2.462,3.160,3.170,3.250,3.260,3.270,3.150,19912515,63499225,15:09:00,183.237,0.639,351816.393715,351816.393715,1.79419
sz000966,000966,长源电力,4.260,0.03,0.709,4.250,4.260,4.230,4.230,4.290,4.190,58124542,247221661,15:09:00,-224.211,1.102,1482920.916816,1482920.916816,1.66975
sz000967,000967,盈峰环境,9.250,-0.08,-0.857,9.250,9.260,9.330,9.490,9.780,9.250,126946382,1203707051,15:09:00,54.412,1.807,3107249.659425,3105843.4106,3.78079
sz000968,000968,蓝焰控股,6.840,-0.21,-2.979,6.830,6.840,7.050,6.950,6.980,6.810,26161461,179699704,15:08:45,19.543,1.035,661771.81944,661771.81944,2.70402
sz000969,000969,安泰科技,16.790,-0.42,-2.44,16.790,16.800,17.210,17.300,17.350,16.790,21960465,374845062,15:08:30,47.848,2.998,1763822.067563,1748426.433409,2.10885
sz000970,000970,中科三环,13.260,-0.12,-0.897,13.250,13.260,13.380,13.450,13.600,13.230,37743503,508508547,15:08:45,174.704,2.467,1612052.374998,1612052.374998,3.10461
sz000972,000972,中基健康,3.820,0.35,10.086,3.820,0.000,3.470,3.470,3.820,3.450,16098446,60160346,15:08:45,-63.773,454.762,294630.327178,294630.327178,2.08723
sz000973,000973,佛塑科技,14.120,0.68,5.06,14.110,14.120,13.440,13.490,14.420,13.340,85446727,1201540214,15:08:45,126.41,3.793,3471030.313592,1428584.188512,8.44548
sz000975,000975,山金国际,25.310,-1.17,-4.418,25.300,25.310,26.480,26.620,26.880,25.310,61231019,1589479816,15:08:30,23.643,4.321,7017266.940516,6386313.649327,2.42668
sz000977,000977,浪潮信息,79.460,4.44,5.918,79.460,79.470,75.020,77.010,82.520,77.010,150565805,11947134569,15:09:00,48.481,5.232,11668515.50063,11655445.514584,10.26469
sz000978,000978,桂林旅游,6.130,-0.06,-0.969,6.120,6.130,6.190,6.180,6.240,6.120,7309800,45085240,15:08:30,259.746,2.679,286963.69,286957.71325,1.56152
sz000980,000980,众泰汽车,1.730,-0.06,-3.352,1.730,1.740,1.790,1.800,1.800,1.730,96437200,169548135,15:09:00,-24.714,266.154,872360.758847,872352.663139,1.91249
sz000981,000981,山子高科,2.850,-0.09,-3.061,2.850,2.860,2.940,2.930,2.950,2.850,295204778,853601507,15:09:00,25.909,9.194,2849279.20308,2711306.486505,3.10306
sz000983,000983,山西焦煤,6.660,-0.1,-1.479,6.660,6.670,6.760,6.710,6.750,6.640,43802262,292520072,15:08:45,31.489,1.021,3780949.305294,3780926.111844,0.77157
sz000985,000985,大庆华科,15.470,-0.06,-0.386,15.460,15.470,15.530,15.530,15.680,15.400,1368600,21279464,15:08:30,269.983,3.278,200552.3065,200552.3065,1.0557
sz000987,000987,越秀资本,7.670,-0.05,-0.648,7.660,7.670,7.720,7.740,7.800,7.650,26265416,202962553,15:08:45,10.973,1.156,3848140.598354,3845235.337346,0.52391
sz000988,000988,华工科技,107.040,0.72,0.677,107.040,107.050,106.320,108.670,111.680,106.990,71111374,7779217187,15:09:00,72.816,9.209,10762900.975728,10757366.472528,7.07586
sz000989,000989,九芝堂,9.530,0.15,1.599,9.530,9.540,9.380,9.330,9.690,9.180,57584180,548204831,15:08:45,36.236,2.11,815712.737436,661528.526609,8.29559
sz000990,000990,诚志股份,6.710,-0.06,-0.886,6.710,6.720,6.770,6.850,6.900,6.590,86865346,584213179,15:08:30,-104.355,0.634,1141594.140379,1141594.140379,5.10572
sz000993,000993,闽东电力,10.320,-0.06,-0.578,10.320,10.330,10.380,10.380,10.470,10.300,10932379,113553288,15:08:45,79.385,1.855,472605.90156,472605.90156,2.38724
sz000995,000995,皇台酒业,11.310,0.08,0.712,11.300,11.310,11.230,11.540,11.970,11.130,22614510,259360165,15:08:15,141.375,12.139,200648.448,200648.448,12.74718
sz000997,000997,新 大 陆,17.990,-0.11,-0.608,17.980,17.990,18.100,18.150,18.350,17.900,18444943,334338875,15:08:45,17.893,2.418,1822563.149085,1812383.446419,1.83087
sz000998,000998,隆平高科,8.140,-0.03,-0.367,8.130,8.140,8.170,8.180,8.190,8.050,13329531,107956267,15:08:30,67.833,1.766,1196130.721654,1069930.251192,1.01411
sz000999,000999,华润三九,25.010,0.04,0.16,25.000,25.010,24.970,24.950,25.120,24.670,10214155,254623131,15:09:00,12.141,1.791,4162208.862858,4158397.701503,0.61431
sz001201,001201,东瑞股份,11.850,0.02,0.169,11.850,11.860,11.830,11.800,11.940,11.660,2637164,31099035,15:09:00,-18.81,1.006,305474.041185,238706.441475,1.30916
sz001202,001202,炬申股份,13.410,-0.3,-2.188,13.410,13.420,13.710,13.890,13.900,13.410,2181679,29633609,15:08:15,30.477,2.604,223532.77851,156660.923655,1.86749
sz001203,001203,大中矿业,27.780,-0.38,-1.349,27.770,27.780,28.160,28.120,28.220,27.230,18797098,521376582,15:08:30,55.56,5.917,4258897.44843,3627953.051916,1.43933
sz001205,001205,盛航股份,13.760,-0.04,-0.29,13.730,13.760,13.800,13.710,13.860,13.670,1277580,17564022,15:08:45,23.814,1.194,258692.87104,229082.436704,0.76739
sz001206,001206,依依股份,17.280,-0.16,-0.917,17.280,17.290,17.440,17.370,17.540,17.240,5153299,89423030,15:08:30,17.28,1.713,319496.500224,184661.783424,4.82228
sz001207,001207,联科科技,15.750,-0.48,-2.957,15.750,15.770,16.230,16.320,16.330,15.750,4363400,69825541,15:07:45,10.915,1.977,477441.9468,460879.7949,1.49114
sz001208,001208,华菱线缆,15.000,-0.3,-1.961,15.000,15.010,15.300,15.580,15.590,15.000,17063500,259432446,15:08:45,75.0,3.256,957525.648,478100.4855,5.35353
sz001209,001209,洪兴股份,16.610,-0.71,-4.099,16.610,16.690,17.320,17.400,17.600,16.610,3440700,58559268,15:08:45,103.813,1.666,218459.23792,159613.190396,3.58053
sz001210,001210,金房能源,23.130,1.17,5.328,23.120,23.130,21.960,22.100,23.700,22.000,9083463,210572885,15:09:00,26.983,3.444,507790.806498,308600.207883,6.80818
sz001211,001211,双枪科技,23.460,-0.55,-2.291,23.460,23.480,24.010,24.440,25.090,23.400,5505819,133396025,15:08:45,782.0,2.717,234600.0,218975.926212,5.89866
sz001212,001212,中旗新材,34.600,-1.38,-3.835,34.600,34.610,35.980,36.040,36.150,34.550,4273100,151380989,15:08:30,-192.222,3.621,695320.29904,601516.58504,2.45794
sz001213,001213,中铁特货,3.530,-0.03,-0.843,3.530,3.540,3.560,3.560,3.570,3.530,5022000,17787530,15:08:45,35.3,0.815,1568888.888732,1568888.888732,0.113
sz001215,001215,千味央厨,32.260,-0.64,-1.945,32.260,32.290,32.900,32.830,33.100,32.220,1462400,47746041,15:09:00,48.879,1.686,313439.598796,312604.697092,1.50916
sz001216,001216,华瓷股份,14.700,-0.2,-1.342,14.700,14.710,14.900,14.810,15.150,14.540,4676300,69471361,15:08:15,16.705,2.277,429178.75686,360963.20253,1.90439
sz001217,001217,华尔泰,9.860,-0.11,-1.103,9.850,9.860,9.970,10.080,10.080,9.850,2970700,29453487,15:08:30,-109.556,1.502,327223.82,323978.644542,0.90411
sz001218,001218,丽臣实业,24.930,-0.89,-3.447,24.930,24.950,25.820,25.960,25.960,24.910,2243600,56844035,15:09:00,19.787,1.382,334705.84218,298508.23008,1.87375
sz001219,001219,青岛食品,12.760,-0.04,-0.313,12.750,12.760,12.800,12.810,12.930,12.640,1889852,24161671,15:09:00,22.386,2.278,248799.265,242692.01,0.99363
sz001220,001220,世盟股份,31.550,-0.55,-1.713,31.550,31.580,32.100,31.990,32.600,31.550,1664643,53163997,15:08:15,15.697,1.865,291174.95,72793.7375,7.21484
sz001221,001221,悍高集团,40.400,-0.79,-1.918,40.380,40.400,41.190,41.010,41.870,40.400,2573214,105627323,15:08:30,21.604,5.315,1616040.4,310552.99816,3.34751
sz001222,001222,源飞宠物,15.100,-0.01,-0.066,15.090,15.100,15.110,15.180,15.380,14.890,9844530,149204288,15:08:45,24.549,2.024,288243.9,170628.01435,8.71207
sz001223,001223,欧克科技,40.560,-0.92,-2.218,40.560,40.590,41.480,41.860,42.500,40.560,3063092,127651042,15:09:00,92.666,2.75,530089.9968,283249.9488,4.3862
sz001225,001225,和泰机电,45.000,-0.28,-0.618,44.970,45.000,45.280,45.290,46.280,44.960,1280200,58213044,15:08:15,84.906,2.115,295068.6,94674.4785,6.08496
sz001226,001226,拓山重工,42.420,-0.74,-1.715,42.420,42.430,43.160,42.990,43.650,42.420,422402,18188636,15:08:30,157.111,4.262,316736.1414,143915.7888,1.24505
sz001227,001227,兰州银行,2.140,-0.01,-0.465,2.140,2.150,2.150,2.150,2.160,2.130,48399566,103608715,15:08:45,7.501,0.396,1218879.193952,902545.006634,1.14759
sz001228,001228,永泰运,27.680,-0.45,-1.6,27.680,27.690,28.130,28.700,28.700,27.680,960800,26897745,15:09:00,26.874,1.666,287497.237712,221065.237712,1.20304
sz001229,001229,魅视科技,41.580,0.2,0.483,41.580,41.590,41.380,41.220,42.560,41.220,5305600,222557098,15:08:15,60.261,5.89,596390.6718,306657.51039,7.19392
sz001230,001230,劲旅环境,20.660,-0.29,-1.384,20.660,20.670,20.950,20.840,21.160,20.640,4387420,91559941,15:08:30,16.397,1.921,387946.205614,227216.155348,3.98933
sz001231,001231,农心科技,20.000,-0.36,-1.768,20.000,20.010,20.360,20.470,20.470,20.000,1038800,20920266,15:08:45,29.412,1.948,199359.27,101925.87,2.03834
sz001232,001232,嘉立创,167.290,-3.41,-1.998,167.280,167.290,170.700,171.130,175.090,167.290,9091102,1556164248,15:09:00,64.342,12.279,9293963.24,739531.358221,20.56506
sz001233,001233,海安集团,44.570,-1.49,-3.235,44.570,44.580,46.060,46.060,46.120,44.550,2271817,102821379,15:08:15,11.428,1.757,828883.149638,168087.407039,6.02394
sz001234,001234,泰慕士,21.920,-0.64,-2.837,21.910,21.920,22.560,22.780,24.100,21.920,6814539,158784654,15:08:30,49.818,2.521,238028.4032,200536.216,7.44876
sz001236,001236,弘业期货,7.700,-0.12,-1.535,7.690,7.700,7.820,7.830,7.900,7.690,10728600,83554281,15:08:45,1925.0,4.143,775988.88906,583719.88906,1.41524
sz001237,001237,惠康科技,54.750,0.03,0.055,54.750,54.760,54.720,54.860,56.690,54.610,2859530,159215467,15:08:15,0.0,4.101,812224.07925,190836.7533,8.20383
sz001238,001238,浙江正特,24.720,-0.26,-1.041,24.690,24.720,24.980,24.980,24.980,24.280,739880,18209866,15:08:15,74.909,3.288,383525.856,358770.92664,0.50979
sz001239,001239,永达股份,11.840,-0.16,-1.333,11.830,11.840,12.000,12.000,12.040,11.830,2098900,25055178,15:08:15,59.768,2.094,284160.0,134976.0,1.84114
sz001248,001248,华润新能,13.080,0.02,0.153,13.080,13.090,13.060,13.050,13.230,13.020,85062267,1116278649,15:09:00,23.357,1.881,17424669.62088,1389624.158628,8.00659
sz001255,001255,博菲电气,24.940,-0.53,-2.081,24.920,24.940,25.470,25.610,25.660,24.900,1166100,29423803,15:09:00,131.263,2.407,216998.410896,192705.853296,1.50917
sz001256,001256,炜冈科技,27.280,-0.43,-1.552,27.260,27.280,27.710,27.710,28.380,27.170,4282700,119046204,15:08:15,29.021,2.966,389047.058224,291657.458224,4.0058
sz001257,001257,盛龙股份,24.850,-0.76,-2.968,24.840,24.850,25.610,25.550,25.740,24.820,13215984,333937615,15:08:45,45.182,5.969,4562337.780245,340315.75018,9.65037
sz001258,001258,立新能源,15.270,-0.19,-1.229,15.270,15.280,15.460,14.900,15.750,14.690,171283225,2608894550,15:09:00,169.667,4.612,1425200.001018,1425182.096943,18.352
sz001259,001259,利仁科技,46.810,-0.95,-1.989,46.810,46.900,47.760,47.760,50.000,46.600,1170000,56040798,15:09:00,365.418,4.74,344469.584728,222555.799819,2.46085
sz001260,001260,坤泰股份,21.030,1.91,9.99,21.030,0.000,19.120,21.030,21.030,21.030,1909649,40159918,15:09:00,58.417,2.908,241845.0,241845.0,1.66056
sz001266,001266,宏英智能,34.810,-1.07,-2.982,34.800,34.810,35.880,35.850,36.210,34.810,2806800,99929018,15:09:00,232.067,3.658,360811.435422,202411.959207,4.82702
sz001267,001267,汇绿生态,41.590,0.21,0.507,41.580,41.590,41.380,43.220,43.400,41.220,67084995,2838990594,15:09:00,378.091,19.887,3264829.257052,2530986.724722,11.02363
sz001268,001268,联合精密,19.810,0.26,1.33,19.810,19.840,19.550,19.660,20.900,19.420,5265480,106546302,15:08:45,40.429,2.932,298541.983327,186882.819277,5.58153
sz001269,001269,欧晶科技,19.550,-0.63,-3.122,19.550,19.560,20.180,20.330,20.330,19.550,2052360,40645663,15:08:15,-13.444,5.582,376166.17553,376166.17553,1.06665
sz001270,001270,铖昌科技,114.000,-0.63,-0.55,114.000,114.010,114.630,116.520,118.770,114.000,6365738,742645033,15:09:00,198.089,14.853,2349709.8714,2334757.1184,3.10822
sz001277,001277,速达股份,29.150,-0.18,-0.614,29.150,29.170,29.330,29.500,29.500,28.990,781540,22866931,15:08:45,25.57,1.41,221540.0,132776.760435,1.7158
sz001278,001278,一彬科技,15.930,-0.11,-0.686,15.930,15.950,16.040,16.120,16.130,15.810,1782900,28426308,15:09:00,-26.63,1.669,197107.3062,135900.225468,2.08989
sz001279,001279,强邦新材,25.050,-0.38,-1.494,25.050,25.080,25.430,25.600,25.600,25.050,607300,15367079,15:08:15,74.888,3.936,400800.0,100200.0,1.51825
sz001280,001280,中国铀业,63.290,-1.66,-2.556,63.280,63.290,64.950,65.000,65.170,63.270,5069264,324940310,15:07:45,71.112,7.687,13089522.726122,1099519.910817,2.91794
sz001282,001282,三联锻造,16.200,-0.36,-2.174,16.200,16.230,16.560,16.750,16.750,16.200,2184680,35921611,15:08:15,33.061,2.178,359940.672,247418.064,1.43045
sz001283,001283,豪鹏科技,42.950,-0.37,-0.854,42.950,42.960,43.320,43.390,44.800,42.910,3577996,156162681,15:09:00,17.389,1.564,556976.1154,444098.26691,3.46038
sz001285,001285,瑞立科密,41.230,-0.73,-1.74,41.230,41.240,41.960,42.040,42.390,41.210,905797,37711308,15:08:00,18.163,1.923,744326.092937,171091.18271,2.18281
sz001286,001286,陕西能源,10.550,-0.19,-1.769,10.540,10.550,10.740,10.700,10.740,10.510,17905088,189484335,15:08:15,13.188,1.439,3956250.0,1424250.0,1.3263
sz001287,001287,中电港,22.950,-0.27,-1.163,22.940,22.950,23.220,23.570,23.850,22.920,18595025,436998746,15:09:00,61.364,3.149,1743970.722615,1743970.722615,2.44704
sz001288,001288,运机集团,26.240,-0.96,-3.529,26.240,26.250,27.200,26.990,27.190,26.200,3446221,91919353,15:09:00,31.238,2.626,613396.350272,398514.691648,2.26915
sz001289,001289,龙源电力,15.920,0,0,15.910,15.920,15.920,15.900,15.990,15.800,4459650,70920766,15:08:00,29.405,1.735,13308827.333088,8026759.189088,0.08845
sz001296,001296,长江材料,19.250,-0.34,-1.736,19.250,19.260,19.590,19.600,19.650,19.230,2691750,52261287,15:08:30,22.628,1.585,287962.84055,148411.08975,3.4914
sz001298,001298,好上好,17.660,-0.26,-1.451,17.650,17.660,17.920,18.000,18.160,17.650,8123766,145857665,15:08:45,67.923,4.534,763819.771682,719502.745168,1.99396
sz001299,001299,美能能源,9.870,-0.08,-0.804,9.860,9.870,9.950,9.950,10.030,9.840,2547924,25237892,15:09:00,22.953,2.497,310130.389569,279197.897412,0.90072
sz001300,001300,三柏硕,11.200,-0.04,-0.356,11.200,11.210,11.240,11.260,11.490,11.150,6263500,70919975,15:07:45,-39.106,2.837,273029.02368,273029.02368,2.56937
sz001301,001301,尚太科技,53.760,-0.62,-1.14,53.660,53.760,54.380,54.380,54.500,52.620,4759748,255029221,15:08:45,14.81,2.728,1960176.52992,1398238.388736,1.83005
sz001306,001306,夏厦精密,54.310,-1.57,-2.81,54.310,54.350,55.880,55.880,55.990,54.290,599700,33097179,15:08:45,-201.148,2.661,341759.2525,84180.5,3.86903
sz001308,001308,康冠科技,18.370,-0.34,-1.817,18.370,18.380,18.710,18.790,18.860,18.360,2052845,38126567,15:09:00,25.514,1.603,1293415.701567,895053.755442,0.42132
sz001309,001309,德明利,396.530,-11.05,-2.711,396.520,396.530,407.580,416.880,424.660,396.000,19281860,7952924437,15:09:00,128.744,13.581,8995000.32411,6543897.078262,11.68392
sz001311,001311,多利科技,18.120,-0.3,-1.629,18.120,18.130,18.420,18.430,18.570,18.080,5218856,95512384,15:08:00,24.16,1.557,731435.786808,320960.581968,2.94633
sz001312,001312,福恩股份,18.040,0.23,1.291,18.030,18.040,17.810,17.790,18.490,17.790,4658659,84743377,15:08:45,13.667,1.792,420933.334536,103117.125276,8.15017
sz001313,001313,粤海饲料,7.910,-0.09,-1.125,7.910,7.920,8.000,8.100,8.250,7.880,39902499,320756333,15:09:00,263.667,2.16,553700.0,553030.221541,5.70726
sz001314,001314,亿道信息,56.000,-0.17,-0.303,55.990,56.000,56.170,56.380,57.960,56.000,2907600,166391524,15:07:45,121.739,3.783,798750.4,694956.5672,2.34296
sz001316,001316,润贝航科,26.670,-0.55,-2.021,26.660,26.670,27.220,27.580,28.280,26.650,2572000,70022743,15:08:30,16.536,3.151,429817.955196,401031.456,1.71047
sz001317,001317,三羊马,57.210,-1.69,-2.869,57.200,57.210,58.900,59.170,59.400,57.100,4688486,273969435,15:08:45,-520.091,4.821,489521.930358,489039.220983,5.4848
sz001318,001318,阳光乳业,11.540,-0.02,-0.173,11.520,11.540,11.560,11.590,11.810,11.360,6638900,77116609,15:09:00,31.223,2.207,326189.64,326189.64,2.34872
sz001319,001319,铭科精技,19.440,-0.51,-2.556,19.440,19.460,19.950,19.990,20.050,19.400,1327330,26192897,15:08:15,19.518,1.95,274881.6,123375.1338,2.09145
sz001322,001322,箭牌家居,6.220,-0.08,-1.27,6.220,6.230,6.300,6.300,6.300,6.200,3409300,21287891,15:08:30,124.4,1.285,600611.1616,488650.64845,0.43397
sz001323,001323,慕思股份,17.830,0.54,3.123,17.820,17.830,17.290,17.240,18.200,17.020,5782351,101823398,15:08:00,14.379,1.685,775749.002212,554955.253537,1.8578
sz001324,001324,长青科技,19.400,-0.19,-0.97,19.380,19.400,19.590,19.620,19.780,19.280,1297751,25285917,15:09:00,63.337,2.323,267720.0,267720.0,0.9404
sz001325,001325,元创股份,37.900,-0.66,-1.712,37.890,37.900,38.560,38.560,39.170,37.880,1276374,49075551,15:08:15,14.142,1.628,297136.0,74284.0,6.51211
sz001326,001326,联域股份,61.020,1.13,1.887,61.000,61.020,59.890,59.880,65.300,59.880,2521623,158439526,15:08:30,174.343,3.614,446666.4,146553.741558,10.49918
sz001328,001328,登康口腔,29.340,-0.41,-1.378,29.340,29.380,29.750,29.800,29.960,29.280,1491373,44155414,15:08:45,27.943,3.211,505157.9292,474477.3846,0.92221
sz001330,001330,博纳影业,5.260,-0.19,-3.486,5.260,5.270,5.450,5.450,5.490,5.260,85743200,461023893,15:08:45,-4.916,1.902,722996.985584,611657.691372,7.37356
sz001331,001331,胜通能源,55.150,-1.85,-3.246,55.150,55.260,57.000,57.040,57.990,55.010,7455770,419861914,15:08:15,845.859,15.347,2257002.72,1576375.33725,2.60843
sz001332,001332,锡装股份,31.050,-0.61,-1.927,31.050,31.060,31.660,31.770,31.850,31.050,1305138,41080012,15:08:30,15.073,1.806,480300.03,208671.217605,1.94203
sz001333,001333,光华股份,19.270,-0.35,-1.784,19.270,19.310,19.620,19.600,19.690,19.250,807500,15707076,15:08:45,21.411,1.389,246656.0,246656.0,0.63086
sz001335,001335,信凯科技,31.800,-0.52,-1.609,31.760,31.800,32.320,32.350,32.360,31.720,591498,18953497,15:09:00,34.945,3.005,298091.8008,81230.0154,2.3156
sz001336,001336,楚环科技,17.930,-0.38,-2.075,17.930,17.990,18.310,18.300,18.350,17.910,1458250,26522315,15:08:15,37.354,2.287,187342.59115,115287.502759,2.26793
sz001337,001337,四川黄金,45.560,-2.11,-4.426,45.560,45.570,47.670,48.110,48.950,45.510,22683641,1061850566,15:08:00,41.045,9.101,1913520.0,1913520.0,5.40087
sz001338,001338,永顺泰,8.650,-0.13,-1.481,8.650,8.660,8.780,8.770,8.790,8.640,4484380,38999571,15:08:00,18.404,1.161,433997.17141,433997.17141,0.89378
sz001339,001339,智微智能,83.900,1.34,1.623,83.880,83.900,82.560,86.000,88.090,83.800,12191746,1049654301,15:09:00,123.382,10.094,2743804.78928,1358338.24808,7.53043
sz001356,001356,富岭股份,8.690,-0.08,-0.912,8.680,8.690,8.770,8.770,8.820,8.620,3635339,31741622,15:08:15,54.313,2.515,512119.08,183964.2585,1.71724
sz001358,001358,兴欣新材,25.400,-0.38,-1.474,25.390,25.400,25.780,25.760,25.930,25.130,2741940,70112964,15:08:30,65.128,2.149,312928.0,129479.82232,5.37885
sz001359,001359,平安电工,86.460,-2.22,-2.503,86.450,86.460,88.680,90.180,92.290,86.210,4578264,411190636,15:08:45,66.375,10.101,2085018.469644,521274.101172,7.59364
sz001360,001360,南矿集团,15.800,-0.96,-5.728,15.800,15.810,16.760,16.600,18.270,15.800,7895451,128569422,15:09:00,65.833,2.253,322320.0,198265.27932,6.29198
sz001365,001365,天海电子,37.780,-0.76,-1.972,37.770,37.780,38.540,38.570,38.850,37.780,6083996,233599365,15:08:30,0.0,3.196,1983450.0,217256.330588,10.57982
sz001366,001366,播恩集团,11.990,-0.17,-1.398,11.970,11.990,12.160,12.120,12.160,11.950,2727158,32859982,15:08:30,-99.917,2.394,192655.32,192655.32,1.69726
sz001367,001367,海森药业,19.360,-0.12,-0.616,19.360,19.370,19.480,19.540,19.640,19.150,1791206,34779893,15:08:45,21.275,1.933,294951.9232,235489.313312,1.47258
sz001368,001368,通达创智,21.820,-0.33,-1.49,21.820,21.850,22.150,22.300,22.310,21.800,962200,21240394,15:09:00,25.08,1.742,246828.197848,235831.867018,0.89026
sz001369,001369,双欣材料,12.820,-0.31,-2.361,12.820,12.830,13.130,13.110,13.120,12.810,11186823,144776504,15:07:45,20.677,2.082,1470454.0,265955.301106,5.39245
sz001373,001373,翔腾新材,27.470,-0.54,-1.928,27.370,27.470,28.010,28.220,28.710,27.210,1361500,38074024,15:08:45,-54.439,2.236,188682.881336,115265.444054,3.24472
sz001376,001376,百通能源,11.620,-0.21,-1.775,11.610,11.620,11.830,11.870,11.930,11.620,20668704,242345591,15:08:45,26.409,4.188,535565.8,248716.296206,9.6564
sz001378,001378,德冠新材,21.420,-0.1,-0.465,21.410,21.420,21.520,21.530,21.850,21.290,6483714,140023051,15:09:00,34.548,1.953,371280.74256,180660.159162,7.68743
sz001379,001379,腾达科技,16.190,-0.41,-2.47,16.180,16.190,16.600,16.710,16.800,16.150,4477928,73684531,15:08:15,44.972,2.146,323800.0,108954.935825,6.65391
sz001380,001380,华纬科技,16.360,-0.24,-1.446,16.360,16.370,16.600,16.620,16.670,16.350,1066560,17619636,15:08:00,16.039,2.254,443117.484288,380750.14914,0.45828
sz001382,001382,新亚电缆,17.040,-0.23,-1.332,17.030,17.040,17.270,17.250,17.280,17.010,2878591,49326643,15:08:45,65.538,4.28,702048.0,107352.0,4.56919
sz001386,001386,马可波罗,15.130,-0.29,-1.881,15.130,15.140,15.420,15.330,15.380,15.090,4422452,67107669,15:09:00,13.755,1.479,1807913.96,162712.2564,4.11227
sz001387,001387,雪祺电气,12.090,-0.11,-0.902,12.090,12.100,12.200,12.180,12.280,12.080,1937482,23592177,15:08:15,22.058,1.675,221283.7536,140841.939966,1.66315
sz001388,001388,信通电子,23.060,-0.89,-3.716,23.050,23.060,23.950,23.600,24.240,23.030,9889279,233937458,15:09:00,23.06,3.722,539064.396,288523.427032,7.90393
sz001389,001389,广合科技,164.730,-1.97,-1.182,164.720,164.730,166.700,169.140,174.620,164.610,7194235,1224855523,15:09:00,68.638,9.821,7786938.058572,2509775.114862,4.72196
sz001390,001390,古麒绒材,17.730,-0.29,-1.609,17.730,17.750,18.020,17.970,18.090,17.720,929388,16619457,15:09:00,17.73,2.127,354600.0,210595.61025,0.78245
sz001391,001391,国货航,4.230,-0.04,-0.937,4.220,4.230,4.270,4.270,4.290,4.220,16954500,72032733,15:08:15,20.143,1.891,5164356.758175,642686.75046,1.1159
sz001393,001393,维通利,44.700,-1.04,-2.274,44.690,44.700,45.740,45.600,46.270,44.700,2643630,120315755,15:08:15,27.764,4.43,1114520.00298,214739.60907,5.50296
sz001395,001395,亚联机械,29.370,-0.65,-2.165,29.360,29.370,30.020,30.050,30.070,29.350,1642696,48800882,15:08:45,13.411,2.674,333091.044,152743.0905,3.15864
sz001396,001396,誉帆科技,35.030,-0.57,-1.601,35.030,35.040,35.600,35.840,35.840,35.000,623025,22031601,15:09:00,29.94,2.617,374479.163248,79579.19232,2.7425
sz001399,001399,惠科股份,23.880,-0.07,-0.292,23.870,23.880,23.950,24.070,25.140,23.860,57014342,1399986185,15:09:00,0.0,6.699,17688637.739568,1028193.353628,13.2417
sz001400,001400,江顺科技,75.700,-0.96,-1.252,75.700,75.720,76.660,76.950,78.370,75.660,1269106,98168816,15:08:30,51.301,4.956,635880.0,349972.455,2.74511
sz001696,001696,宗申动力,16.640,-0.65,-3.759,16.640,16.650,17.290,17.980,17.990,16.600,105770410,1810932323,15:09:00,28.63,3.428,1905324.79488,1483264.8064,11.86585
sz001872,001872,招商港口,21.540,-0.11,-0.508,21.540,21.570,21.650,21.710,21.820,21.520,1045848,22635314,15:09:00,11.618,0.815,5346547.40589,4959052.64967,0.04543
sz001896,001896,豫能控股,14.120,0.39,2.84,14.110,14.120,13.730,13.880,14.250,13.780,132836423,1861847677,15:09:00,55.199,6.046,2154403.23796,2154403.23796,8.70612
sz001914,001914,招商积余,8.690,-0.23,-2.578,8.690,8.700,8.920,8.910,8.910,8.670,7812800,68257290,15:08:30,14.05,0.836,915682.556602,915679.254402,0.74145
sz001965,001965,招商公路,9.240,-0.12,-1.282,9.240,9.250,9.360,9.360,9.390,9.200,16771437,155562487,15:08:15,14.092,0.896,6278667.772608,6278667.772608,0.24682
sz001979,001979,招商蛇口,7.620,0.01,0.131,7.610,7.620,7.610,7.590,7.740,7.390,115720295,876702451,15:08:30,95.25,0.704,6870216.514302,6758721.82035,1.30467
sz002001,002001,新 和 成,28.260,-2.4,-7.828,28.260,28.270,30.660,30.970,30.970,28.180,94529355,2728716055,15:09:00,12.787,2.472,8685489.66768,8582137.896528,3.11274
sz002003,002003,伟星股份,10.110,-0.09,-0.882,10.100,10.110,10.200,10.240,10.320,10.060,7622125,77159247,15:08:30,18.382,2.572,1201967.439183,1033343.977548,0.74573
sz002004,002004,华邦健康,4.540,0.04,0.889,4.540,4.550,4.500,4.500,4.680,4.430,43985667,200363330,15:08:45,12.559,0.865,898883.312714,855028.382766,2.33554
sz002005,002005,德豪润达,2.560,0.05,1.992,2.550,2.560,2.510,2.610,2.690,2.510,74989100,194256427,15:09:00,130.612,13.488,448620.763648,448505.410048,4.28026
sz002006,002006,精工科技,13.760,-0.21,-1.503,13.760,13.770,13.970,14.010,14.060,13.760,5325900,74072044,15:08:15,38.001,2.861,715235.77344,715235.77344,1.02462
sz002007,002007,华兰生物,13.410,0.16,1.208,13.410,13.420,13.250,13.270,13.520,13.100,17042736,227685781,15:08:30,26.034,2.089,2448251.612226,2110121.235414,1.08308
sz002008,002008,大族激光,94.750,0.45,0.477,94.740,94.750,94.300,95.800,99.710,94.660,49895937,4851545581,15:09:00,82.391,4.72,9755492.2908,9064991.94445,5.21527
sz002009,002009,天奇股份,17.680,-0.39,-2.158,17.680,17.690,18.070,18.070,18.180,17.680,10703346,192103634,15:09:00,126.286,3.463,711148.309976,625956.101992,3.02314
sz002010,002010,传化智联,4.760,-0.08,-1.653,4.760,4.770,4.840,4.850,4.870,4.750,21008204,100503978,15:09:00,22.316,0.725,1315678.712208,1312486.702856,0.76191
sz002011,002011,盾安环境,10.180,-0.09,-0.876,10.180,10.190,10.270,10.310,10.330,10.170,9366052,96077445,15:08:00,9.98,1.603,1093817.931102,1080622.781036,0.88233
sz002012,002012,凯恩股份,6.420,-0.08,-1.231,6.420,6.430,6.500,6.490,6.570,6.420,9892960,64184580,15:08:45,91.714,1.923,300215.55174,300215.55174,2.11557
sz002014,002014,永新股份,10.580,-0.2,-1.855,10.570,10.580,10.780,10.770,10.800,10.530,4132660,43987973,15:09:00,14.694,2.524,648016.394228,637650.604314,0.6857
sz002015,002015,协鑫能科,16.440,1.06,6.892,16.440,16.450,15.380,15.500,16.520,15.480,157588199,2534060353,15:09:00,64.319,2.208,2668745.665416,2668745.665416,9.70774
sz002016,002016,世荣兆业,4.540,-0.1,-2.155,4.530,4.540,4.640,4.660,4.670,4.520,9902600,45264535,15:08:30,26.737,0.745,367329.416928,367329.416928,1.22391
sz002017,002017,东信和平,13.720,-0.23,-1.649,13.720,13.730,13.950,13.950,14.150,13.700,9875532,137209127,15:09:00,48.808,4.261,796352.579148,795877.830104,1.70243
sz002019,002019,亿帆医药,10.670,0.26,2.498,10.660,10.670,10.410,10.360,10.900,10.190,35151865,372460805,15:09:00,32.333,1.459,1297888.220695,898967.031435,4.17224
sz002020,002020,京新药业,14.400,0.04,0.279,14.390,14.400,14.360,14.300,14.630,14.080,25631620,369030912,15:08:45,15.652,2.035,1239881.9616,1042514.4024,3.54043
sz002021,002021,中捷资源,2.680,-0.08,-2.899,2.680,2.690,2.760,2.780,2.790,2.680,25136242,68442689,15:08:15,-864.516,5.228,320387.922564,320377.354788,2.10268
sz002022,002022,科华生物,5.650,0.01,0.177,5.650,5.660,5.640,5.640,5.740,5.510,8978900,50713978,15:08:45,-3.969,1.147,290634.40331,290593.087685,1.74577
sz002023,002023,海特高新,10.770,0.29,2.767,10.770,10.780,10.480,10.500,11.530,10.440,67605971,744319492,15:08:45,-14.911,2.144,797906.473095,790690.622637,9.20861
sz002024,002024,ST易购,1.220,-0.02,-1.613,1.210,1.220,1.240,1.240,1.240,1.210,42084501,51410214,15:08:15,122.0,0.917,1130301.649396,1128901.449174,0.45481
sz002025,002025,航天电器,64.960,0.47,0.729,64.950,64.960,64.490,65.600,66.880,64.760,16110048,1062486242,15:08:00,162.4,4.431,2949312.438912,2948347.958304,3.54947
sz002026,002026,山东威达,10.560,-0.08,-0.752,10.560,10.570,10.640,10.720,10.750,10.560,4605122,48906964,15:08:45,18.526,1.204,465201.727584,465161.573184,1.04545
sz002027,002027,分众传媒,5.220,-0.07,-1.323,5.220,5.230,5.290,5.290,5.340,5.210,156006424,819295975,15:09:00,25.588,4.881,7538828.256972,7538828.256972,1.08021
sz002028,002028,思源电气,167.580,1.69,1.019,167.550,167.580,165.890,166.390,173.100,165.560,10986243,1858419916,15:08:15,41.48,8.137,13114363.059756,10235877.915438,1.79865
sz002029,002029,七 匹 狼,8.810,-0.34,-3.716,8.810,8.820,9.150,9.150,9.190,8.810,24038886,217068981,15:08:30,17.98,0.914,621125.736097,586222.649879,3.61266
sz002030,002030,达安基因,5.660,0.02,0.355,5.660,5.670,5.640,5.630,5.730,5.530,26516520,150099796,15:08:45,-10.679,1.128,794350.454112,794350.454112,1.88939
sz002031,002031,巨轮智能,6.270,-0.15,-2.336,6.260,6.270,6.420,6.630,6.690,6.190,454439485,2922428707,15:09:00,-59.375,7.106,1379021.08509,1379016.38259,20.66209
sz002032,002032,苏 泊 尔,41.250,-0.43,-1.032,41.240,41.250,41.680,41.520,41.650,41.210,1232600,50943746,15:08:15,15.661,4.861,3299373.6435,3297871.93725,0.15417
sz002033,002033,丽江股份,8.820,0.08,0.915,8.820,8.830,8.740,8.770,8.900,8.720,21653741,191342897,15:07:45,22.703,1.939,484650.807102,484641.519642,3.94077
sz002034,002034,旺能环境,14.060,-0.21,-1.472,14.060,14.070,14.270,14.310,14.410,14.060,8586207,122089619,15:08:45,8.32,0.997,726481.891418,723453.66549,1.66869
sz002035,002035,华帝股份,4.960,0.08,1.639,4.950,4.960,4.880,4.890,5.050,4.810,20860307,102954735,15:09:00,13.694,1.092,420436.194528,387890.682832,2.66743
sz002036,002036,联创电子,7.030,-0.22,-3.034,7.030,7.040,7.250,7.240,7.310,7.010,38004083,271395659,15:09:00,-7.323,7.702,743491.433368,741993.845825,3.60069
sz002037,002037,保利联合,6.970,-0.23,-3.194,6.970,6.980,7.200,7.210,7.210,6.970,10904104,76951772,15:09:00,-3.972,3.284,337266.845502,337266.845502,2.25346
sz002038,002038,双鹭药业,6.100,0.08,1.329,6.100,6.110,6.020,5.980,6.240,5.860,49967992,305061322,15:08:30,-17.941,1.23,626683.5,519665.90276,5.8654
sz002039,002039,黔源电力,19.310,-0.1,-0.515,19.300,19.310,19.410,19.360,19.520,19.280,6887727,133455961,15:08:45,13.757,1.82,825614.741306,825612.424106,1.61095
sz002040,002040,南 京 港,8.050,-0.08,-0.984,8.040,8.050,8.130,8.150,8.170,8.040,4275900,34566341,15:08:15,21.151,1.127,391290.733225,391290.733225,0.87968
sz002041,002041,登海种业,8.660,-0.08,-0.915,8.650,8.660,8.740,8.710,8.740,8.570,12759643,110275400,15:09:00,83.109,2.063,762080.0,762080.0,1.44996
sz002042,002042,华孚时尚,3.870,-0.05,-1.276,3.870,3.880,3.920,3.940,4.000,3.870,33410520,131899365,15:08:45,129.0,1.114,658163.684385,658163.684385,1.96454
sz002043,002043,兔 宝 宝,12.580,-0.36,-2.782,12.580,12.590,12.940,12.900,13.030,12.570,13951950,177959916,15:09:00,14.628,3.027,1043831.13584,1015864.344108,1.72775
sz002044,002044,美年健康,5.100,-0.04,-0.778,5.100,5.110,5.140,5.080,5.250,5.040,207285572,1066444128,15:09:00,72.857,2.529,1996269.50073,1975856.08977,5.35037
sz002045,002045,国光电器,8.510,-0.19,-2.184,8.500,8.510,8.700,8.700,8.770,8.510,18512302,159912946,15:08:30,-42.55,1.13,478673.145332,478027.874582,3.29562
sz002046,002046,国机精工,46.540,-1.19,-2.493,46.540,46.550,47.730,48.150,48.850,46.490,8959900,426444379,15:08:00,95.232,5.721,2495432.234516,2467448.314266,1.68998
sz002047,002047,宝鹰股份,4.200,0.28,7.143,4.190,4.200,3.920,4.280,4.310,3.740,237584536,958524985,15:08:45,105.0,156.716,636824.45106,636786.75354,15.67016
sz002048,002048,宁波华翔,20.010,0.28,1.419,20.010,20.020,19.730,19.770,20.340,19.620,23839090,477222184,15:09:00,39.235,1.355,1625214.845322,1417048.854342,3.36629
sz002049,002049,紫光国微,66.140,-1.14,-1.694,66.130,66.140,67.280,67.810,68.000,66.100,22914053,1540198779,15:08:30,38.744,4.005,5577147.533064,5576394.780496,2.71777
sz002050,002050,三花智控,38.530,-0.64,-1.634,38.530,38.540,39.170,39.150,39.450,38.530,54452346,2128314019,15:09:00,37.408,4.969,16213477.691555,14221596.354176,1.47526
sz002051,002051,中工国际,8.940,-0.19,-2.081,8.940,8.950,9.130,9.150,9.170,8.940,21895863,198341689,15:09:00,35.76,0.943,1096475.93163,1096412.26095,1.78536
sz002052,002052,同洲电子,9.050,-0.17,-1.844,9.050,9.060,9.220,9.240,9.380,9.030,15366800,141630090,15:08:30,37.708,24.446,680957.92307,623895.375275,2.22905
sz002053,002053,云南能投,9.400,-0.17,-1.776,9.400,9.410,9.570,9.600,9.620,9.380,8416364,79458573,15:08:00,36.633,1.135,865485.69616,865479.56266,0.9141
sz002054,002054,德美化工,7.180,-0.1,-1.374,7.180,7.190,7.280,7.290,7.290,7.180,7822500,56622877,15:08:45,28.835,1.323,346158.894536,275720.851504,2.03704
sz002055,002055,ST得润,5.560,-0.11,-1.94,5.550,5.560,5.670,5.650,5.680,5.550,8744500,49017976,15:09:00,-99.286,2.479,336096.449452,330258.449452,1.47216
sz002056,002056,横店东磁,22.030,-0.32,-1.432,22.030,22.040,22.350,22.340,23.200,22.010,38248369,864693612,15:08:45,18.991,3.252,3583646.699022,3579944.634627,2.3537
sz002057,002057,中钢天源,8.600,-0.2,-2.273,8.600,8.610,8.800,8.800,8.860,8.590,16539876,144268499,15:08:30,36.894,1.987,648339.98716,647849.96174,2.19562
sz002058,002058,威尔泰,16.890,-0.19,-1.112,16.890,16.900,17.080,17.170,17.200,16.850,2673900,45482592,15:08:45,11.979,38.247,242284.232748,241709.464359,1.86845
sz002059,002059,云南旅游,4.530,-0.05,-1.092,4.530,4.540,4.580,4.580,4.590,4.520,8614300,39177780,15:08:15,-13.913,4.335,458632.970289,445319.864274,0.87629
sz002060,002060,广东建工,3.270,-0.03,-0.909,3.270,3.280,3.300,3.300,3.310,3.260,15969789,52372181,15:08:15,11.07,0.847,1227686.590134,511040.39382,1.02186
sz002061,002061,浙江交科,3.490,-0.04,-1.133,3.480,3.490,3.530,3.520,3.530,3.480,14676261,51358060,15:08:30,9.694,0.575,922460.043114,907099.1271,0.56466
sz002062,002062,宏润建设,7.710,-0.05,-0.644,7.690,7.710,7.760,7.750,7.880,7.620,11498440,89048955,15:08:45,33.522,1.92,953935.855419,867144.44016,1.02236
sz002063,002063,远光软件,5.510,-0.06,-1.077,5.510,5.520,5.570,5.570,5.640,5.500,26816704,149232791,15:09:00,35.006,2.644,1055425.522167,974808.296713,1.51579
sz002064,002064,华峰化学,11.270,-0.26,-2.255,11.260,11.270,11.530,11.510,11.630,11.250,37426055,426021435,15:09:00,30.459,1.943,5592786.971919,5580893.374644,0.75578
sz002065,002065,东华软件,7.560,0.11,1.477,7.560,7.570,7.450,7.490,8.190,7.460,139242006,1083396309,15:09:00,50.772,1.957,2423344.6755,2198388.766644,4.78837
sz002066,002066,瑞泰科技,21.930,1.99,9.98,21.930,0.000,19.940,19.950,21.930,19.830,10257704,220075324,15:08:45,-88.072,8.28,515151.051,506583.0,4.44056
sz002067,002067,景兴纸业,4.390,-0.16,-3.516,4.380,4.390,4.550,4.510,4.540,4.380,49790164,221627493,15:09:00,109.75,0.968,647460.841467,587208.091467,3.72234
sz002068,002068,黑猫股份,8.100,-0.41,-4.818,8.100,8.110,8.510,8.470,8.480,8.090,45010030,370864313,15:09:00,-12.728,2.554,595629.60876,595333.25001,6.12399
sz002069,002069,獐子岛,3.370,-0.01,-0.296,3.350,3.370,3.380,3.360,3.410,3.310,10592660,35519158,15:08:30,-223.179,87.306,239644.809378,239342.857378,1.49147
sz002072,002072,凯瑞德,7.510,0.2,2.736,7.510,7.520,7.310,7.320,7.690,7.290,8168600,61299307,15:09:00,-124.544,11.949,276127.68,276016.3818,2.22256
sz002073,002073,软控股份,5.610,-0.08,-1.406,5.600,5.610,5.690,5.700,5.710,5.590,13933707,78318750,15:09:00,14.195,0.902,574679.061033,568860.088533,1.37412
sz002074,002074,国轩高科,27.240,-0.62,-2.225,27.230,27.240,27.860,27.810,27.860,27.230,27198941,749364197,15:09:00,20.636,1.709,4943311.831608,4730872.70484,1.56609
sz002075,002075,沙钢股份,3.760,-0.08,-2.083,3.750,3.760,3.840,3.850,3.850,3.740,40586551,153458796,15:08:30,31.333,1.246,824878.36732,824877.04192,1.85004
sz002076,002076,星光股份,2.100,-0.04,-1.869,2.100,2.110,2.140,2.150,2.210,2.100,35905700,77277867,15:08:45,-600.0,7.65,232916.14311,218876.74347,3.44495
sz002077,002077,大港股份,12.520,-0.4,-3.096,12.510,12.520,12.920,13.070,13.120,12.510,27411917,351258870,15:08:45,139.111,2.147,726596.338276,726596.338276,4.72335
sz002078,002078,太阳纸业,13.940,-0.16,-1.135,13.930,13.940,14.100,14.080,14.130,13.890,10411872,145306482,15:08:15,12.017,1.274,3978734.055886,3870549.297072,0.37499
sz002079,002079,苏州固锝,9.530,-0.22,-2.256,9.520,9.530,9.750,9.790,9.850,9.510,28474695,276231069,15:09:00,104.956,2.706,865789.562419,773003.438234,3.51051
sz002080,002080,中材科技,55.760,-1.24,-2.175,55.750,55.760,57.000,57.600,59.050,55.500,51597020,2976639870,15:09:00,51.477,4.576,9357217.104384,9357217.104384,3.07469
sz002081,002081,金 螳 螂,4.810,0.44,10.069,4.810,0.000,4.370,4.810,4.810,4.810,27287082,131250864,15:09:00,28.785,0.917,1277210.694409,1271881.058084,1.03194
sz002082,002082,ST万邦,10.950,-0.23,-2.057,10.950,10.960,11.180,11.070,11.580,10.780,16812104,187506323,15:08:15,-40.556,2.565,669799.515225,621793.20084,2.96067
sz002083,002083,孚日股份,11.810,0.11,0.94,11.800,11.810,11.700,11.710,12.350,11.660,69372057,828220986,15:09:00,25.128,2.289,1117980.673172,1117980.673172,7.32825
sz002084,002084,海鸥住工,3.380,-0.05,-1.458,3.380,3.390,3.430,3.450,3.470,3.360,19435445,66273278,15:08:45,-18.31,1.686,218366.94152,217854.949936,3.01539
sz002085,002085,万丰奥威,10.650,-0.28,-2.562,10.640,10.650,10.930,10.950,10.970,10.640,31094039,334008863,15:08:15,22.66,2.961,2261311.8588,2261311.8588,1.46442
sz002086,002086,东方海洋,2.080,0.08,4,2.080,2.090,2.000,1.990,2.130,1.970,104517988,214717864,15:09:00,-26.0,3.213,407460.872,328907.308496,6.60969
sz002088,002088,鲁阳节能,7.510,-0.21,-2.72,7.500,7.510,7.720,7.710,7.710,7.490,2328003,17669268,15:08:30,93.875,1.511,382589.579686,379979.439383,0.46011
sz002090,002090,金智科技,9.420,-0.15,-1.567,9.420,9.430,9.570,9.550,9.610,9.420,5944270,56480065,15:08:45,57.16,2.409,377343.600882,375093.737502,1.49283
sz002091,002091,江苏国泰,7.580,-0.12,-1.558,7.570,7.580,7.700,7.690,7.710,7.570,10781527,82036583,15:09:00,9.595,0.771,1233817.622372,1214598.029818,0.67285
sz002092,002092,中泰化学,4.460,-0.17,-3.672,4.460,4.470,4.630,4.600,4.630,4.460,55895700,252995974,15:07:45,-39.786,0.54,1155148.704582,1148693.289432,2.17025
sz002093,002093,国脉科技,7.000,0.04,0.575,6.990,7.000,6.960,6.990,7.190,6.970,16857576,119521738,15:09:00,39.392,1.836,705250.0,705250.0,1.67321
sz002094,002094,青岛金王,4.750,-0.09,-1.86,4.740,4.750,4.840,4.840,4.840,4.720,16982800,81002966,15:08:45,154.723,2.223,328176.335775,327965.435775,2.45966
sz002095,002095,生 意 宝,14.310,-0.17,-1.174,14.300,14.310,14.480,14.500,14.720,14.290,2968000,43044100,15:09:00,-286.2,4.127,361642.32,360194.741865,1.17914
sz002096,002096,易普力,9.380,-0.16,-1.677,9.370,9.380,9.540,9.580,9.580,9.350,5708200,53773366,15:08:15,14.656,1.432,1163533.44226,1163531.464018,0.46018
sz002097,002097,山河智能,7.280,-0.17,-2.282,7.280,7.290,7.450,7.500,7.530,7.270,19877200,146384593,15:08:45,92.976,1.67,782321.368192,780874.12676,1.85313
sz002098,002098,浔兴股份,7.020,0.04,0.573,7.020,7.030,6.980,6.990,7.100,6.870,5159900,36040644,15:08:45,12.209,1.652,251316.0,251316.0,1.44131
sz002099,002099,海翔药业,5.510,0.03,0.547,5.500,5.510,5.480,5.470,5.610,5.370,20408000,112537708,15:08:15,-91.833,1.805,891912.104403,890880.632403,1.26221
sz002100,002100,天康生物,7.140,-0.02,-0.279,7.130,7.140,7.160,7.150,7.190,7.000,19571500,138891903,15:08:15,47.6,1.421,974789.58171,974789.58171,1.43355
sz002101,002101,广东鸿图,8.700,-0.09,-1.024,8.700,8.710,8.790,8.790,8.820,8.660,4349965,37978632,15:07:45,15.818,0.724,576656.01957,576124.61313,0.65688
sz002102,002102,ST能特,2.240,-0.03,-1.322,2.240,2.250,2.270,2.280,2.300,2.240,12624600,28605151,15:08:30,22.626,1.789,554540.40096,477108.95008,0.59272
sz002103,002103,广博股份,6.730,-0.18,-2.605,6.720,6.730,6.910,7.010,7.010,6.720,11134740,76168306,15:09:00,21.71,2.862,359565.697369,261215.250724,2.86878
sz002104,002104,恒宝股份,10.410,-0.3,-2.801,10.410,10.420,10.710,10.750,10.880,10.410,48832141,519731065,15:09:00,125.271,3.455,737392.510314,624289.346862,8.14274
sz002105,002105,信隆健康,5.710,0.02,0.351,5.710,5.720,5.690,5.710,5.800,5.620,6709063,38418881,15:08:30,-32.778,2.618,209124.15345,208112.926725,1.84077
sz002106,002106,莱宝高科,10.350,-0.27,-2.542,10.350,10.360,10.620,10.700,10.710,10.350,14631501,153933685,15:08:45,29.801,1.301,730519.7256,729574.05231,2.07568
sz002107,002107,沃华医药,6.420,0.09,1.422,6.410,6.420,6.330,6.320,6.480,6.220,15896360,101379020,15:08:15,37.765,5.24,370568.5632,366836.483022,2.78202
sz002108,002108,沧州明珠,4.370,-0.03,-0.682,4.370,4.380,4.400,4.400,4.470,4.350,30036763,132348926,15:08:00,47.243,1.43,720437.416022,720175.216022,1.82262
sz002109,002109,ST兴化,2.620,-0.03,-1.132,2.620,2.630,2.650,2.640,2.650,2.610,4214899,11072133,15:08:30,-6.461,0.853,334382.700962,334382.700962,0.33025
sz002110,002110,三钢闽光,3.010,-0.08,-2.589,3.000,3.010,3.090,3.100,3.110,3.000,29360300,88931493,15:08:45,301.0,0.377,731151.944327,731151.944327,1.2087
sz002111,002111,威海广泰,9.440,-0.15,-1.564,9.430,9.440,9.590,9.600,9.600,9.430,6901020,65540274,15:09:00,37.76,1.626,502218.433088,461381.507568,1.41197
sz002112,002112,三变科技,17.990,0.68,3.928,17.990,18.000,17.310,17.400,18.750,17.130,51003850,914914215,15:08:45,359.8,6.115,529142.176318,471481.92,19.46118
sz002114,002114,罗平锌电,7.250,-0.2,-2.685,7.250,7.260,7.450,7.500,7.500,7.250,7334100,53976944,15:08:30,-13.182,3.244,234461.568575,234458.346675,2.26788
sz002115,002115,三维通信,11.790,-0.2,-1.668,11.780,11.790,11.990,12.100,12.440,11.780,68639833,830909926,15:09:00,-723.313,4.595,949139.014428,879847.858053,9.19777
sz002116,002116,中国海诚,7.140,-0.02,-0.279,7.140,7.150,7.160,7.160,7.200,7.090,3169500,22629384,15:09:00,9.649,1.417,399092.340612,394237.216296,0.57403
sz002117,002117,东港股份,8.150,-0.11,-1.332,8.140,8.150,8.260,8.270,8.360,8.150,6057100,49942839,15:08:15,29.604,2.881,426832.578325,426697.0642,1.15692
sz002119,002119,康强电子,23.520,-0.7,-2.89,23.520,23.530,24.220,24.780,24.870,23.500,35107035,852447788,15:09:00,75.871,6.275,882667.968,882667.968,9.35479
sz002120,002120,韵达股份,6.690,-0.09,-1.327,6.690,6.700,6.780,6.780,6.780,6.680,21472111,144156203,15:08:45,16.317,0.911,1939565.687094,1883321.911797,0.76274
sz002121,002121,科陆电子,5.140,-0.08,-1.533,5.140,5.150,5.220,5.230,5.240,5.130,19251850,99774198,15:09:00,-54.623,24.234,859700.007512,725599.703036,1.36376
sz002122,002122,ST汇洲,2.600,-0.07,-2.622,2.590,2.600,2.670,2.660,2.690,2.590,19596800,51671449,15:07:30,113.537,2.384,520390.1495,516807.19038,0.98589
sz002123,002123,梦网科技,8.620,-0.03,-0.347,8.620,8.630,8.650,8.720,8.940,8.600,25824500,226695156,15:08:30,-31.926,4.563,694274.27258,621098.634858,3.58409
sz002124,002124,天邦食品,2.290,-0.01,-0.435,2.280,2.290,2.300,2.300,2.320,2.260,64195461,147054318,15:08:00,-3.881,3.068,508822.847528,451626.616957,3.25507
sz002125,002125,湘潭电化,12.640,-0.14,-1.095,12.630,12.640,12.780,12.780,12.870,12.630,16991659,216671628,15:09:00,35.111,2.338,795716.946864,795716.946864,2.69913
sz002126,002126,银轮股份,41.460,-1.03,-2.424,41.450,41.460,42.490,42.490,43.500,41.460,12260555,521048538,15:08:45,36.052,4.693,3510920.873478,3296681.559876,1.54192
sz002127,002127,南极电商,3.090,-0.07,-2.215,3.080,3.090,3.160,3.150,3.190,3.080,49903430,155815292,15:08:30,-26.076,1.948,758554.954527,616372.496073,2.50176
sz002128,002128,电投能源,26.480,-0.94,-3.428,26.480,26.490,27.420,27.260,27.390,26.400,13532035,361864810,15:08:45,10.942,2.085,8278911.276064,5935686.609464,0.60368
sz002129,002129,TCL中环,9.320,-0.1,-1.062,9.310,9.320,9.420,9.420,9.500,9.300,99642409,935223459,15:09:00,-4.019,1.883,3768172.822684,3764908.1553,2.46664
sz002130,002130,沃尔核材,17.040,-0.37,-2.125,17.030,17.040,17.410,17.410,17.450,17.020,25515813,439657306,15:09:00,18.522,2.607,2385408.064848,1954406.640816,2.22466
sz002131,002131,利欧股份,5.560,0.04,0.725,5.560,5.570,5.520,5.510,6.070,5.480,1584441002,9179464028,15:09:00,1069.231,2.918,3765108.958868,3255267.940424,27.06226
sz002132,002132,恒星科技,4.270,0.02,0.471,4.270,4.280,4.250,4.310,4.370,4.250,53586637,230515501,15:08:00,427.0,1.693,598459.586046,597452.597497,3.82984
sz002133,002133,广宇集团,2.680,-0.06,-2.19,2.670,2.680,2.740,2.750,2.760,2.660,12434400,33544259,15:09:00,53.924,0.716,207470.6389,206325.213868,1.61513
sz002134,002134,天津普林,22.350,-0.58,-2.529,22.350,22.360,22.930,23.120,23.430,22.350,6628200,152004745,15:08:15,1117.5,10.806,553872.77406,553515.225465,2.67635
sz002135,002135,东南网架,6.110,-0.17,-2.707,6.100,6.110,6.280,6.310,6.330,6.110,8569600,53233663,15:08:30,152.75,1.099,681584.46135,637806.055952,0.82094
sz002136,002136,安 纳 达,12.070,-0.41,-3.285,12.060,12.070,12.480,12.480,12.550,12.060,5332000,65328013,15:08:45,-28.031,2.383,259529.14,258848.10232,2.48629
sz002137,002137,实益达,7.920,-0.13,-1.615,7.920,7.930,8.050,8.230,8.300,7.910,22406567,180829103,15:08:15,106.166,2.995,457383.844368,313995.493152,5.65167
sz002138,002138,顺络电子,48.900,-1.1,-2.2,48.890,48.900,50.000,50.510,51.990,48.740,33744461,1705747180,15:09:00,37.615,6.006,3942896.75106,3747426.01332,4.4033
sz002139,002139,拓邦股份,9.870,-0.19,-1.889,9.870,9.880,10.060,10.060,10.140,9.870,19020881,190534996,15:08:30,32.9,1.758,1230626.133156,1057165.678989,1.77584
sz002140,002140,东华科技,8.950,-0.11,-1.214,8.940,8.950,9.060,9.080,9.080,8.940,5299463,47621562,15:08:45,11.889,1.299,633672.41544,632864.680625,0.74945
sz002141,002141,贤丰控股,6.650,-0.33,-4.728,6.650,6.660,6.980,6.990,7.050,6.650,205537977,1398297423,15:09:00,434.641,8.511,686902.30567,686902.30567,19.89843
sz002142,002142,宁波银行,32.290,0.25,0.78,32.290,32.300,32.040,31.810,32.370,31.750,20693599,666004779,15:09:00,7.527,0.917,21322994.667368,21309598.673289,0.31357
sz002144,002144,宏达高科,10.770,-0.21,-1.913,10.760,10.770,10.980,11.000,11.000,10.740,2580200,28138845,15:08:30,44.875,0.888,190373.242656,148240.085052,1.87458
sz002145,002145,钛能化学,4.450,-0.05,-1.111,4.450,4.460,4.500,4.490,4.520,4.450,48211661,216188850,15:08:45,45.178,1.281,1693969.121435,1693881.04481,1.26657
sz002146,002146,荣盛发展,1.210,-0.06,-4.724,1.210,1.220,1.270,1.270,1.280,1.200,317190449,390846473,15:09:00,-0.558,1.038,526127.825971,473294.083471,8.10913
sz002148,002148,北纬科技,6.580,0.02,0.305,6.580,6.590,6.560,6.560,6.880,6.550,27391530,182974956,15:08:15,-658.0,3.014,367658.37514,296702.472038,6.07465
sz002149,002149,西部材料,42.820,2.16,5.312,42.810,42.820,40.660,40.700,43.860,40.310,58037985,2428660795,15:09:00,202.267,5.614,2090533.521268,2090212.371268,11.88964
sz002150,002150,正泰电源,22.250,-0.25,-1.111,22.250,22.260,22.500,22.520,22.700,22.250,7488232,167820247,15:08:45,28.526,3.712,802933.086675,797672.505825,2.08874
sz002151,002151,北斗星通,29.180,-0.38,-1.286,29.180,29.190,29.560,29.790,29.950,29.180,9726492,287736010,15:09:00,-62.085,3.276,1584214.044134,1292134.496816,2.19651
sz002152,002152,广电运通,10.090,-0.13,-1.272,10.090,10.100,10.220,10.270,10.450,10.080,25108320,257385148,15:09:00,28.829,1.971,2505733.344082,2504472.916417,1.01156
sz002153,002153,石基信息,8.380,-0.24,-2.784,8.380,8.390,8.620,8.650,9.100,8.370,58975467,508859844,15:09:00,-139.667,3.417,2287064.438758,1340602.067752,3.68651
sz002154,002154,报 喜 鸟,4.220,-0.05,-1.171,4.210,4.220,4.270,4.260,4.290,4.180,24896400,105644768,15:09:00,18.348,1.263,615838.833638,497864.344416,2.11027
sz002155,002155,湖南黄金,24.730,-1.14,-4.407,24.720,24.730,25.870,25.960,26.180,24.680,58644309,1485292264,15:09:00,26.032,4.436,3864436.704468,3864089.473011,3.75321
sz002156,002156,通富微电,62.220,-0.64,-1.018,62.220,62.230,62.860,63.820,64.610,62.100,92379085,5886057374,15:09:00,77.775,6.03,9442487.986464,9441587.725284,6.08778
sz002157,002157,正邦科技,3.020,0.04,1.342,3.010,3.020,2.980,2.970,3.030,2.950,159683422,477535334,15:09:00,-51.1,2.674,2793549.101878,2351876.77639,2.05046
sz002158,002158,汉钟精机,27.840,-0.43,-1.521,27.830,27.840,28.270,28.630,29.020,27.840,11518517,328478534,15:08:45,31.759,3.337,1488672.002976,1485450.038016,2.15878
sz002159,002159,三特索道,13.540,-0.1,-0.733,13.530,13.540,13.640,13.610,13.720,13.500,2355700,32030928,15:09:00,16.716,1.622,240065.99405,187491.850302,1.7012
sz002160,002160,常铝股份,3.900,-0.11,-2.743,3.900,3.910,4.010,4.000,4.020,3.900,21475900,84806441,15:08:45,57.949,1.068,402784.65513,401984.50071,2.08356
sz002161,002161,远 望 谷,5.910,-0.01,-0.169,5.900,5.910,5.920,5.940,6.010,5.880,13553197,80541485,15:08:30,284.135,2.875,437196.6234,437109.12585,1.83248
sz002162,002162,悦心健康,4.090,-0.06,-1.446,4.090,4.100,4.150,4.110,4.200,3.980,34372340,140391038,15:09:00,560.274,4.541,376157.694685,375593.542989,3.74295
sz002163,002163,海南发展,8.360,-0.23,-2.678,8.360,8.370,8.590,8.590,8.650,8.360,19356942,164039838,15:09:00,-14.929,11.882,706384.776812,671766.8595,2.40893
sz002164,002164,宁波东力,12.590,-0.5,-3.82,12.580,12.590,13.090,13.190,13.360,12.530,38136926,488853093,15:08:45,34.027,4.214,670006.674451,604036.905037,7.94892
sz002165,002165,红 宝 丽,6.660,-0.25,-3.618,6.660,6.670,6.910,6.910,6.950,6.660,71974145,486064389,15:09:00,282.203,2.449,489689.711442,484571.074536,9.89221
sz002166,002166,莱茵生物,6.810,-0.02,-0.293,6.810,6.820,6.830,6.800,6.950,6.710,13819671,94575343,15:08:45,35.013,1.584,505036.018425,502976.674425,1.8711
sz002167,002167,东方锆业,17.000,-0.52,-2.968,16.990,17.000,17.520,17.600,17.810,16.960,74078285,1290321469,15:09:00,242.857,7.401,1316944.61,1289812.0371,9.76368
sz002168,002168,ST惠程,3.930,0.06,1.55,3.930,3.940,3.870,3.860,4.030,3.860,8190400,32419508,15:08:45,-38.988,274.825,308176.203624,308176.203624,1.04448
sz002169,002169,智光电气,12.870,-0.41,-3.087,12.860,12.870,13.280,13.310,13.420,12.840,27023637,353814941,15:08:15,73.375,3.603,1007340.168978,976413.395529,3.56196
sz002170,002170,芭田股份,11.140,-0.33,-2.877,11.130,11.140,11.470,11.420,11.510,11.120,19279500,217049298,15:08:45,11.802,2.67,1081021.374598,878806.401318,2.44392
sz002171,002171,楚江新材,9.560,-0.24,-2.449,9.550,9.560,9.800,9.850,9.860,9.550,36549681,355383980,15:09:00,38.24,1.742,1551528.605632,1542736.84532,2.2649
sz002172,002172,澳洋健康,4.130,0.38,10.133,4.130,0.000,3.750,4.130,4.130,4.130,23329002,96348778,15:08:45,82.6,17.456,316247.46468,316003.12149,3.04898
sz002173,002173,创新医疗,22.080,-0.34,-1.517,22.080,22.090,22.420,22.000,22.910,21.750,95609567,2125740164,15:09:00,-276.0,5.649,974355.849216,929269.988448,22.71739
sz002174,002174,游族网络,13.380,1.22,10.033,13.380,0.000,12.160,13.190,13.380,12.850,31170963,413420403,15:08:45,-35.211,2.889,1310987.073846,1310248.598196,3.18312
sz002175,002175,*ST东智,2.510,-0.06,-2.335,2.510,2.520,2.570,2.550,2.570,2.510,17977920,45520846,15:09:00,-98.047,4.141,320471.962477,320471.962477,1.40807
sz002176,002176,江特电机,9.470,0.07,0.745,9.460,9.470,9.400,9.440,9.650,9.380,76660399,730138867,15:09:00,-43.045,5.453,1612031.300207,1609673.270207,4.51007
sz002177,002177,御银股份,5.690,-0.11,-1.897,5.690,5.700,5.800,5.850,5.880,5.690,27042486,156593676,15:08:15,334.706,2.521,433117.846286,388718.127057,3.95844
sz002178,002178,延华智能,4.820,-0.27,-5.305,4.820,4.830,5.090,5.090,5.200,4.800,58830428,288101025,15:09:00,482.0,7.943,343257.746482,343079.482156,8.26522
sz002179,002179,中航光电,35.470,-0.01,-0.028,35.470,35.480,35.480,35.780,36.280,35.410,24891301,893284829,15:09:00,34.645,3.019,7449573.615459,7436038.075468,1.18732
sz002180,002180,奔图科技,17.700,-0.18,-1.007,17.690,17.700,17.880,17.850,18.000,17.500,21015950,372718928,15:08:15,-34.733,2.758,2516725.69371,2407708.87146,1.54496
sz002181,002181,粤 传 媒,9.200,-0.18,-1.919,9.190,9.200,9.380,9.440,9.690,9.200,53870424,508329254,15:09:00,116.015,2.512,1068173.52008,1043774.13568,4.74823
sz002182,002182,宝武镁业,12.170,-0.46,-3.642,12.170,12.180,12.630,12.670,12.680,12.170,22203920,275375145,15:09:00,-650.802,2.285,1207010.320001,1053319.968355,2.56543
sz002183,002183,怡 亚 通,4.590,-0.09,-1.923,4.590,4.600,4.680,4.690,4.740,4.590,46662083,216708803,15:09:00,-38.25,1.315,1192027.172769,1192020.287769,1.79677
sz002184,002184,海得控制,10.040,-0.13,-1.278,10.030,10.040,10.170,10.170,10.250,10.040,5494363,55732361,15:08:15,-43.09,2.779,353316.00348,249282.479288,2.21289
sz002185,002185,华天科技,17.880,-0.42,-2.295,17.880,17.890,18.300,18.650,18.700,17.870,314202609,5761822688,15:09:00,81.273,3.317,5942281.425408,5940901.341516,9.45638
sz002186,002186,全 聚 德,9.390,-0.13,-1.366,9.380,9.390,9.520,9.480,9.530,9.350,2975901,28079523,15:08:15,371.146,3.377,288199.371132,288086.691132,0.96998
sz002187,002187,广百股份,5.410,-0.06,-1.097,5.400,5.410,5.470,5.450,5.500,5.370,9633700,52270398,15:08:30,-38.643,0.947,379183.996453,379183.996453,1.37449
sz002188,002188,中天服务,5.350,-0.14,-2.55,5.350,5.370,5.490,5.480,5.520,5.340,6799100,36882335,15:08:15,53.5,4.853,175000.56724,137689.208745,2.64183
sz002189,002189,中光学,19.050,-0.18,-0.936,19.050,19.060,19.230,19.230,19.380,18.950,3120867,59874318,15:08:30,-22.077,11.909,497584.615065,497509.649505,1.195
sz002190,002190,成飞集成,23.620,-0.01,-0.042,23.610,23.620,23.630,23.570,24.060,23.380,5677281,134864465,15:08:30,-192.816,1.949,847318.708166,847318.708166,1.58261
sz002191,002191,劲嘉股份,3.760,-0.06,-1.571,3.760,3.770,3.820,3.820,3.830,3.750,9398900,35564786,15:09:00,-15.667,0.854,531656.041584,527421.041536,0.67005
sz002192,002192,融捷股份,70.950,0.74,1.054,70.950,70.960,70.210,70.150,72.180,69.450,16129686,1143524302,15:08:45,66.086,4.754,1842253.665285,1838439.662895,6.22485
sz002193,002193,ST如意,4.790,-0.01,-0.208,4.790,4.810,4.800,4.820,5.000,4.740,6312004,30867358,15:08:30,-3.407,4.655,125361.74845,125361.02995,2.41179
sz002194,002194,武汉凡谷,10.580,-0.45,-4.08,10.570,10.580,11.030,11.140,11.260,10.500,75956423,813471257,15:09:00,-618.713,2.918,722916.382748,540509.8233,14.8678
sz002195,002195,岩山科技,6.910,-0.15,-2.125,6.900,6.910,7.060,7.020,7.210,6.900,241791888,1705336263,15:09:00,423.926,3.952,3915581.072036,3880540.904967,4.30554
sz002196,002196,方正电机,11.140,-0.2,-1.764,11.130,11.140,11.340,11.460,11.470,11.140,18653200,210675374,15:08:30,263.357,3.874,552401.33002,544089.193398,3.81917
sz002197,002197,证通电子,7.210,-0.07,-0.962,7.210,7.220,7.280,7.430,7.570,7.210,47330596,350311413,15:08:45,-11.629,2.514,442955.671088,385014.008652,8.86341
sz002198,002198,ST嘉应,3.430,-0.02,-0.58,3.420,3.430,3.450,3.450,3.500,3.390,6331300,21768790,15:08:45,57.072,2.383,174075.877864,174065.707914,1.2476
sz002199,002199,东晶电子,12.830,-0.4,-3.023,12.830,12.840,13.230,13.300,13.300,12.810,9847186,128051287,15:08:15,-61.095,17.245,312336.551729,296285.875319,4.2641
sz002200,002200,交投生态,6.840,-0.38,-5.263,6.840,6.850,7.220,7.220,7.220,6.800,6676700,46448768,15:08:15,-56.482,2.304,308569.897404,133876.56348,3.41125
sz002201,002201,九鼎新材,8.290,-0.2,-2.356,8.280,8.290,8.490,8.500,8.560,8.280,13436400,113234888,15:08:30,59.214,4.559,540206.443789,499077.19135,2.23187
sz002202,002202,金风科技,20.930,0.49,2.397,20.920,20.930,20.440,20.770,21.410,20.620,149888272,3159967164,15:09:00,32.862,2.223,8840389.638171,7039816.134533,4.45631
sz002203,002203,海亮股份,19.310,-0.07,-0.361,19.300,19.310,19.380,19.600,20.250,19.280,22677427,447617307,15:08:15,41.085,2.594,4425379.434094,4271644.790439,1.02513
sz002204,002204,大连重工,5.350,-0.04,-0.742,5.350,5.360,5.390,5.440,5.450,5.340,17762200,95671538,15:08:15,17.547,1.285,1033282.96712,1033282.96712,0.91967
sz002205,002205,国统股份,10.620,-0.26,-2.39,10.600,10.620,10.880,10.880,10.920,10.580,1986600,21297135,15:08:30,-21.861,7.692,197365.508136,197365.508136,1.06897
sz002206,002206,海 利 得,5.250,-0.08,-1.501,5.250,5.260,5.330,5.340,5.350,5.240,9757700,51644483,15:08:15,11.667,1.479,610064.2905,554909.76765,0.92318
sz002207,002207,*ST准油,5.940,-0.19,-3.1,5.940,5.960,6.130,6.060,6.060,5.930,9418300,56496760,15:08:45,-39.6,132.886,155660.894532,154922.2686,3.61115
sz002208,002208,合肥城建,11.310,-0.41,-3.498,11.310,11.320,11.720,11.940,11.960,11.280,45419636,524082583,15:09:00,-17.4,1.534,908523.132114,908274.733977,5.65573
sz002209,002209,达 意 隆,11.260,-0.05,-0.442,11.260,11.280,11.310,11.330,11.440,11.160,3658700,41346898,15:08:30,18.282,2.68,230300.8363,177737.735288,2.31785
sz002210,002210,飞马国际,2.290,-0.05,-2.137,2.290,2.300,2.340,2.340,2.340,2.290,59247400,136951342,15:08:45,394.828,6.502,609422.305246,608056.337421,2.23132
sz002211,002211,ST宏达,3.760,-0.14,-3.59,3.760,3.770,3.900,3.880,3.900,3.750,8787200,33587407,15:08:30,-109.942,33.692,162610.892904,162610.892904,2.03184
sz002212,002212,天融信,6.640,-0.26,-3.768,6.640,6.650,6.900,6.910,6.950,6.640,88487119,599397458,15:09:00,103.266,0.822,783157.375656,774784.371512,7.58346
sz002213,002213,大为股份,29.500,-0.75,-2.479,29.490,29.500,30.250,30.880,31.000,29.500,11496279,347658915,15:08:00,-446.97,12.855,709245.14485,609817.80205,5.56134
sz002214,002214,大立科技,14.410,-0.51,-3.418,14.410,14.420,14.920,14.840,15.100,14.410,7972987,117493381,15:08:45,-37.921,6.859,862672.931967,689398.396973,1.66654
sz002215,002215,诺 普 信,8.950,-0.16,-1.756,8.950,8.960,9.110,9.120,9.130,8.950,13688367,123135757,15:09:00,13.542,1.842,898811.63495,723215.46673,1.69397
sz002216,002216,三全食品,12.720,-0.01,-0.079,12.710,12.720,12.730,12.790,12.840,12.520,7415840,94213508,15:07:45,20.516,2.293,1118322.109056,801999.038808,1.17618
sz002217,002217,ST合力泰,1.540,0.01,0.654,1.530,1.540,1.530,1.540,1.570,1.530,116956813,180645684,15:08:45,481.25,6.155,1151827.434912,1121015.648214,1.6067
sz002218,002218,拓日新能,4.130,-0.12,-2.824,4.130,4.140,4.250,4.240,4.260,4.120,48250521,201379511,15:08:45,-29.332,1.48,581627.961537,573110.951637,3.47707
sz002219,002219,新里程,2.500,0.23,10.132,2.500,0.000,2.270,2.240,2.500,2.230,247198185,599082635,15:09:00,265.957,4.375,862980.43825,817967.855,7.55525
sz002221,002221,东华能源,5.490,-0.11,-1.964,5.480,5.490,5.600,5.590,5.600,5.470,22945391,126565317,15:08:15,-9.399,0.867,865294.144083,802028.534238,1.57064
sz002222,002222,福晶科技,63.690,-1.81,-2.763,63.690,63.700,65.500,66.500,66.800,63.600,29853958,1951362036,15:08:30,107.512,16.383,2995022.25,2981658.266466,6.37698
sz002223,002223,鱼跃医疗,26.880,-0.11,-0.408,26.880,26.890,26.990,26.910,27.250,26.690,9717585,262316985,15:08:45,18.162,1.974,2694657.985152,2532884.441472,1.03127
sz002224,002224,三 力 士,3.590,-0.06,-1.644,3.590,3.600,3.650,3.660,3.670,3.580,9772801,35277304,15:08:30,179.5,1.007,323859.760316,289490.552471,1.21193
sz002225,002225,濮耐股份,3.810,-0.05,-1.295,3.810,3.820,3.860,3.870,3.880,3.800,16894200,64846763,15:08:00,47.625,1.069,441670.115007,361425.017052,1.78092
sz002226,002226,江南化工,5.240,-0.08,-1.504,5.240,5.250,5.320,5.330,5.390,5.240,27079040,143807896,15:08:30,18.322,1.431,1388035.57602,1388033.07654,1.02227
sz002227,002227,*ST特迅,6.430,-0.12,-1.832,6.430,6.440,6.550,6.550,6.590,6.430,2175800,14066375,15:08:45,-23.675,1.73,159339.36731,158137.340538,0.8847
sz002228,002228,合兴包装,3.110,-0.06,-1.893,3.110,3.120,3.170,3.180,3.190,3.100,21916060,68586094,15:09:00,34.556,1.254,377362.930619,376099.051499,1.81226
sz002229,002229,鸿博股份,13.650,0.74,5.732,13.650,13.660,12.910,13.850,14.200,13.190,221525439,3084161645,15:09:00,-46.177,6.326,677301.38112,673158.162495,44.91994
sz002230,002230,科大讯飞,41.960,-0.63,-1.479,41.960,41.970,42.590,42.620,43.160,41.950,36059625,1534636410,15:09:00,116.556,5.346,10079127.012836,9189101.28024,1.64658
sz002232,002232,启明信息,14.630,-0.13,-0.881,14.630,14.640,14.760,14.850,15.050,14.630,4531538,67309982,15:08:15,183.563,4.227,597706.389665,597706.389665,1.10918
sz002233,002233,塔牌集团,7.090,-0.1,-1.391,7.080,7.090,7.190,7.170,7.200,7.080,10969538,78072689,15:09:00,13.13,0.711,832472.710172,832098.996272,0.93467
sz002234,002234,民和股份,7.740,-0.09,-1.149,7.740,7.750,7.830,7.950,7.980,7.690,5474700,42627579,15:08:15,-10.052,1.587,270095.204088,233290.286586,1.81637
sz002235,002235,安妮股份,9.850,-0.14,-1.401,9.850,9.860,9.990,10.000,10.460,9.840,73570430,746962549,15:09:00,-328.333,7.826,570878.69974,545274.62747,13.28998
sz002236,002236,大华股份,16.460,-0.16,-0.963,16.450,16.460,16.620,16.690,16.870,16.450,40373511,673041368,15:08:30,13.949,1.4,5381205.373804,3935794.98439,1.68847
sz002237,002237,恒邦股份,13.730,-0.52,-3.649,13.720,13.730,14.250,14.340,14.390,13.670,27645521,385673189,15:09:00,25.426,1.457,1963349.370184,1637104.798984,2.31856
sz002238,002238,天威视讯,6.150,-0.07,-1.125,6.150,6.160,6.220,6.300,6.600,6.140,11809631,74628484,15:08:15,-25.55,2.53,493573.8834,493573.8834,1.4715
sz002239,002239,奥特佳,2.510,-0.04,-1.569,2.500,2.510,2.550,2.550,2.560,2.510,53866437,136408041,15:08:15,41.833,1.527,881887.223414,819804.176096,1.64923
sz002240,002240,盛新锂能,32.970,-0.03,-0.091,32.970,32.980,33.000,33.100,33.660,32.430,43593336,1437364071,15:08:45,-33.643,2.812,3017723.895984,3009860.056434,4.77521
sz002241,002241,歌尔股份,22.120,-0.44,-1.95,22.120,22.130,22.560,22.570,22.690,22.110,61752304,1381735308,15:09:00,19.404,2.102,7857623.845736,6958311.296412,1.96306
sz002242,002242,九阳股份,9.130,-0.01,-0.109,9.120,9.130,9.140,9.100,9.220,9.020,7045347,64275355,15:08:15,57.063,2.0,696634.521,695419.066925,0.92497
sz002243,002243,力合科创,7.460,0,0,7.450,7.460,7.460,7.500,7.570,7.440,11253518,84520129,15:08:30,51.061,1.238,903110.747374,898290.14834,0.93457
sz002244,002244,滨江集团,9.260,-0.27,-2.833,9.260,9.270,9.530,9.540,9.580,9.130,47629106,443983497,15:08:45,13.618,0.951,2881197.04214,2553490.68884,1.72723
sz002245,002245,蔚蓝锂芯,18.510,0.03,0.162,18.500,18.510,18.480,18.480,18.930,18.310,73809042,1378450631,15:09:00,30.029,4.034,3160840.888494,2973816.152058,4.59412
sz002246,002246,北化股份,21.490,-0.57,-2.584,21.480,21.490,22.060,22.080,22.570,21.440,20783697,453202153,15:08:45,44.771,3.616,1179875.772306,1179875.772306,3.7855
sz002247,002247,聚力文化,2.330,-0.06,-2.51,2.330,2.340,2.390,2.400,2.400,2.320,27080300,63664861,15:08:30,38.833,2.948,198252.721417,149944.976576,4.20802
sz002248,002248,华东数控,11.740,-0.43,-3.533,11.730,11.740,12.170,11.910,12.850,11.480,100834797,1213003089,15:09:00,106.727,31.466,360999.8344,360999.8344,32.79227
sz002249,002249,大洋电机,7.350,-0.06,-0.81,7.340,7.350,7.410,7.430,7.510,7.330,31681203,235384590,15:09:00,16.705,1.787,1813235.557455,1369875.825255,1.69984
sz002250,002250,联化科技,16.370,-1.1,-6.297,16.360,16.370,17.470,17.400,17.480,16.340,28919969,485904638,15:08:30,41.172,2.155,1473092.456229,1465075.312572,3.23137
sz002251,002251,步步高,3.880,-0.07,-1.772,3.880,3.890,3.950,3.930,4.020,3.880,169470863,665358326,15:09:00,97.0,1.228,1043215.479332,862319.182172,7.62533
sz002252,002252,上海莱士,5.020,0.05,1.006,5.010,5.020,4.970,4.980,5.070,4.900,66602921,333007980,15:09:00,20.917,1.018,3309521.78827,3307306.46227,1.01093
sz002253,002253,川大智胜,9.950,-0.13,-1.29,9.950,9.960,10.080,10.090,10.150,9.910,4447415,44593106,15:09:00,-9.213,2.647,224497.964525,208899.26296,2.11833
sz002254,002254,泰和新材,12.460,-0.33,-2.58,12.460,12.470,12.790,12.850,12.900,12.460,21622408,273863846,15:08:30,249.2,1.5,1061004.116018,1059813.843368,2.5421
sz002255,002255,海陆重工,8.400,-0.16,-1.869,8.400,8.410,8.560,8.560,8.580,8.400,9756800,82901113,15:08:00,16.733,1.511,697940.0862,535896.68412,1.52935
sz002256,002256,兆新股份,3.720,-0.13,-3.377,3.720,3.730,3.850,3.850,3.870,3.720,96514870,365707867,15:08:45,186.0,6.285,759116.6385,749337.056472,4.79137
sz002258,002258,利尔化学,13.710,-0.48,-3.383,13.710,13.720,14.190,14.170,14.240,13.710,21335577,297932210,15:08:45,22.923,1.371,1097399.439588,1095632.586645,2.66979
sz002259,002259,升达林业,3.970,-0.05,-1.244,3.960,3.970,4.020,4.040,4.050,3.940,10625640,42523873,15:08:15,22.66,6.519,298674.321999,298674.321999,1.41237
sz002261,002261,拓维信息,26.150,-0.12,-0.457,26.150,26.160,26.270,26.660,27.080,26.140,62197979,1653430804,15:09:00,515.779,12.613,3294816.77501,2997065.832815,5.4269
sz002262,002262,恩华药业,22.140,0.04,0.181,22.140,22.160,22.100,22.150,22.400,21.700,10570100,233638356,15:08:45,21.086,2.685,2248951.494762,1956680.73927,1.19602
sz002263,002263,大东南,3.040,-0.08,-2.564,3.030,3.040,3.120,3.110,3.140,3.030,49485845,152486689,15:08:45,304.0,2.056,571021.4704,571016.9104,2.63454
sz002264,002264,新 华 都,6.640,-0.1,-1.484,6.630,6.640,6.740,6.700,6.860,6.620,19155342,129107896,15:08:15,27.667,2.294,477954.7032,432202.827008,2.94287
sz002265,002265,建设工业,20.600,0.71,3.57,20.590,20.600,19.890,19.930,21.450,19.770,32787685,676814310,15:08:45,89.565,5.457,2128063.23842,2128063.23842,3.1739
sz002266,002266,浙富控股,4.910,-0.12,-2.386,4.900,4.910,5.030,5.030,5.040,4.900,56566703,280649740,15:08:15,22.318,2.026,2562662.258382,2377709.347439,1.16811
sz002267,002267,陕天然气,6.960,-0.12,-1.695,6.950,6.960,7.080,7.080,7.090,6.950,8691800,60854098,15:09:00,13.255,1.103,774004.50972,774004.50972,0.78158
sz002268,002268,电科网安,14.170,-0.28,-1.938,14.160,14.170,14.450,14.500,14.690,14.160,12044035,173179257,15:08:45,207.771,2.18,1198266.329611,1197725.602411,1.4249
sz002269,002269,美邦服饰,1.490,-0.02,-1.325,1.480,1.490,1.510,1.520,1.530,1.480,58109629,86826427,15:08:30,-14.9,17.488,374362.5,349215.632175,2.47937
sz002270,002270,华明装备,20.320,-0.29,-1.407,20.320,20.330,20.610,20.610,20.930,20.300,14297225,294568115,15:09:00,25.722,5.834,1821130.075792,1821100.892208,1.5953
sz002271,002271,东方雨虹,11.530,-0.39,-3.272,11.520,11.530,11.920,11.860,11.880,11.510,48091940,560125155,15:08:30,230.6,1.343,2754170.945498,2207409.1607,2.51199
sz002272,002272,川润股份,15.000,-0.74,-4.701,15.000,15.010,15.740,15.900,15.920,14.990,37542623,577324844,15:08:45,-291.829,4.985,727315.95,612199.647,9.19862
sz002273,002273,水晶光电,26.960,-0.59,-2.142,26.950,26.960,27.550,27.900,28.320,26.700,39491596,1091277148,15:09:00,31.349,3.677,3749144.467816,3682955.392392,2.89087
sz002274,002274,华昌化工,5.640,-0.07,-1.226,5.640,5.650,5.710,5.700,5.720,5.620,14448955,81875662,15:08:45,-26.281,1.018,537133.660344,528946.90932,1.54065
sz002275,002275,桂林三金,13.460,0.16,1.203,13.460,13.470,13.300,13.310,13.540,13.160,3256200,43598517,15:09:00,18.189,2.379,790867.3356,760155.25653,0.57657
sz002276,002276,万马股份,10.410,-0.15,-1.42,10.410,10.420,10.560,10.560,10.620,10.400,13247302,139235386,15:08:45,30.2,1.719,1052529.539286,1048381.362486,1.3154
sz002277,002277,友阿股份,5.890,0.01,0.17,5.890,5.900,5.880,5.870,5.990,5.800,21698801,128314355,15:08:45,-24.542,1.284,821167.7792,821167.7792,1.55639
sz002278,002278,神开股份,7.990,-0.09,-1.114,7.990,8.000,8.080,8.070,8.130,7.920,10523472,84272890,15:08:45,51.548,2.197,310505.713286,286682.088488,2.93295
sz002279,002279,久其软件,7.010,-0.17,-2.368,7.010,7.020,7.180,7.180,7.320,7.010,67317909,482269334,15:09:00,133.524,4.328,604407.016571,557644.998785,8.46235
sz002281,002281,光迅科技,184.850,-0.18,-0.097,184.840,184.850,185.030,191.000,196.000,184.390,51247543,9796882791,15:09:00,152.769,14.799,15302785.77043,14535318.40522,6.5173
sz002282,002282,博深股份,5.870,-0.05,-0.845,5.870,5.880,5.920,5.920,5.950,5.860,3235302,19041953,15:08:30,20.241,0.85,309254.110276,296443.886006,0.64063
sz002283,002283,天润工业,9.140,-0.17,-1.826,9.130,9.140,9.310,9.310,9.510,9.140,16887883,157500342,15:08:15,27.697,1.668,1041463.860692,916583.447506,1.68403
sz002284,002284,亚太股份,9.340,-0.18,-1.891,9.340,9.350,9.520,9.560,9.570,9.340,12791264,120713967,15:09:00,14.152,1.969,690319.725032,683863.917032,1.74699
sz002285,002285,世联行,2.220,-0.06,-2.632,2.220,2.230,2.280,2.300,2.300,2.210,45151714,101161912,15:08:15,-6.727,2.02,442408.046436,438502.936122,2.28589
sz002286,002286,保龄宝,7.980,-0.14,-1.724,7.980,7.990,8.120,8.110,8.110,7.970,6786200,54493730,15:08:30,19.463,1.317,303221.94924,295012.275264,1.83565
sz002287,002287,奇正藏药,20.880,0.28,1.359,20.870,20.880,20.600,20.680,21.060,20.360,3937791,82048314,15:08:15,17.502,2.369,1194582.807864,1192133.978496,0.6897
sz002289,002289,宇顺电子,37.100,-0.77,-2.033,37.100,37.110,37.870,38.830,39.850,37.100,5545700,213910697,15:09:00,-712.092,39.189,1039741.34943,1018139.87443,2.0208
sz002290,002290,禾盛新材,62.250,-0.11,-0.176,62.220,62.250,62.360,63.600,65.370,62.010,7476321,478165252,15:08:00,94.318,14.679,1544499.25425,1539609.44205,3.02285
sz002291,002291,遥望科技,5.610,-0.03,-0.532,5.610,5.620,5.640,5.650,5.850,5.600,56818699,324821827,15:08:45,-8.014,1.763,524608.128033,487579.27647,6.53746
sz002292,002292,奥飞娱乐,8.330,-0.06,-0.715,8.330,8.340,8.390,8.400,8.570,8.320,47012948,397036845,15:08:45,166.6,4.143,1231756.847601,847896.939673,4.6187
sz002293,002293,罗莱生活,10.900,-0.23,-2.066,10.900,10.910,11.130,11.000,11.150,10.900,4537640,50073266,15:09:00,17.423,2.102,912560.18729,904961.31442,0.54655
sz002294,002294,信立泰,35.800,0.51,1.445,35.800,35.810,35.290,35.100,36.600,34.580,37529367,1341998551,15:09:00,61.724,4.363,3991043.1953,3990145.33488,3.36717
sz002295,002295,精艺股份,8.800,-0.2,-2.222,8.780,8.800,9.000,9.150,9.150,8.760,2238004,19979535,15:08:30,-41.905,1.698,220542.08,220375.76,0.89368
sz002296,002296,辉煌科技,9.030,-0.02,-0.221,9.020,9.030,9.050,9.090,9.280,9.020,11551700,105514189,15:09:00,18.813,1.411,351791.11926,313716.145932,3.32504
sz002297,002297,博云新材,18.590,-0.54,-2.823,18.590,18.600,19.130,19.260,19.340,18.590,36555828,694911038,15:08:45,172.289,4.715,1065401.858521,1065401.858521,6.37856
sz002298,002298,中电鑫龙,8.960,-0.36,-3.863,8.960,8.970,9.320,9.320,9.360,8.910,77147710,702491585,15:09:00,-15.719,3.554,663139.367296,592038.260352,11.67566
sz002299,002299,圣农发展,16.190,-0.18,-1.1,16.190,16.200,16.370,16.280,16.380,16.050,13820291,223928175,15:08:45,14.451,1.754,2012045.151318,1972912.972584,1.13411
sz002300,002300,太阳电缆,7.440,-0.16,-2.105,7.440,7.450,7.600,7.650,7.650,7.420,35584040,267034100,15:09:00,64.639,2.823,537416.2728,537387.488184,4.92652
sz002301,002301,齐心集团,7.690,0.25,3.36,7.680,7.690,7.440,7.460,7.800,7.420,16102300,123293655,15:09:00,69.909,1.784,556762.100477,552134.481487,2.24269
sz002302,002302,西部建设,4.780,-0.13,-2.648,4.780,4.790,4.910,4.900,4.910,4.770,12778494,61753153,15:08:15,-8.084,0.778,603405.357312,603405.357312,1.01227
sz002303,002303,美盈森,5.260,-0.01,-0.19,5.260,5.270,5.270,5.300,5.450,5.230,48188218,257484353,15:09:00,30.869,1.793,805476.25831,508579.435982,4.98388
sz002304,002304,洋河股份,41.570,-0.05,-0.12,41.570,41.580,41.620,41.400,42.130,41.400,7096244,296517758,15:09:00,28.387,1.272,6262292.172618,6262144.391268,0.47107
sz002305,002305,*ST南置,2.110,-0.05,-2.315,2.100,2.110,2.160,2.150,2.150,2.090,21375300,45239019,15:09:00,-2.028,14.622,365919.52747,365895.791236,1.23264
sz002306,002306,ST云网,1.880,-0.04,-2.083,1.880,1.900,1.920,1.920,1.950,1.880,8125800,15503960,15:09:00,-27.811,23.588,163515.35,152785.446084,0.99987
sz002307,002307,北新路桥,3.010,-0.06,-1.954,3.000,3.010,3.070,3.070,3.080,3.000,28069729,84982137,15:08:15,-37.625,1.15,496282.495856,490366.034137,1.723
sz002309,002309,中利集团,3.370,-0.1,-2.882,3.360,3.370,3.470,3.460,3.470,3.320,220080184,744144780,15:09:00,-168.5,5.408,1013583.234745,810866.587796,9.14664
sz002310,002310,东方新能,2.540,-0.04,-1.55,2.530,2.540,2.580,2.560,2.600,2.530,158835323,407607454,15:08:45,-254.0,6.361,1523827.817718,1117348.400808,3.61071
sz002311,002311,海大集团,45.500,-0.23,-0.503,45.460,45.500,45.730,45.620,45.680,44.900,8518197,386318259,15:08:15,17.636,2.962,7533127.47915,7525871.0618,0.51499
sz002312,002312,川发龙蟒,8.390,-0.16,-1.871,8.380,8.390,8.550,8.550,8.550,8.380,19172156,161955871,15:09:00,38.136,1.633,1583788.055716,1580524.307122,1.01773
sz002313,002313,日海智能,8.590,0.02,0.233,8.580,8.590,8.570,8.660,8.970,8.590,13432300,117646641,15:08:45,-14.082,41.943,321609.6,321586.986825,3.58794
sz002314,002314,南山控股,2.160,-0.05,-2.262,2.160,2.170,2.210,2.220,2.220,2.150,26995305,58607126,15:09:00,-2.959,0.868,584881.022808,289077.992424,2.0171
sz002315,002315,焦点科技,26.770,-0.46,-1.689,26.760,26.770,27.230,27.200,27.880,26.740,7805443,212261132,15:08:15,16.864,3.837,1104012.545833,703818.815759,2.96883
sz002316,002316,亚联发展,4.440,-0.08,-1.77,4.430,4.440,4.520,4.540,4.570,4.430,10296200,46333528,15:08:30,282.803,22.289,174545.28,151308.54,3.02132
sz002317,002317,众生药业,29.000,1.05,3.757,29.000,29.010,27.950,27.840,29.920,27.390,69500456,2025728368,15:09:00,87.879,5.925,2464798.3833,2208690.4774,9.12538
sz002318,002318,久立特材,19.850,-0.41,-2.024,19.850,19.860,20.260,20.250,20.280,19.850,6253425,125239612,15:09:00,12.484,2.127,1939683.8792,1893739.821515,0.65548
sz002319,002319,乐通股份,11.060,-0.25,-2.21,11.060,11.070,11.310,11.280,11.400,10.990,7579700,84887667,15:08:15,-221.2,12.963,231676.59606,231676.59606,3.61847
sz002320,002320,海峡股份,6.580,-0.12,-1.791,6.580,6.590,6.700,6.700,6.720,6.580,15748037,104389796,15:08:00,84.903,3.57,1471155.075446,1471155.075446,0.70436
sz002321,002321,华英农业,2.000,0,0,2.000,2.010,2.000,2.010,2.030,1.970,31137400,62312728,15:08:45,-66.667,4.627,426578.0142,424773.2218,1.46607
sz002322,002322,理工能科,11.860,1.08,10.019,11.860,0.000,10.780,11.860,11.860,11.860,5371954,63711374,15:08:30,19.443,1.536,433516.17242,416737.781794,1.52881
sz002323,002323,*ST雅博,1.310,-0.02,-1.504,1.300,1.310,1.330,1.320,1.340,1.300,37526290,49482074,15:08:45,-16.375,14.491,277832.023602,277784.313402,1.7697
sz002324,002324,普利特,9.280,-0.18,-1.903,9.270,9.280,9.460,9.510,9.580,9.260,14619289,137704977,15:08:30,27.71,2.201,1032248.038144,720384.092736,1.88326
sz002326,002326,永太科技,19.310,-0.16,-0.822,19.310,19.320,19.470,19.540,19.780,19.300,25830102,505558455,15:09:00,-386.2,6.426,1786421.465116,1567526.066446,3.18195
sz002327,002327,富安娜,6.520,-0.09,-1.362,6.520,6.530,6.610,6.610,6.650,6.510,3411700,22329333,15:09:00,16.3,1.442,543681.831028,320121.156588,0.69487
sz002328,002328,新朋股份,7.480,-0.08,-1.058,7.480,7.490,7.560,7.570,7.630,7.450,36887365,278115918,15:07:30,41.556,1.69,577283.96,426873.050208,6.46369
sz002329,002329,皇氏集团,4.620,0.42,10,4.620,0.000,4.200,4.620,4.620,4.220,158131364,719355835,15:09:00,-8.486,7.718,384570.64107,301035.930888,24.26843
sz002330,002330,得利斯,4.150,0.17,4.271,4.150,4.160,3.980,3.950,4.380,3.890,54855010,229280017,15:08:30,592.857,1.147,263655.84535,263586.91385,8.63656
sz002331,002331,皖通科技,7.090,-0.14,-1.936,7.090,7.100,7.230,7.260,7.300,7.090,8447415,60856318,15:09:00,-9.19,2.104,303742.512041,285073.724564,2.10094
sz002332,002332,仙琚制药,8.650,0.07,0.816,8.640,8.650,8.580,8.590,8.760,8.490,17302750,149609465,15:09:00,19.222,1.408,855662.20909,851656.260015,1.75738
sz002333,002333,罗普斯金,5.530,-0.08,-1.426,5.520,5.530,5.610,5.600,5.600,5.510,5657800,31351317,15:08:30,70.0,1.932,373233.4144,368579.733039,0.84887
sz002334,002334,英威腾,6.800,-0.04,-0.585,6.790,6.800,6.840,7.000,7.020,6.790,11147766,76778298,15:09:00,26.265,1.824,557639.848,499808.22392,1.51668
sz002335,002335,科华数据,32.140,-0.33,-1.016,32.130,32.140,32.470,33.690,34.330,32.100,42994812,1428355213,15:09:00,38.723,3.737,2424675.054526,2120387.267948,6.51699
sz002337,002337,赛象科技,4.610,-0.09,-1.915,4.610,4.620,4.700,4.710,4.710,4.570,5855100,27213705,15:08:15,57.625,2.034,271351.86075,271066.401252,0.99577
sz002338,002338,奥普光电,44.150,-1.05,-2.323,44.140,44.150,45.200,45.740,45.990,44.130,6788570,305063930,15:09:00,129.853,7.331,1059600.0,1059600.0,2.82857
sz002339,002339,积成电子,7.330,-0.12,-1.611,7.330,7.340,7.450,7.450,7.480,7.330,12569180,92936493,15:08:45,183.25,2.116,369499.636842,350902.111107,2.62558
sz002340,002340,格林美,6.630,-0.12,-1.778,6.630,6.640,6.750,6.760,6.770,6.630,94365716,630127775,15:08:45,21.387,1.55,3382864.455243,3365375.987766,1.85906
sz002342,002342,巨力索具,8.200,-0.15,-1.796,8.200,8.210,8.350,8.450,8.470,8.200,38203647,317921148,15:09:00,450.549,3.219,787200.0,782845.8,4.00168
sz002343,002343,慈文传媒,5.200,-0.15,-2.804,5.190,5.200,5.350,5.330,5.400,5.200,9045020,47818872,15:08:30,-136.483,2.578,246313.74872,246313.74872,1.90952
sz002344,002344,海宁皮城,3.920,0.03,0.771,3.910,3.920,3.890,4.030,4.140,3.910,27967287,110991447,15:08:45,65.333,0.594,502785.84832,502257.876064,2.18278
sz002345,002345,潮宏基,10.630,-0.52,-4.664,10.630,10.640,11.150,11.150,11.630,10.590,32760600,359351293,15:09:00,18.982,2.348,944489.007541,921864.814995,3.77762
sz002346,002346,柘中股份,21.610,0.17,0.793,21.600,21.610,21.440,21.600,21.990,21.260,7197193,155579110,15:08:30,21.396,3.298,954244.473976,847357.219475,1.83549
sz002347,002347,泰尔股份,6.040,-0.15,-2.423,6.030,6.040,6.190,6.210,6.220,6.020,10958600,66729942,15:08:30,-32.111,2.761,304840.174704,298003.272204,2.22111
sz002348,002348,高乐股份,12.560,-0.03,-0.238,12.560,12.570,12.590,12.840,13.290,12.550,35478753,456870260,15:08:45,-275.439,31.353,1247382.8352,1134837.446744,3.92667
sz002349,002349,精华制药,7.080,0.13,1.871,7.080,7.090,6.950,6.960,7.150,6.810,24726951,174167751,15:08:45,26.438,2.083,588438.842064,576440.082864,3.03703
sz002350,002350,北京科锐,15.040,-0.22,-1.442,15.040,15.050,15.260,15.310,15.550,15.020,13156430,200860647,15:08:15,141.62,4.553,815666.351904,797947.306784,2.47977
sz002351,002351,漫步者,9.890,-0.16,-1.592,9.880,9.890,10.050,10.050,10.090,9.860,9265950,92418610,15:08:15,20.604,2.86,879326.823,515325.150475,1.7783
sz002352,002352,顺丰控股,32.960,-0.27,-0.813,32.950,32.960,33.230,33.250,33.270,32.940,14959613,494425561,15:09:00,14.78,1.729,17354455.425088,15817883.893664,0.31172
sz002353,002353,杰瑞股份,144.580,3.78,2.685,144.540,144.580,140.800,142.250,147.510,138.750,20593973,2954026561,15:09:00,54.765,6.301,14802907.633514,9991036.29567,2.98015
sz002354,002354,天娱数科,8.350,-0.18,-2.11,8.350,8.360,8.530,8.570,8.920,8.330,484773634,4160136805,15:09:00,-283.051,10.046,1381579.1597,1357454.305465,29.81949
sz002355,002355,兴民智通,4.850,0,0,4.850,4.860,4.850,4.810,5.160,4.810,45399054,225553457,15:09:00,-9.327,3.961,324213.285,299810.82525,7.34414
sz002356,002356,鹏飞绿能,2.730,-0.04,-1.444,2.730,2.740,2.770,2.780,2.800,2.730,19388170,53506210,15:08:45,93.174,5.972,357972.484233,357970.436733,1.47861
sz002357,002357,富临运业,10.390,0.4,4.004,10.380,10.390,9.990,10.220,10.500,9.920,31449458,323586748,15:08:30,19.008,1.84,325715.108404,325703.419654,10.03244
sz002358,002358,森源电气,5.620,-0.09,-1.576,5.610,5.620,5.710,5.710,5.730,5.610,16495400,93320399,15:09:00,62.444,1.558,522523.421074,522522.704524,1.77416
sz002360,002360,ST同德,5.410,-0.07,-1.277,5.410,5.420,5.480,5.500,5.580,5.410,4801100,26251822,15:08:30,-1.953,2.365,217359.868168,176106.167438,1.4749
sz002361,002361,神剑股份,11.890,-0.22,-1.817,11.880,11.890,12.110,12.240,12.410,11.890,116337480,1412857816,15:09:00,849.286,5.16,1130780.578141,961923.577921,14.38007
sz002362,002362,汉王科技,16.090,-0.15,-0.924,16.090,16.100,16.240,16.310,16.480,16.080,3593665,58602321,15:09:00,-20.072,4.334,393327.525414,334018.636588,1.7311
sz002363,002363,隆基机械,6.470,-0.1,-1.522,6.460,6.470,6.570,6.610,6.610,6.470,4027600,26297109,15:09:00,40.438,1.236,269731.259747,268995.534049,0.96874
sz002364,002364,中恒电气,43.000,1.41,3.39,43.000,43.010,41.590,42.770,45.750,42.700,68175477,3040717327,15:09:00,195.455,9.69,2423329.328,2399849.0705,12.21554
sz002365,002365,永安药业,13.420,-0.1,-0.74,13.420,13.430,13.520,13.380,13.700,13.150,25054373,337135503,15:09:00,172.716,1.982,395463.915,329177.122714,10.21425
sz002366,002366,融发核电,6.000,-0.15,-2.439,5.990,6.000,6.150,6.120,6.180,5.990,52365098,319115109,15:09:00,-153.846,2.689,1248562.584,1110214.095,2.83
sz002367,002367,康力电梯,5.540,0.06,1.095,5.540,5.550,5.480,5.480,5.650,5.420,22323500,123863207,15:08:15,13.391,1.21,441950.982624,440194.954974,2.80949
sz002368,002368,太极股份,14.430,-0.16,-1.097,14.430,14.440,14.590,14.660,14.930,14.420,8894900,130604975,15:08:30,-11.787,2.26,899322.745698,896931.204078,1.43103
sz002369,002369,卓翼科技,6.020,0.06,1.007,6.020,6.030,5.960,6.000,6.380,5.930,42814172,259815888,15:08:00,-13.21,18.248,341307.68056,340854.511214,7.56162
sz002370,002370,亚太药业,6.070,0.11,1.846,6.060,6.070,5.960,5.890,6.200,5.740,85834519,512501928,15:09:00,46.692,4.05,452620.19071,452592.87571,11.51179
sz002371,002371,北方华创,738.600,-21.4,-2.816,738.580,738.600,760.000,768.370,773.400,738.000,8214196,6226337478,15:09:00,96.617,13.64,53599404.312,53556613.37328,1.13282
sz002372,002372,伟星新材,8.470,-0.15,-1.74,8.470,8.480,8.620,8.600,8.630,8.470,12526000,106775597,15:07:45,18.021,2.858,1348456.175836,1245181.568323,0.85205
sz002373,002373,千方科技,7.820,-0.12,-1.511,7.810,7.820,7.940,7.940,8.020,7.820,15313725,121168096,15:08:30,46.0,1.073,1235707.18413,1077278.606532,1.11163
sz002374,002374,中锐股份,3.180,-0.05,-1.548,3.180,3.190,3.230,3.260,3.290,3.170,20184900,64858711,15:09:00,-13.25,6.449,345096.551994,345096.551994,1.86
sz002375,002375,亚厦股份,3.610,-0.04,-1.096,3.610,3.620,3.650,3.670,3.690,3.600,17173111,62408894,15:08:15,14.44,0.581,483738.735778,480489.722421,1.29024
sz002376,002376,新北洋,6.650,-0.07,-1.042,6.650,6.660,6.720,6.740,6.860,6.650,23021514,154713533,15:07:45,70.074,1.414,539024.089765,523443.714325,2.92473
sz002377,002377,国创高新,2.670,-0.05,-1.838,2.660,2.670,2.720,2.700,2.720,2.660,18685800,50040988,15:08:45,123.611,6.155,244658.828667,232936.853157,2.14183
sz002378,002378,章源钨业,26.010,-0.68,-2.548,26.000,26.010,26.690,27.080,27.080,26.000,40481819,1071957625,15:09:00,108.375,11.488,3124887.349266,3108510.680769,3.38726
sz002379,002379,宏桥控股,20.200,-1.14,-5.342,20.200,20.210,21.340,20.900,21.000,19.770,114567936,2316451540,15:08:30,14.736,5.035,26322858.76804,2295474.98106,10.08189
sz002380,002380,科远智慧,28.880,-0.55,-1.869,28.880,28.900,29.430,29.700,29.970,28.880,5239015,154624963,15:08:30,49.793,2.848,693095.882312,410685.12312,3.68415
sz002381,002381,双箭股份,5.400,-0.11,-1.996,5.400,5.410,5.510,5.530,5.540,5.400,4411800,24057803,15:08:45,33.75,1.029,222252.0768,173894.31,1.37001
sz002382,002382,蓝帆医疗,6.030,-0.05,-0.822,6.030,6.040,6.080,6.060,6.100,5.980,16813201,101616009,15:09:00,-7.934,0.88,607577.207778,601668.712881,1.68504
sz002383,002383,合众思壮,7.050,-0.09,-1.261,7.050,7.060,7.140,7.150,7.200,7.050,9159400,65165427,15:08:15,-32.99,3.477,521954.015025,521954.015025,1.23715
sz002384,002384,东山精密,202.110,1.92,0.959,202.110,202.160,200.190,204.100,213.400,201.880,83186603,17277657206,15:09:00,255.835,16.353,37018619.829252,28018948.343553,6.00053
sz002385,002385,大北农,3.030,-0.01,-0.329,3.030,3.040,3.040,3.050,3.060,3.010,43937366,133077464,15:09:00,-20.2,1.748,1296952.705395,1080380.609013,1.23225
sz002386,002386,天原股份,5.720,-0.12,-2.055,5.710,5.720,5.840,5.840,5.840,5.710,14814978,85586561,15:09:00,84.866,0.973,744542.125756,744403.395164,1.13838
sz002387,002387,维信诺,7.090,-0.13,-1.801,7.090,7.100,7.220,7.300,7.340,7.090,14667702,105536991,15:08:45,-4.145,3.798,990328.394487,989052.407187,1.05145
sz002388,002388,新亚制程,5.900,-0.21,-3.437,5.890,5.900,6.110,6.160,6.180,5.870,62098400,373552816,15:08:45,-134.091,3.116,298855.1898,298671.86205,12.26699
sz002389,002389,航天彩虹,18.610,-0.19,-1.011,18.600,18.610,18.800,18.810,19.000,18.590,18972050,355323617,15:09:00,620.333,2.259,1832928.715081,1832640.548536,1.92656
sz002390,002390,信邦制药,3.130,0.02,0.643,3.130,3.140,3.110,3.090,3.190,3.030,50970371,159500704,15:08:30,49.369,0.89,608425.634684,603398.476267,2.64398
sz002391,002391,长青股份,5.100,-0.09,-1.734,5.090,5.100,5.190,5.190,5.200,5.090,8759800,44903994,15:08:15,78.704,0.793,331292.2005,236690.13861,1.88749
sz002392,002392,北京利尔,7.370,-0.16,-2.125,7.370,7.380,7.530,7.570,7.590,7.370,11100500,82856158,15:09:00,21.676,1.473,877391.748343,853111.822827,0.95897
sz002393,002393,力生制药,14.980,0.13,0.875,14.970,14.980,14.850,14.850,15.130,14.600,3832696,57332040,15:08:45,9.247,1.003,461823.017362,449725.729614,1.27664
sz002394,002394,联发股份,9.730,-0.45,-4.42,9.720,9.730,10.180,10.220,10.220,9.710,5909800,58698545,15:09:00,10.351,0.726,314960.1,314397.030738,1.82897
sz002395,002395,双象股份,12.320,-0.17,-1.361,12.310,12.320,12.490,12.560,12.560,12.280,2687570,33326161,15:08:15,16.353,2.128,330433.488,330404.851392,1.00213
sz002396,002396,星网锐捷,32.380,2.94,9.986,32.380,0.000,29.440,31.000,32.380,30.120,111130879,3500496315,15:09:00,45.871,3.508,2462675.056536,2452510.113228,14.67239
sz002397,002397,梦洁股份,3.520,-0.1,-2.762,3.510,3.520,3.620,3.610,3.630,3.510,11460400,40784394,15:09:00,58.667,2.148,263219.067936,228042.530496,1.76899
sz002398,002398,垒知集团,4.120,-0.05,-1.199,4.120,4.130,4.170,4.190,4.250,4.110,17019500,70790037,15:09:00,51.5,0.782,283570.991672,247093.107012,2.83781
sz002399,002399,海普瑞,10.730,0.09,0.846,10.730,10.740,10.640,10.600,11.090,10.440,15578556,166998986,15:08:00,45.046,1.293,1574408.826892,1338247.428392,1.24908
sz002400,002400,省广集团,7.950,0.62,8.458,7.940,7.950,7.330,7.480,8.060,7.300,421997615,3317475762,15:09:00,154.07,2.766,1385953.01676,1372300.87131,24.44712
sz002401,002401,中远海科,12.330,-0.12,-0.964,12.330,12.340,12.450,12.450,12.730,12.320,3427239,42837797,15:08:45,140.753,2.759,458267.18652,457873.97049,0.92291
sz002402,002402,和而泰,21.120,-0.47,-2.177,21.120,21.130,21.590,21.690,21.880,21.120,21041178,452764614,15:09:00,29.212,2.827,1950198.59232,1728626.784192,2.57077
sz002403,002403,爱仕达,9.750,-0.13,-1.316,9.750,9.760,9.880,9.870,10.020,9.690,4775589,47082482,15:08:15,-15.234,2.401,332122.614525,289732.41765,1.60707
sz002404,002404,嘉欣丝绸,5.920,-0.08,-1.333,5.910,5.920,6.000,5.960,6.000,5.910,5411400,32212386,15:08:30,18.5,1.6,331550.512272,270258.709872,1.18536
sz002405,002405,四维图新,6.580,-0.1,-1.497,6.570,6.580,6.680,6.700,6.760,6.580,44253052,294975793,15:08:45,148.533,1.77,1559549.365612,1550088.723204,1.87851
sz002406,002406,远东传动,6.790,-0.14,-2.02,6.780,6.790,6.930,6.930,6.950,6.780,9779401,67031684,15:08:30,32.333,1.204,495822.830678,408902.557742,1.62391
sz002407,002407,多氟多,38.970,1.57,4.198,38.960,38.970,37.400,37.510,40.980,37.310,243536670,9390875507,15:09:00,216.5,5.29,4639115.721393,4203956.343465,22.57546
sz002408,002408,齐翔腾达,4.920,-0.11,-2.187,4.910,4.920,5.030,5.040,5.040,4.890,29456571,145529443,15:08:45,-24.6,1.276,1398695.251776,1353535.84704,1.07072
sz002409,002409,雅克科技,149.500,-5.69,-3.666,149.490,149.500,155.190,158.100,158.600,149.380,32457361,5016031664,15:09:00,71.13,8.783,7115118.7861,4761915.06765,10.18997
sz002410,002410,广联达,9.290,-0.13,-1.38,9.280,9.290,9.420,9.460,9.500,9.280,20323656,190708490,15:08:45,37.657,2.525,1534656.293718,1458640.01218,1.2944
sz002412,002412,汉森制药,7.340,0.04,0.548,7.340,7.350,7.300,7.250,7.450,7.120,28398483,208326396,15:08:15,18.644,1.524,369348.8,365418.23,5.70428
sz002413,002413,雷科防务,8.710,-0.09,-1.023,8.710,8.720,8.800,8.850,8.940,8.710,56136350,494135578,15:09:00,-124.429,3.493,1149145.771475,1128319.962887,4.33341
sz002414,002414,高德红外,13.830,-0.16,-1.144,13.830,13.840,13.990,14.030,14.200,13.830,57390024,803463627,15:09:00,86.061,7.974,5906428.037364,4700280.992073,1.68863
sz002415,002415,海康威视,35.660,-0.81,-2.221,35.660,35.670,36.470,36.500,36.780,35.660,93695106,3381078690,15:09:00,23.066,3.875,32681931.9473,32258370.16986,1.03575
sz002416,002416,爱施德,9.890,-0.26,-2.562,9.890,9.900,10.150,10.250,10.380,9.890,35680217,360493088,15:08:15,32.738,2.048,1225649.706134,1210441.356656,2.91528
sz002418,002418,康盛股份,3.700,-0.18,-4.639,3.700,3.710,3.880,3.820,3.850,3.700,68017500,255890160,15:08:30,167.421,2.887,420468.0,420466.90406,5.98536
sz002419,002419,天虹股份,4.640,0.01,0.216,4.630,4.640,4.630,4.630,4.730,4.590,12547218,58525551,15:08:45,65.169,1.279,529543.049408,529535.219408,1.09944
sz002420,002420,毅昌科技,5.760,-0.07,-1.201,5.750,5.760,5.830,5.850,5.880,5.750,7033000,40972377,15:09:00,12.0,2.984,236903.04,233111.2896,1.7378
sz002421,002421,达实智能,3.570,-0.31,-7.99,3.570,3.580,3.880,3.800,3.800,3.550,534924121,1960940751,15:09:00,-11.591,2.788,757047.645123,715205.655402,26.70112
sz002422,002422,科伦药业,46.300,-0.61,-1.3,46.300,46.310,46.910,46.210,48.160,45.580,43193162,2026420677,15:09:00,43.271,2.989,7365316.99304,6012586.71383,3.32609
sz002423,002423,中粮资本,9.020,-0.08,-0.879,9.010,9.020,9.100,9.070,9.130,9.010,10837600,98127280,15:09:00,18.348,0.871,2078303.22865,2078303.22865,0.47036
sz002424,002424,ST百灵,4.660,0.02,0.431,4.660,4.670,4.640,4.750,4.850,4.640,17290800,81792069,15:09:00,-58.25,2.046,651280.8544,536775.120506,1.5011
sz002425,002425,凯撒文化,3.330,-0.14,-4.035,3.320,3.330,3.470,3.430,3.550,3.320,100086385,343507228,15:09:00,-5.689,1.285,318569.466978,306421.912359,10.87676
sz002426,002426,胜利精密,2.910,0.12,4.301,2.910,2.920,2.790,2.820,3.050,2.760,214448106,620739000,15:09:00,-13.805,6.031,990164.141556,990156.568281,6.30248
sz002427,002427,尤夫股份,4.330,-0.1,-2.257,4.330,4.340,4.430,4.420,4.440,4.330,10681834,46802213,15:08:45,108.25,4.508,426692.392441,426296.287938,1.08498
sz002428,002428,云南锗业,100.210,-5.77,-5.444,100.210,100.220,105.980,105.000,106.700,100.000,101245300,10485962471,15:09:00,3340.333,44.548,6544915.52,6544069.998125,15.50379
sz002429,002429,兆驰股份,8.280,0.02,0.242,8.280,8.290,8.260,8.400,8.540,8.280,72759213,612898881,15:09:00,28.552,2.216,3748306.822596,3746145.565404,1.60818
sz002430,002430,杭氧股份,23.670,-0.25,-1.045,23.660,23.670,23.920,23.990,24.110,23.640,10525635,251338850,15:09:00,24.402,2.3,2315777.353092,2314778.597442,1.07631
sz002431,002431,ST棕榈,1.350,-0.02,-1.46,1.350,1.360,1.370,1.370,1.380,1.350,20030451,27290706,15:08:45,-2.015,8.192,243324.643275,243324.643275,1.11132
sz002432,002432,九安医疗,72.350,0.63,0.878,72.350,72.360,71.720,72.430,75.290,71.380,31410100,2312723367,15:09:00,13.836,1.559,3370742.229035,3366245.2352,6.75091
sz002434,002434,万里扬,6.000,-0.06,-0.99,6.000,6.010,6.060,6.130,6.190,6.000,26767588,163135493,15:08:45,33.333,1.33,787560.0,786792.18,2.04127
sz002436,002436,兴森科技,34.590,-0.66,-1.872,34.580,34.590,35.250,35.260,36.300,34.500,129322387,4562805666,15:09:00,432.375,11.015,5879170.854417,5250521.360829,8.51965
sz002437,002437,誉衡药业,4.250,0.39,10.104,4.250,0.000,3.860,3.730,4.250,3.690,480880080,1954086347,15:09:00,24.724,3.969,947693.95355,892565.386675,22.89737
sz002438,002438,江苏神通,13.970,-0.28,-1.965,13.960,13.970,14.250,14.250,14.300,13.960,8832746,125050811,15:09:00,24.844,1.863,709029.833017,655026.291799,1.88379
sz002439,002439,启明星辰,14.080,0.01,0.071,14.080,14.090,14.070,14.030,14.190,13.950,28326025,398120202,15:08:15,-29.875,1.566,1705651.48864,1025867.675008,3.88774
sz002440,002440,闰土股份,12.590,-0.69,-5.196,12.590,12.600,13.280,13.270,13.390,12.580,57803754,749641166,15:08:45,20.639,1.398,1415115.880395,1191466.519852,6.10801
sz002441,002441,众业达,8.010,-0.05,-0.62,8.010,8.020,8.060,8.070,8.110,8.000,4671900,37597264,15:08:45,22.886,0.96,436179.430809,319241.857329,1.17221
sz002442,002442,龙星科技,4.950,-0.13,-2.559,4.950,4.960,5.080,5.090,5.110,4.950,9356650,46904999,15:09:00,61.491,1.355,249169.97457,243297.829665,1.90365
sz002443,002443,金洲管道,8.780,0.01,0.114,8.780,8.790,8.770,8.780,8.810,8.530,21844804,189929847,15:08:45,31.058,1.304,457030.18656,457030.18656,4.1966
sz002444,002444,巨星科技,29.730,-0.35,-1.164,29.720,29.730,30.080,30.010,30.200,29.680,5559731,166257464,15:08:30,14.15,1.857,3551183.635086,3409225.400244,0.48483
sz002445,002445,中南文化,3.170,0.12,3.934,3.170,3.180,3.050,3.050,3.340,3.040,135270850,432095165,15:08:45,105.667,3.298,753384.587327,750118.993441,5.71654
sz002446,002446,盛路通信,8.650,-0.19,-2.149,8.650,8.660,8.840,8.890,8.950,8.650,20653504,181286651,15:09:00,108.125,3.111,791834.60126,733327.36104,2.43619
sz002448,002448,中原内配,12.120,0.06,0.498,12.120,12.130,12.060,12.150,12.470,11.920,26247350,319516914,15:07:45,17.314,1.813,713152.490952,703577.523696,4.52143
sz002449,002449,国星光电,6.420,-0.04,-0.619,6.420,6.430,6.460,6.480,6.540,6.410,9804638,63480546,15:08:30,-305.714,1.057,397062.342498,397062.342498,1.58529
sz002451,002451,摩恩电气,7.440,-0.09,-1.195,7.430,7.440,7.530,7.530,7.560,7.410,8651447,64563798,15:08:45,308.714,4.248,327858.48,326726.856,1.97005
sz002452,002452,长高电气,11.360,-0.09,-0.786,11.360,11.370,11.450,11.540,11.920,11.360,15671722,181815885,15:09:00,20.569,2.54,704697.24856,585319.81952,3.0416
sz002453,002453,华软科技,4.450,-0.11,-2.412,4.450,4.460,4.560,4.590,4.590,4.450,8660326,39124615,15:09:00,-13.906,4.845,361503.37107,268179.407975,1.43704
sz002454,002454,松芝股份,5.000,-0.11,-2.153,4.990,5.000,5.110,5.100,5.110,5.000,8612182,43492608,15:08:30,12.821,1.077,439536.84,438676.971,0.98161
sz002455,002455,百川股份,7.190,-0.19,-2.575,7.190,7.200,7.380,7.380,7.390,7.190,36120377,263234449,15:08:30,-39.944,1.857,519450.5375,475123.808587,5.46606
sz002456,002456,欧菲光,7.340,-0.07,-0.945,7.330,7.340,7.410,7.480,7.490,7.270,77612977,571041400,15:09:00,582.54,6.81,2566001.768544,2435129.418074,2.33942
sz002457,002457,青龙管业,10.800,-0.33,-2.965,10.790,10.800,11.130,11.050,11.110,10.800,20193153,221290968,15:09:00,27.692,1.419,360165.744,359931.97692,6.05909
sz002458,002458,益生股份,10.020,-0.22,-2.148,10.010,10.020,10.240,10.240,10.410,10.000,72354319,730820503,15:09:00,66.8,3.092,1434055.425078,968318.347152,7.48711
sz002459,002459,晶澳科技,7.620,-0.32,-4.03,7.610,7.620,7.940,7.900,7.950,7.610,49386191,382220964,15:09:00,-5.404,1.214,2522004.896544,2519762.432652,1.49349
sz002460,002460,赣锋锂业,53.160,-0.74,-1.373,53.150,53.160,53.900,53.580,54.030,52.900,35214320,1879877120,15:09:00,66.45,2.399,11146027.451664,6438835.090008,2.90735
sz002461,002461,珠江啤酒,8.630,-0.06,-0.69,8.630,8.640,8.690,8.670,8.750,8.600,3647602,31570930,15:08:30,21.136,1.703,1910102.47824,1910102.47824,0.1648
sz002462,002462,嘉事堂,12.190,-0.18,-1.455,12.190,12.200,12.370,12.320,12.420,12.100,4782000,58661064,15:08:30,32.079,0.81,355590.97928,355302.440761,1.64065
sz002463,002463,沪电股份,120.660,-2.35,-1.91,120.650,120.660,123.010,124.900,128.990,120.290,55465740,6926319372,15:09:00,60.709,13.829,23219370.437442,23200631.324076,2.88462
sz002465,002465,海格通信,10.550,-0.19,-1.769,10.550,10.560,10.740,10.860,10.960,10.550,43878261,471465940,15:08:45,-32.969,2.292,2618334.81514,2614170.899995,1.77079
sz002466,002466,天齐锂业,47.760,-0.77,-1.587,47.750,47.760,48.530,48.230,48.650,47.510,47697870,2289349343,15:09:00,170.571,1.765,8182330.701096,7048057.80012,3.23217
sz002467,002467,二六三,4.850,-0.07,-1.423,4.850,4.860,4.920,4.950,5.020,4.840,48287875,238354118,15:08:45,-23.095,4.267,667055.358405,662902.221925,3.53289
sz002468,002468,申通快递,14.060,-0.19,-1.333,14.060,14.070,14.250,14.250,14.250,14.010,11463263,161829085,15:08:15,15.283,1.889,2152307.845396,2075663.221186,0.77649
sz002469,002469,三维化学,5.800,-0.08,-1.361,5.790,5.800,5.880,5.890,5.910,5.760,5620375,32569164,15:09:00,20.0,1.42,376340.3254,364811.24838,0.89356
sz002470,002470,金正大,1.950,-0.04,-2.01,1.950,1.960,1.990,2.000,2.000,1.950,73676800,144905089,15:07:45,185.714,3.006,640775.40969,640718.503815,2.24232
sz002471,002471,中超控股,5.760,-0.12,-2.041,5.760,5.770,5.880,5.880,5.940,5.760,49425890,289038391,15:08:45,-334.884,4.367,788405.76,774174.261888,3.67738
sz002472,002472,双环传动,38.260,-0.48,-1.239,38.260,38.270,38.740,38.950,39.550,38.250,20991386,818234871,15:08:45,25.507,3.156,3252091.169592,2864125.870316,2.8041
sz002474,002474,榕基软件,6.860,0.21,3.158,6.860,6.870,6.650,7.080,7.320,6.840,114794995,825078578,15:09:00,-62.307,3.236,426829.2,362778.859702,21.70726
sz002475,002475,立讯精密,56.060,-1.29,-2.249,56.060,56.070,57.350,57.990,58.750,56.050,108246912,6180124826,15:09:00,24.48,4.91,43378217.832436,41064372.143012,1.47776
sz002476,002476,新叶股份,4.550,-0.01,-0.219,4.550,4.560,4.560,4.580,4.670,4.530,9762100,44958151,15:08:30,88.867,2.89,278460.0,278460.0,1.59511
sz002478,002478,常宝股份,6.240,-0.07,-1.109,6.240,6.250,6.310,6.360,6.370,6.240,11162735,70308107,15:08:45,11.556,0.926,562101.838272,450979.737312,1.54454
sz002479,002479,富春环保,5.680,-0.13,-2.238,5.680,5.690,5.810,5.770,5.850,5.670,14592300,83677165,15:08:30,23.667,1.149,491320.0,490225.375392,1.69074
sz002480,002480,新筑股份,5.630,-0.06,-1.054,5.630,5.640,5.690,5.720,5.780,5.620,5864000,33146075,15:09:00,-25.708,5.369,433041.96121,432175.589223,0.76391
sz002481,002481,双塔食品,4.260,-0.02,-0.467,4.260,4.270,4.280,4.280,4.320,4.190,11436851,48757298,15:08:15,142.0,2.163,525554.709,476333.0076,1.02283
sz002482,002482,广田集团,1.300,-0.03,-2.256,1.300,1.310,1.330,1.340,1.340,1.300,75606600,99588170,15:08:45,-32.5,10.961,487625.10719,486682.27413,2.01956
sz002483,002483,润邦股份,5.760,0.01,0.174,5.760,5.770,5.750,6.240,6.240,5.740,71474267,426256802,15:08:30,14.049,1.109,510605.805888,509904.460224,8.0739
sz002484,002484,江海股份,66.610,1.38,2.116,66.610,66.620,65.230,68.490,71.750,66.500,54659109,3803656715,15:09:00,83.273,8.817,5665339.971001,5465165.757165,6.66191
sz002485,002485,ST雪发,6.000,-0.03,-0.498,5.990,6.000,6.030,5.980,6.120,5.960,2643800,15948659,15:08:30,-17.07,3.216,326400.0,326400.0,0.48599
sz002486,002486,嘉麟杰,2.410,-0.04,-1.633,2.410,2.420,2.450,2.450,2.470,2.410,16786400,40769434,15:08:45,42.959,1.846,198652.2271,197725.558,2.04603
sz002487,002487,大金重工,42.550,-1.08,-2.475,42.550,42.560,43.630,44.120,44.140,42.500,21750113,944310668,15:09:00,24.595,3.617,3149065.287495,2684565.73183,3.44736
sz002488,002488,金固股份,8.620,-0.25,-2.818,8.620,8.630,8.870,8.930,9.100,8.610,26323993,232980000,15:08:30,189.451,2.474,858068.47403,793112.407138,2.86104
sz002489,002489,浙江永强,2.740,-0.04,-1.439,2.730,2.740,2.780,2.780,2.790,2.730,25048892,68951004,15:08:30,13.048,1.293,594310.469762,524167.87456,1.30939
sz002490,002490,山东墨龙,7.630,-0.23,-2.926,7.620,7.630,7.860,7.600,7.740,7.520,56107783,427171805,15:09:00,763.0,12.473,628350.9484,413333.886,10.3573
sz002491,002491,通鼎互联,18.940,0.1,0.531,18.940,18.950,18.840,20.680,20.720,18.680,330377664,6541519674,15:09:00,-304.992,9.243,2329609.583,2228232.041674,28.08214
sz002492,002492,恒基达鑫,5.530,-0.13,-2.297,5.520,5.530,5.660,5.710,5.710,5.500,5215100,29252570,15:08:15,-34.802,1.38,223965.0,220002.602925,1.31087
sz002493,002493,荣盛石化,12.700,-0.36,-2.757,12.700,12.710,13.060,13.060,13.160,12.680,39073843,503214081,15:08:30,141.111,2.735,12686591.66258,11859345.41258,0.41844
sz002494,002494,华斯股份,4.740,-0.11,-2.268,4.740,4.750,4.850,4.850,4.870,4.730,8320100,39816271,15:08:45,86.339,1.421,178845.280332,135929.187612,2.90131
sz002495,002495,佳隆股份,2.410,0,0,2.400,2.410,2.410,2.410,2.460,2.370,23974118,57998270,15:09:00,112.617,2.037,225485.7696,167234.287887,3.45489
sz002496,002496,辉丰股份,2.080,-0.06,-2.804,2.070,2.080,2.140,2.130,2.180,2.070,20770760,44018858,15:08:45,-14.627,2.814,313578.652816,245699.688,1.75837
sz002497,002497,雅化集团,18.830,-0.37,-1.927,18.830,18.840,19.200,19.140,19.500,18.830,36663079,697131124,15:08:45,34.044,1.967,2170275.22516,1995203.479045,3.46013
sz002498,002498,汉缆股份,7.020,-0.09,-1.266,7.020,7.030,7.110,7.140,7.280,7.010,161087621,1144382341,15:09:00,42.188,2.65,2335410.792,2335410.792,4.84213
sz002500,002500,山西证券,5.360,0.01,0.187,5.350,5.360,5.350,5.360,5.420,5.340,16622438,89432948,15:09:00,20.615,1.026,1924117.549192,1924117.549192,0.46305
sz002501,002501,*ST利源,1.290,-0.03,-2.273,1.290,1.300,1.320,1.330,1.330,1.290,24680400,32352483,15:08:15,-25.8,28.54,457950.0,457494.527574,0.69591
sz002506,002506,协鑫集成,2.690,-0.11,-3.929,2.680,2.690,2.800,2.810,2.820,2.680,236740955,646888706,15:09:00,-13.518,16.718,1573735.118863,1572153.661138,4.05071
sz002507,002507,涪陵榨菜,11.510,-0.05,-0.433,11.500,11.510,11.560,11.530,11.610,11.470,9828631,113394816,15:08:15,17.179,1.472,1328160.801228,1327929.922138,0.85191
sz002508,002508,老板电器,15.980,-0.06,-0.374,15.970,15.980,16.040,16.000,16.160,15.650,13819736,219501264,15:09:00,12.015,1.279,1510012.387768,1491815.755626,1.48034
sz002510,002510,天汽模,5.610,-0.07,-1.232,5.600,5.610,5.680,5.700,5.730,5.610,12214000,69220566,15:08:15,93.5,2.246,569492.815188,563719.136706,1.21551
sz002511,002511,中顺洁柔,7.170,-0.08,-1.103,7.160,7.170,7.250,7.250,7.250,7.150,9599351,69047564,15:08:00,28.68,1.652,918576.385521,907007.819961,0.75884
sz002512,002512,ST达华,3.800,-0.09,-2.314,3.790,3.800,3.890,3.900,3.970,3.800,27761422,108150959,15:08:30,-20.63,12.877,418918.32016,415891.67716,2.53656
sz002513,002513,蓝丰生化,5.170,-0.12,-2.268,5.170,5.180,5.290,5.310,5.340,5.170,5402100,28221096,15:09:00,-10.183,48.454,194182.086626,149434.353134,1.86897
sz002514,002514,*ST宝馨,1.900,-0.08,-4.04,1.890,1.900,1.980,1.960,1.970,1.880,41694200,79877017,15:09:00,-6.38,-25.921,136806.51016,105266.19666,7.52559
sz002515,002515,金字火腿,7.040,-0.2,-2.762,7.030,7.040,7.240,7.390,7.400,7.010,60579013,436460718,15:08:15,352.0,3.286,852272.371456,775703.754496,5.49793
sz002516,002516,旷达科技,5.340,-0.08,-1.476,5.340,5.350,5.420,5.420,5.500,5.330,12117733,65531988,15:08:45,41.077,2.05,785427.856188,779906.296188,0.8297
sz002517,002517,恺英网络,17.360,-0.46,-2.581,17.350,17.360,17.820,17.850,18.120,17.350,64991191,1149770004,15:08:15,19.506,3.582,3708865.454224,3279454.464328,3.44035
sz002518,002518,科士达,35.010,0.09,0.258,35.010,35.020,34.920,35.760,36.500,34.980,18320525,656412139,15:08:15,33.343,4.097,2038370.054094,1978598.191797,3.2417
sz002519,002519,银河电子,5.600,-0.08,-1.408,5.600,5.610,5.680,5.700,5.740,5.590,26280140,148907051,15:09:00,-80.0,2.839,630801.30288,629128.81304,2.33925
sz002520,002520,日发精机,6.390,-0.2,-3.035,6.390,6.400,6.590,6.590,6.660,6.360,93016934,602718071,15:08:15,-22.821,16.194,479406.664269,458444.269269,12.96511
sz002521,002521,齐峰新材,7.000,-0.05,-0.709,7.000,7.010,7.050,7.070,7.100,6.950,3892000,27309928,15:08:45,25.0,0.983,392042.735,293421.513,0.92849
sz002522,002522,浙江众成,4.980,-0.12,-2.353,4.970,4.980,5.100,5.120,5.160,4.950,24420183,123754361,15:08:45,83.0,1.936,451078.134726,450699.899742,2.6983
sz002523,002523,天桥起重,3.320,-0.08,-2.353,3.320,3.330,3.400,3.410,3.420,3.320,20714772,69493866,15:07:45,39.524,1.903,470324.7456,468632.170756,1.46753
sz002524,002524,光正眼科,3.960,-0.02,-0.503,3.960,3.970,3.980,3.970,4.040,3.910,14425600,57375040,15:08:45,-99.0,22.172,204071.303304,201674.315304,2.83256
sz002526,002526,山东矿机,2.750,-0.06,-2.135,2.740,2.750,2.810,2.810,2.820,2.740,29762469,82604822,15:09:00,39.286,1.51,490268.3049,487048.22045,1.68047
sz002527,002527,新时达,11.730,-0.19,-1.594,11.720,11.730,11.920,12.010,12.050,11.720,6069163,72153751,15:08:45,1173.0,6.253,777770.894343,620386.366509,1.14753
sz002528,002528,*ST英飞,4.790,0.11,2.35,4.790,4.800,4.680,4.680,4.890,4.640,15278093,73462130,15:07:45,-19.769,-43.824,574165.364278,503053.732719,1.45476
sz002529,002529,海源复材,7.020,-0.1,-1.404,7.020,7.030,7.120,7.160,7.160,7.000,3673200,25978996,15:08:45,-9.835,22.904,182520.0,182520.0,1.41277
sz002530,002530,金财互联,7.360,0.07,0.96,7.350,7.360,7.290,7.290,7.800,7.290,33208330,250195275,15:08:45,92.0,4.254,573489.8568,511610.773824,4.77733
sz002531,002531,天顺风能,6.640,-0.08,-1.19,6.640,6.650,6.720,6.750,6.790,6.610,30124237,201548275,15:09:00,-50.648,1.376,1193127.428912,1186425.438536,1.68595
sz002532,002532,天山铝业,13.190,-1.08,-7.568,13.190,13.200,14.270,13.900,13.920,13.150,159339711,2150303039,15:09:00,12.562,1.949,6105304.650385,5416944.979188,3.87985
sz002533,002533,金杯电工,11.570,0.06,0.521,11.560,11.570,11.510,11.510,11.760,11.430,12421697,144098274,15:08:45,14.024,1.903,849169.808734,747588.588331,1.92243
sz002534,002534,西子洁能,15.760,-0.52,-3.194,15.760,15.770,16.280,16.500,16.550,15.750,9745812,157287258,15:08:15,27.649,2.325,1317433.838952,1300771.689272,1.18079
sz002535,002535,林州重机,2.490,-0.06,-2.353,2.480,2.490,2.550,2.560,2.570,2.480,12416482,31247191,15:08:15,-42.061,3.354,199619.085426,185828.32899,1.66374
sz002536,002536,飞龙股份,41.650,-1.2,-2.8,41.640,41.650,42.850,43.480,44.230,41.400,47765026,2049048278,15:08:45,75.535,6.817,2393983.22352,2267430.477375,8.77387
sz002537,002537,海联金汇,5.830,-0.09,-1.52,5.820,5.830,5.920,5.910,5.980,5.810,20508242,120627270,15:08:45,20.821,1.559,684451.762335,682528.445335,1.75177
sz002538,002538,ST司特,6.970,-0.56,-7.437,6.960,6.970,7.530,7.530,7.770,6.930,40409905,295824032,15:09:00,36.039,1.123,594928.366811,594538.421797,4.73741
sz002539,002539,云图控股,12.380,-0.39,-3.054,12.380,12.390,12.770,12.780,12.810,12.260,21223922,264332717,15:08:15,17.942,1.539,1495162.017356,1101564.50775,2.38526
sz002540,002540,亚太科技,5.080,-0.14,-2.682,5.080,5.090,5.220,5.230,5.260,5.070,10962118,56144031,15:08:30,14.742,1.134,633767.623496,435966.289864,1.27734
sz002541,002541,鸿路钢构,19.620,-0.47,-2.339,19.610,19.620,20.090,20.090,20.260,19.530,9755385,192751692,15:08:45,21.326,1.374,1353817.45458,973505.295378,1.9661
sz002542,002542,*ST中岩,1.720,-0.04,-2.273,1.710,1.720,1.760,1.760,1.770,1.710,23361000,40543246,15:08:45,-3.245,-19.218,310652.078936,302508.660848,1.32826
sz002543,002543,万和电气,7.330,0.67,10.06,7.330,0.000,6.660,6.660,7.330,6.550,20088693,141613930,15:08:45,25.276,1.128,545058.8,484966.068033,3.0363
sz002544,002544,普天科技,16.900,-0.19,-1.112,16.890,16.900,17.090,17.290,17.300,16.890,9208923,157225967,15:08:00,457.995,3.087,1150102.2741,1149991.52164,1.35332
sz002545,002545,东方铁塔,17.310,-0.98,-5.358,17.310,17.320,18.290,18.170,18.270,17.250,25182224,444537635,15:09:00,17.853,2.108,2153471.465673,1956313.378548,2.22819
sz002546,002546,新联电子,8.390,-0.07,-0.827,8.390,8.400,8.460,8.460,8.640,8.380,24198730,206277399,15:08:45,12.159,1.801,699767.191544,672233.728544,3.02019
sz002547,002547,*ST春兴,2.660,-0.04,-1.481,2.650,2.660,2.700,2.700,2.800,2.640,36353900,98934386,15:09:00,-6.856,-6.866,300063.206688,293878.706156,3.29052
sz002548,002548,金新农,4.120,-0.03,-0.723,4.110,4.120,4.150,4.150,4.170,4.040,30717507,126240015,15:08:15,-11.444,3.259,341207.547096,331442.254704,3.81835
sz002549,002549,凯美特气,14.310,-0.32,-2.187,14.310,14.320,14.630,14.690,14.760,14.310,20550000,298902251,15:09:00,145.132,4.846,995042.846331,990766.481706,2.96811
sz002550,002550,千红制药,7.050,0.22,3.221,7.040,7.050,6.830,6.810,7.180,6.680,55799883,389077961,15:09:00,22.031,3.295,902259.0,672264.651105,5.8517
sz002551,002551,尚荣医疗,3.250,0.03,0.932,3.250,3.260,3.220,3.200,3.300,3.150,16945931,55118654,15:08:15,-19.118,1.11,274785.73785,198634.257575,2.77265
sz002552,002552,宝鼎科技,58.660,-1.41,-2.347,58.660,58.670,60.070,62.000,62.770,57.600,50167164,2968224933,15:09:00,189.226,14.534,2275921.951646,2161640.293274,13.61376
sz002553,002553,南方精工,15.740,-0.36,-2.236,15.740,15.750,16.100,16.180,16.190,15.740,5076300,80883152,15:08:45,15.87,3.54,556266.771786,403273.971786,1.98131
sz002554,002554,惠博普,2.850,-0.06,-2.062,2.850,2.860,2.910,2.910,2.910,2.850,16344500,46938641,15:08:15,-10.179,1.991,380110.22052,380039.2065,1.22571
sz002555,002555,三七互娱,19.210,-0.46,-2.339,19.200,19.210,19.670,19.700,19.870,19.190,39738158,776860031,15:08:45,14.553,2.932,4249708.585201,3049316.348929,2.50341
sz002556,002556,辉隆股份,4.970,-0.15,-2.93,4.970,4.980,5.120,5.090,5.100,4.940,17028760,85031990,15:08:30,23.667,1.281,464665.603444,464218.378491,1.82313
sz002557,002557,洽洽食品,19.360,-0.05,-0.258,19.360,19.370,19.410,19.390,19.530,19.260,7370129,142866052,15:08:45,30.828,1.796,979335.775616,976264.505216,1.46155
sz002558,002558,巨人网络,28.570,-0.2,-0.695,28.570,28.580,28.770,28.780,29.490,28.560,65144855,1885884430,15:09:00,30.394,3.328,5429905.551147,5429876.981147,3.42768
sz002559,002559,亚威股份,9.740,-0.3,-2.988,9.740,9.750,10.040,10.110,10.140,9.730,32267153,320789859,15:09:00,50.103,3.52,625175.162958,490900.878766,6.40215
sz002560,002560,通达股份,6.460,-0.11,-1.674,6.450,6.460,6.570,6.570,6.620,6.450,23779284,155508806,15:09:15,20.839,1.727,474985.50205,409142.85968,3.75454
sz002561,002561,徐家汇,6.730,-0.11,-1.608,6.720,6.730,6.840,6.840,6.840,6.710,3777800,25551392,15:08:45,-179.467,1.29,279808.499,278917.828591,0.91154
sz002562,002562,兄弟科技,4.970,-0.08,-1.584,4.960,4.970,5.050,5.000,5.030,4.880,90527300,448114366,15:09:15,55.222,1.543,567982.492749,404319.090112,11.12786
sz002563,002563,森马服饰,5.840,-0.12,-2.013,5.840,5.850,5.960,5.960,5.970,5.830,17867853,104896091,15:09:15,17.697,1.344,1573348.65344,1288942.18936,0.80957
sz002564,002564,天沃科技,4.580,-0.16,-3.376,4.570,4.580,4.740,4.740,4.780,4.570,14026194,65264433,15:08:30,91.6,20.715,393378.250466,393378.250466,1.63303
sz002565,002565,顺灏股份,9.630,-0.06,-0.619,9.620,9.630,9.690,9.900,9.990,9.630,43410536,426860412,15:09:00,160.5,5.555,1020769.331886,1020736.830636,4.09551
sz002566,002566,益盛药业,6.850,-0.01,-0.146,6.840,6.850,6.860,6.860,6.970,6.710,9785100,67076068,15:09:00,78.196,1.009,226701.846,158776.47058,4.22153
sz002567,002567,唐人神,3.670,0,0,3.670,3.680,3.670,3.660,3.700,3.590,23001211,83859764,15:08:45,-4.416,1.265,525929.861231,525421.576507,1.6066
sz002568,002568,百润股份,19.680,-0.01,-0.051,19.680,19.690,19.690,19.560,20.030,19.470,14421191,285729756,15:09:15,31.742,4.106,2049915.443568,1499829.589008,1.89228
sz002569,002569,*ST步森,12.830,0.19,1.503,12.830,12.840,12.640,12.640,13.160,12.560,1980800,25591694,15:08:45,213.833,46.519,184764.83,179632.83,1.41476
sz002570,002570,贝因美,4.700,0.08,1.732,4.700,4.710,4.620,4.640,4.770,4.530,47244354,221762106,15:08:30,31.333,3.116,507620.36651,507597.80651,4.3745
sz002571,002571,德力股份,11.100,0.02,0.181,11.090,11.100,11.080,11.180,11.400,11.000,4705400,52793986,15:09:15,-16.727,5.468,435065.277,331119.86868,1.57737
sz002572,002572,索菲亚,8.380,-0.14,-1.643,8.380,8.390,8.520,8.510,8.530,8.340,8880302,74815877,15:08:30,8.915,1.096,807033.523432,545926.51356,1.36313
sz002573,002573,清新环境,3.380,-0.2,-5.587,3.380,3.390,3.580,3.540,3.570,3.380,67393713,231390245,15:09:15,-11.365,0.871,478360.272702,477595.074502,4.76954
sz002574,002574,明牌珠宝,4.590,-0.09,-1.923,4.580,4.590,4.680,4.680,4.700,4.580,4990100,23062197,15:09:00,-6.75,0.892,242352.0,242352.0,0.94509
sz002575,002575,群兴玩具,6.080,0.55,9.946,6.080,0.000,5.530,6.080,6.080,6.080,21851281,132855788,15:09:00,-152.0,4.445,374832.0,355269.904,3.73957
sz002576,002576,通达动力,14.570,-0.35,-2.346,14.570,14.580,14.920,14.930,14.970,14.550,3139400,46333467,15:08:30,29.14,1.827,240550.7,236074.170947,1.93757
sz002577,002577,雷柏科技,18.670,-0.23,-1.217,18.670,18.680,18.900,18.910,19.110,18.650,3462984,65232749,15:08:45,-1117.964,4.467,524044.496,524016.491,1.23381
sz002578,002578,闽发铝业,3.320,-0.11,-3.207,3.310,3.320,3.430,3.410,3.430,3.310,26475100,88900105,15:09:00,-110.667,2.067,311625.220756,285905.970252,3.07434
sz002579,002579,中京电子,14.660,-0.31,-2.071,14.660,14.670,14.970,15.220,15.300,14.660,73799733,1107611212,15:09:00,366.5,3.738,898098.89692,855281.836604,12.64968
sz002580,002580,圣阳股份,22.100,0.87,4.098,22.100,22.110,21.230,21.230,23.220,20.800,127516377,2776768918,15:09:15,53.902,4.158,1003050.47453,999668.748,28.19046
sz002581,002581,*ST未名,4.270,0.39,10.052,4.270,0.000,3.880,3.860,4.270,3.770,17564000,73247972,15:08:00,-24.22,1.562,281707.095222,171137.825747,4.38233
sz002582,002582,好想你,11.500,0.35,3.139,11.500,11.510,11.150,11.000,11.990,10.860,87287327,999506619,15:09:15,5.75,1.007,514864.07465,395875.5147,25.35656
sz002583,002583,海能达,8.380,-0.04,-0.475,8.370,8.380,8.420,8.450,8.530,8.360,18751320,158414075,15:09:15,-59.097,7.484,1524003.041278,1074959.31584,1.46179
sz002584,002584,西陇科学,8.130,-0.11,-1.335,8.130,8.140,8.240,8.280,8.370,8.130,22976700,189720751,15:08:30,-62.538,2.175,475780.951086,380830.766451,4.90508
sz002585,002585,双星新材,11.300,0.2,1.802,11.300,11.310,11.100,11.170,11.750,10.800,195788328,2196407261,15:09:15,-24.459,1.549,1289694.55156,1002035.10942,22.07915
sz002586,002586,ST围海,4.000,0.23,6.101,3.990,4.000,3.770,4.100,4.120,3.960,14980405,60116372,15:09:00,16.743,1.428,457689.4856,435007.2012,1.37749
sz002587,002587,奥拓电子,5.540,-0.12,-2.12,5.530,5.540,5.660,5.670,5.690,5.530,15815398,88756173,15:09:15,277.0,2.773,362595.302424,295122.845218,2.96884
sz002588,002588,史丹利,8.560,-0.18,-2.059,8.550,8.560,8.740,8.740,8.750,8.550,10700000,92354461,15:09:15,9.511,1.248,986019.53488,734992.90392,1.24616
sz002589,002589,瑞康医药,3.710,0.16,4.507,3.710,3.720,3.550,3.400,3.900,3.270,393381828,1399641842,15:09:00,371.0,1.05,558247.584741,506634.464308,28.8067
sz002590,002590,万安科技,9.450,-0.19,-1.971,9.450,9.460,9.640,9.680,9.680,9.430,4829389,46067559,15:09:00,23.049,1.591,490504.590765,467734.237425,0.97572
sz002591,002591,恒大高新,6.250,-0.13,-2.038,6.250,6.260,6.380,6.350,6.510,6.250,7327400,46498510,15:08:15,-72.59,2.933,187624.6775,139695.28875,3.2783
sz002592,002592,ST八菱,6.180,-0.12,-1.905,6.180,6.210,6.300,6.290,6.320,6.160,3199100,19948157,15:08:30,15.073,1.775,175528.165026,162435.723786,1.21712
sz002593,002593,日上集团,4.440,-0.06,-1.333,4.430,4.440,4.500,4.520,4.540,4.440,11486600,51449373,15:08:45,31.714,1.443,356912.964876,248863.922076,2.04933
sz002594,002594,比亚迪,89.710,-0.7,-0.774,89.710,89.720,90.410,90.370,90.700,89.700,22665355,2039695173,15:09:00,25.059,3.527,81790379.355615,31278409.7085,0.65007
sz002595,002595,豪迈科技,51.170,0.11,0.215,51.170,51.230,51.060,51.060,52.220,50.800,3126768,161103461,15:09:00,17.054,4.736,5935720.0,5894674.59854,0.27143
sz002596,002596,海南瑞泽,3.280,-0.06,-1.796,3.280,3.290,3.340,3.340,3.350,3.260,19161800,63216463,15:08:30,-17.263,7.083,376406.409904,376060.287904,1.67129
sz002597,002597,金禾实业,19.720,-0.64,-3.143,19.710,19.720,20.360,20.340,20.360,19.700,7765731,154607117,15:08:15,31.302,1.418,1120726.799416,1118610.727068,1.36902
sz002598,002598,ST章鼓,6.710,-0.15,-2.187,6.710,6.720,6.860,6.880,6.900,6.700,2909700,19678628,15:09:00,33.169,1.672,209387.548238,192261.646104,1.0155
sz002599,002599,盛通股份,6.080,-0.15,-2.408,6.080,6.090,6.230,6.240,6.300,6.070,10355800,64114055,15:08:15,608.0,2.662,328693.790496,251329.620288,2.50521
sz002600,002600,领益智造,12.550,0.04,0.32,12.540,12.550,12.510,12.510,12.770,12.510,112506658,1423236467,15:08:45,38.03,4.178,10190958.210885,9035974.479575,1.5626
sz002601,002601,龙佰集团,15.610,-0.38,-2.376,15.600,15.610,15.990,16.020,16.080,15.550,19265332,302133091,15:09:00,30.019,1.629,3721811.215416,3102647.948946,0.96927
sz002602,002602,世纪华通,13.730,-0.56,-3.919,13.720,13.730,14.290,14.450,14.480,13.720,101584075,1425306892,15:08:45,17.603,3.133,10119946.828106,9332044.331871,1.49458
sz002603,002603,以岭药业,17.100,0.32,1.907,17.100,17.110,16.780,16.770,17.380,16.580,42566246,729807785,15:08:15,22.208,2.506,2856906.19296,2353873.11264,3.09228
sz002605,002605,姚记科技,17.960,-0.31,-1.697,17.950,17.960,18.270,18.280,18.480,17.930,7149000,130080257,15:08:30,16.007,1.926,749950.793572,607465.487384,2.11364
sz002606,002606,大连电瓷,14.350,-0.36,-2.447,14.340,14.350,14.710,14.870,14.880,14.350,23534100,343459261,15:08:30,29.286,3.199,630070.0707,604625.814485,5.58551
sz002607,002607,中公教育,2.140,-0.06,-2.727,2.140,2.150,2.200,2.180,2.190,2.130,191827444,414212946,15:08:45,214.0,16.398,1319823.469246,1186296.205368,3.46044
sz002608,002608,江苏国信,7.300,0.02,0.275,7.290,7.300,7.280,7.270,7.350,7.220,17303004,126031554,15:09:00,7.959,0.769,2757998.18392,2757998.18392,0.45798
sz002609,002609,捷顺科技,7.740,-0.1,-1.276,7.740,7.750,7.840,7.880,7.960,7.730,5322219,41778919,15:08:30,77.789,2.075,498021.662934,355157.574984,1.15988
sz002611,002611,东方精工,15.650,-0.31,-1.942,15.640,15.650,15.960,16.000,16.020,15.650,24548228,388873246,15:08:30,25.656,2.01,1905052.44602,1571201.156,2.44513
sz002612,002612,朗姿股份,15.850,-0.45,-2.761,15.850,15.860,16.300,16.270,16.300,15.800,14159213,226392834,15:09:00,7.018,2.098,701275.919375,403317.874795,5.56443
sz002613,002613,北玻股份,3.410,-0.11,-3.125,3.410,3.420,3.520,3.550,3.600,3.410,33691630,116544167,15:08:30,119.649,1.7,375293.923972,263822.123356,4.35477
sz002614,002614,奥佳华,4.930,-0.05,-1.004,4.920,4.930,4.980,4.980,5.000,4.880,7602535,37557460,15:07:45,246.5,0.713,307503.427572,217544.069473,1.72289
sz002615,002615,哈尔斯,6.590,-0.19,-2.802,6.590,6.600,6.780,6.780,6.780,6.570,7421650,49424668,15:08:45,43.933,1.548,368915.924798,199098.800649,2.4565
sz002616,002616,长青集团,4.800,-0.04,-0.826,4.800,4.810,4.840,4.820,4.850,4.770,8464219,40685170,15:09:00,14.719,1.108,412423.85664,281990.52864,1.44077
sz002617,002617,露笑科技,6.330,-0.14,-2.164,6.330,6.340,6.470,6.470,6.500,6.330,77762705,500208926,15:08:45,57.285,1.876,1208507.112249,1188534.606996,4.14155
sz002620,002620,*ST瑞和,5.150,-0.06,-1.152,5.150,5.160,5.210,5.210,5.350,5.150,5760900,30158383,15:08:30,-21.458,-26.383,194409.41,162777.09545,1.82265
sz002622,002622,皓宸医疗,2.530,0.01,0.397,2.530,2.540,2.520,2.520,2.580,2.470,48380500,122736882,15:08:45,-17.792,7.946,212520.0,212513.73825,5.75975
sz002623,002623,亚玛顿,16.300,-0.6,-3.55,16.290,16.300,16.900,16.980,16.990,16.200,5198580,85940112,15:08:30,-30.185,1.15,314691.89619,313996.90494,2.69865
sz002624,002624,完美世界,11.760,-0.17,-1.425,11.760,11.770,11.930,11.960,12.020,11.680,54223764,642980377,15:09:00,30.154,3.165,2281402.843104,2149414.056216,2.96672
sz002625,002625,光启技术,30.890,-0.21,-0.675,30.880,30.890,31.100,31.110,31.660,30.880,25647290,801126688,15:08:30,96.531,6.807,6655521.905718,6655473.717318,1.19037
sz002626,002626,金达威,16.400,-0.18,-1.086,16.400,16.410,16.580,16.540,16.750,16.080,13318756,218280405,15:08:00,29.286,2.272,1000295.09248,1000172.09248,2.1839
sz002627,002627,三峡旅游,6.430,-0.15,-2.28,6.430,6.440,6.580,6.580,6.610,6.430,6772312,44136125,15:09:00,72.902,1.467,453751.904354,448915.686592,0.97003
sz002628,002628,成都路桥,5.050,-0.1,-1.942,5.050,5.060,5.150,5.140,5.140,5.010,23663200,119767913,15:08:15,-50.5,1.355,382335.709575,380661.32501,3.13925
sz002629,002629,仁智股份,4.670,-0.09,-1.891,4.670,4.680,4.760,4.770,4.800,4.660,9003600,42402728,15:08:30,212.273,31.554,198987.766,169172.61333,2.48544
sz002630,002630,*ST华西,1.700,-0.04,-2.299,1.700,1.710,1.740,1.740,1.750,1.700,10040300,17267444,15:08:45,-6.993,-26.357,200736.0,183011.59855,0.93265
sz002631,002631,德尔未来,8.780,-0.1,-1.126,8.770,8.780,8.880,8.990,9.070,8.740,31492348,280549665,15:08:30,-31.685,3.46,700014.369518,696756.525056,3.96843
sz002632,002632,道明光学,8.270,-0.16,-1.898,8.270,8.280,8.430,8.450,8.500,8.270,9313439,77911440,15:08:00,23.629,2.32,516543.44743,475050.104347,1.62135
sz002633,002633,申科股份,14.490,-0.31,-2.095,14.490,14.510,14.800,14.840,14.900,14.430,2484856,36430291,15:08:30,421.221,6.128,217350.0,216718.327287,1.6614
sz002634,002634,*ST棒杰,4.330,-0.08,-1.814,4.330,4.340,4.410,4.360,4.430,4.330,4797700,20923937,15:08:45,-2.014,-2.556,198899.638129,191487.847229,1.08488
sz002635,002635,安洁科技,15.430,-0.29,-1.845,15.430,15.440,15.720,15.840,15.870,15.420,17513783,274344969,15:08:45,90.765,1.743,1017896.695368,610307.587187,4.42789
sz002636,002636,金安国纪,65.580,-2.89,-4.221,65.580,65.590,68.470,70.000,70.750,65.470,68419206,4681565989,15:09:00,158.789,12.518,4774224.0,4750060.504686,9.44605
sz002637,002637,赞宇科技,10.390,-0.35,-3.259,10.390,10.400,10.740,10.670,10.740,10.380,10074600,105981194,15:08:30,25.975,1.295,488746.639,483108.677974,2.1667
sz002638,002638,勤上股份,3.520,-0.14,-3.825,3.520,3.530,3.660,3.680,3.730,3.520,28928552,103709992,15:08:45,-15.304,2.675,505681.210848,476143.363168,2.13861
sz002639,002639,雪人集团,12.230,-0.26,-2.082,12.230,12.240,12.490,12.510,12.550,12.220,22849200,282889645,15:08:45,258.562,3.715,952662.224276,806731.94172,3.46392
sz002640,002640,跨境通,3.400,-0.13,-3.683,3.400,3.410,3.530,3.520,3.550,3.400,97252200,337948237,15:08:30,-12.532,8.226,529734.0522,526409.0817,6.28138
sz002641,002641,公元股份,3.890,-0.04,-1.018,3.890,3.900,3.930,3.930,3.940,3.890,7626504,29843975,15:08:30,77.8,0.879,478117.515819,441123.920017,0.67253
sz002642,002642,荣联科技,7.390,-0.08,-1.071,7.380,7.390,7.470,7.490,7.660,7.350,18098111,135726414,15:08:45,243.894,4.114,488907.851307,488907.851307,2.73559
sz002643,002643,万润股份,13.850,-0.18,-1.283,13.840,13.850,14.030,14.190,14.240,13.850,20823687,293209709,15:09:00,44.677,1.774,1268521.534625,1249567.73345,2.30806
sz002644,002644,佛慈制药,8.800,0.8,10,8.800,0.000,8.000,8.000,8.800,7.890,25700955,221910328,15:09:00,91.286,2.435,449378.16,449378.16,5.03292
sz002645,002645,华宏科技,19.530,-0.4,-2.007,19.520,19.530,19.930,20.090,20.400,19.500,33090823,662048508,15:09:00,55.8,3.447,1470844.203696,1328456.938158,4.86477
sz002646,002646,天佑德酒,7.120,-0.02,-0.28,7.120,7.130,7.140,7.130,7.240,7.100,5428302,38913213,15:08:15,791.111,1.183,341124.877488,338799.859288,1.14078
sz002647,002647,仁东控股,11.290,-0.06,-0.529,11.290,11.300,11.350,11.420,11.510,11.280,27841600,317270402,15:09:00,32.257,20.505,1276099.280753,1146264.280753,2.74223
sz002648,002648,卫星化学,25.460,-0.7,-2.676,25.460,25.470,26.160,25.960,26.130,25.440,46043336,1185251085,15:08:45,16.114,2.419,8576571.92674,8571064.40681,1.3677
sz002649,002649,博彦科技,10.230,-0.23,-2.199,10.230,10.240,10.460,10.460,11.030,10.100,55113228,582403539,15:09:00,56.833,1.454,605037.526236,548701.462518,10.27532
sz002650,002650,ST加加,6.250,0.17,2.796,6.240,6.250,6.080,6.090,6.250,5.920,5481056,33224402,15:08:30,-46.922,3.975,691927.39,691903.9525,0.49511
sz002651,002651,利君股份,7.630,-0.15,-1.928,7.630,7.640,7.780,7.800,7.810,7.600,7812432,60036781,15:09:00,140.775,2.813,788529.98,431448.758083,1.3816
sz002652,002652,扬子新材,3.950,-0.09,-2.228,3.950,3.960,4.040,4.050,4.080,3.950,12146160,48471740,15:08:15,-65.833,8.613,202265.28,202265.28,2.372
sz002653,002653,海思科,68.880,-0.27,-0.39,68.880,68.890,69.150,69.000,70.800,68.280,9114250,634588642,15:08:00,299.478,15.923,7713994.97736,3697382.884104,1.69793
sz002654,002654,万润科技,13.070,-0.43,-3.185,13.070,13.080,13.500,13.670,13.930,13.060,45052601,607471140,15:09:00,326.75,7.064,1104810.425008,1104732.005008,5.33014
sz002655,002655,共达电声,32.020,-0.26,-0.805,32.020,32.030,32.280,32.860,33.660,32.010,27221857,893840107,15:08:45,155.437,14.009,1167397.968,1165089.0058,7.48135
sz002656,002656,摩登大道,3.000,-0.07,-2.28,2.990,3.000,3.070,3.080,3.080,2.960,11472800,34740904,15:08:15,-47.619,5.181,213755.9532,205991.5104,1.67086
sz002657,002657,中科金财,15.760,-0.33,-2.051,15.750,15.760,16.090,16.130,16.370,15.750,11709256,188004321,15:07:45,-48.929,3.359,535921.94412,529736.84544,3.48358
sz002658,002658,雪迪龙,7.480,-0.07,-0.927,7.480,7.490,7.550,7.550,7.780,7.480,11517595,87501531,15:08:45,31.167,1.768,475549.171152,268204.001252,3.21217
sz002659,002659,凯文教育,4.670,-0.19,-3.909,4.660,4.670,4.860,4.800,4.860,4.660,22276500,105544722,15:09:00,-155.667,1.302,279396.939328,279395.626124,3.72344
sz002660,002660,茂硕电源,7.370,-0.06,-0.808,7.360,7.370,7.430,7.440,7.530,7.350,5330600,39733186,15:08:30,-11.167,2.635,262833.376003,252781.20527,1.55417
sz002661,002661,克明食品,7.750,-0.01,-0.129,7.720,7.750,7.760,7.750,7.790,7.650,2105900,16280987,15:08:30,25.833,1.097,250980.91505,239023.485775,0.68281
sz002662,002662,峰璟股份,3.260,-0.04,-1.212,3.250,3.260,3.300,3.300,3.330,3.260,10562000,34749138,15:08:45,19.176,1.094,489000.0,488993.8386,0.70414
sz002663,002663,普邦股份,1.670,-0.03,-1.765,1.670,1.680,1.700,1.700,1.720,1.660,38130844,64304852,15:09:00,-6.192,1.49,287799.266634,285088.40206,2.23364
sz002664,002664,信质集团,16.420,-0.19,-1.144,16.420,16.440,16.610,16.610,16.950,16.420,4479059,74633670,15:08:15,49.758,1.88,670264.4,661029.936496,1.1126
sz002666,002666,德联集团,4.190,-0.04,-0.946,4.180,4.190,4.230,4.220,4.260,4.170,8787700,37015606,15:08:30,69.833,0.935,330171.707119,209779.862251,1.7552
sz002667,002667,*ST威领,13.600,-1.45,-9.635,13.590,13.600,15.050,14.760,14.960,13.600,22447300,319885503,15:09:15,-8.047,-178.244,354404.44,321790.96,9.48701
sz002668,002668,TCL智家,10.150,0.05,0.495,10.150,10.160,10.100,10.130,10.440,10.070,19914534,203737120,15:09:00,9.76,2.859,1100373.09942,1100373.09942,1.83695
sz002669,002669,康达新材,12.200,-0.33,-2.634,12.200,12.210,12.530,12.560,12.660,12.200,14106300,175259800,15:08:30,28.638,1.334,370148.0,369315.716,4.65988
sz002670,002670,国盛证券,11.310,-0.1,-0.876,11.310,11.320,11.410,11.360,11.590,11.290,27167683,310625934,15:09:15,80.156,1.931,2188580.742543,1836009.567054,1.67356
sz002671,002671,龙泉股份,3.920,-0.07,-1.754,3.920,3.930,3.990,3.990,4.010,3.900,9007000,35536778,15:08:45,43.556,1.342,220143.611632,216147.260616,1.63349
sz002672,002672,东江环保,3.620,-0.05,-1.362,3.610,3.620,3.670,3.680,3.690,3.600,7614000,27693911,15:09:00,-3.261,1.796,400102.600324,327652.825324,0.84122
sz002673,002673,西部证券,6.690,-0.02,-0.298,6.690,6.700,6.710,6.710,6.790,6.680,28931600,194806966,15:09:15,17.027,0.98,2990150.160645,2990150.160645,0.6473
sz002674,002674,兴业科技,28.460,-0.42,-1.454,28.460,28.470,28.880,29.220,29.780,28.410,23351268,677702411,15:09:15,82.901,3.432,841137.986624,832636.153592,7.9816
sz002675,002675,东诚药业,13.310,0,0,13.300,13.310,13.310,13.290,13.450,13.130,10228614,136333776,15:08:45,56.113,2.561,1097536.883355,989444.096014,1.37595
sz002676,002676,顺威股份,4.980,-0.1,-1.969,4.980,4.990,5.080,5.080,5.100,4.970,10869800,54605210,15:09:00,44.986,2.665,358560.0,358548.276582,1.50974
sz002677,002677,浙江美大,7.280,-0.33,-4.336,7.270,7.280,7.610,7.550,7.680,7.270,14926546,111543354,15:09:15,364.0,3.193,470325.599016,401499.1708,2.70649
sz002678,002678,珠江钢琴,4.690,-0.18,-3.696,4.680,4.690,4.870,4.900,4.900,4.670,7633138,36257573,15:08:30,-16.75,2.092,637052.231487,636702.416112,0.56226
sz002679,002679,福建金森,8.950,-0.13,-1.432,8.950,8.960,9.080,9.080,9.090,8.920,2855300,25716100,15:08:45,223.75,2.833,211001.62,211001.62,1.21113
sz002681,002681,奋达科技,4.580,-0.05,-1.08,4.570,4.580,4.630,4.650,4.670,4.570,35070606,161763110,15:08:15,-91.6,3.857,821950.722256,718723.286644,2.23484
sz002682,002682,龙洲股份,5.120,0.09,1.789,5.120,5.130,5.030,5.530,5.530,5.070,139285052,742050240,15:08:45,-5.224,5.464,287932.720128,287932.720128,24.76757
sz002683,002683,广东宏大,28.800,-0.68,-2.307,28.800,28.820,29.480,29.560,29.700,28.800,8798600,256485661,15:08:45,22.675,3.114,2188468.98144,1919690.25696,1.32
sz002685,002685,华东重机,6.000,-0.21,-3.382,6.000,6.010,6.210,6.110,6.150,5.930,81864128,490595671,15:08:45,90.634,3.666,604614.3846,604533.3396,8.12502
sz002686,002686,亿利达,6.270,0.01,0.16,6.270,6.280,6.260,6.240,6.570,6.200,23915479,152851189,15:09:00,116.327,2.2,355031.936391,327750.993966,4.57512
sz002687,002687,乔治白,6.150,0.1,1.653,6.150,6.160,6.050,6.270,6.600,6.100,51714070,324550268,15:09:00,36.176,1.984,310439.386965,254237.025255,12.50965
sz002688,002688,金河生物,5.230,-0.02,-0.381,5.220,5.230,5.250,5.250,5.290,5.180,7857800,41146530,15:08:30,148.159,1.761,402450.800154,390923.471691,1.05126
sz002689,002689,ST远智,2.770,-0.04,-1.423,2.770,2.780,2.810,2.820,2.820,2.760,6689621,18665063,15:08:45,28.705,2.319,288997.070825,288886.492148,0.64144
sz002690,002690,美亚光电,15.110,-0.17,-1.113,15.110,15.120,15.280,15.300,15.330,15.090,5999160,91044026,15:08:30,18.538,4.405,1333047.8679,655391.739665,1.3831
sz002691,002691,*ST冀凯,4.220,-0.18,-4.091,4.220,4.230,4.400,4.440,4.460,4.220,2605120,11249194,15:09:15,-26.375,1.762,143480.0,141783.31946,0.77538
sz002692,002692,远程股份,4.240,-0.04,-0.935,4.230,4.240,4.280,4.280,4.320,4.220,11083800,47231539,15:08:30,1696.0,2.665,304493.904,304319.2266,1.54428
sz002693,002693,双成药业,9.970,-0.05,-0.499,9.960,9.970,10.020,10.010,10.190,9.750,25513800,256144970,15:09:15,199.4,9.941,413445.68075,409748.651212,6.20802
sz002694,002694,*ST顾地,2.140,-0.06,-2.727,2.140,2.150,2.200,2.210,2.210,2.130,2437400,5276185,15:09:00,-3.193,-21.704,163300.1472,153822.67035,0.33909
sz002695,002695,煌上煌,11.050,-0.42,-3.662,11.050,11.060,11.470,11.510,11.600,11.000,12616200,142161083,15:09:15,75.685,2.199,618342.310105,565157.86782,2.46673
sz002696,002696,百洋股份,6.160,0.04,0.654,6.160,6.170,6.120,6.110,6.320,6.000,17654215,108388270,15:08:30,52.515,1.566,212984.606912,205903.493488,5.2816
sz002697,002697,红旗连锁,4.690,-0.02,-0.425,4.680,4.690,4.710,4.700,4.740,4.660,14752099,69398374,15:08:45,13.4,1.294,637840.0,537164.57725,1.28801
sz002698,002698,博实股份,13.980,0.05,0.359,13.970,13.980,13.930,13.990,14.490,13.800,40091279,567773054,15:09:15,25.207,3.383,1429541.08185,1180105.37835,4.74937
sz002700,002700,万憬能源,6.050,-0.08,-1.305,6.050,6.060,6.130,6.140,6.150,6.050,5512600,33598598,15:09:15,30.25,1.79,250245.051925,129945.438645,2.56656
sz002701,002701,奥瑞金,4.820,-0.11,-2.231,4.820,4.840,4.930,4.930,4.930,4.820,27651409,134567032,15:08:45,12.359,1.204,1233804.546058,1232650.272702,1.08125
sz002702,002702,海欣食品,5.160,0,0,5.160,5.170,5.160,5.130,5.320,5.030,57461610,297944483,15:08:45,-59.039,2.766,286772.16,236711.775,12.52586
sz002703,002703,浙江世宝,14.500,-0.7,-4.605,14.500,14.510,15.200,15.000,15.140,14.500,45374002,673929263,15:09:15,66.089,5.637,1192816.9568,849769.7073,7.74237
sz002705,002705,新宝股份,11.740,-0.2,-1.675,11.730,11.740,11.940,11.940,11.940,11.730,7402776,87599628,15:09:00,9.478,1.098,953142.16572,948158.610856,0.9166
sz002706,002706,良信股份,9.990,0.91,10.022,9.990,0.000,9.080,9.120,9.990,9.120,68479027,669327439,15:09:15,39.96,2.593,1122001.89498,913466.80881,7.48911
sz002707,002707,众信旅游,5.170,-0.12,-2.268,5.160,5.170,5.290,5.290,5.310,5.170,18074700,94576740,15:08:45,738.571,5.643,508063.672061,447198.745334,2.08959
sz002708,002708,光洋股份,11.300,-0.03,-0.265,11.290,11.300,11.330,11.270,11.630,11.240,22373875,254061085,15:08:15,61.884,3.591,635170.70271,583821.90263,4.33051
sz002709,002709,天赐材料,38.810,-0.65,-1.647,38.800,38.810,39.460,39.500,39.850,38.810,58455660,2299761166,15:09:15,54.662,4.146,7911658.128464,5856471.764739,3.87377
sz002712,002712,思美传媒,4.850,-0.07,-1.423,4.830,4.850,4.920,4.920,5.030,4.820,16875800,83175896,15:08:30,-45.285,1.908,263973.95603,262336.632405,3.11995
sz002713,002713,东易日盛,10.150,0.06,0.595,10.140,10.150,10.090,10.140,10.500,10.050,21017037,216788635,15:09:15,253.75,11.12,965676.26176,534398.343465,3.99183
sz002714,002714,牧原股份,40.150,0.22,0.551,40.140,40.150,39.930,39.950,40.360,39.570,38534557,1541256970,15:09:15,13.941,2.687,23178579.51816,13171204.7698,1.17466
sz002715,002715,登云股份,14.410,-0.26,-1.772,14.410,14.420,14.670,14.650,15.020,14.390,8298987,121517160,15:09:15,-126.404,4.273,198858.0,198858.0,6.01376
sz002716,002716,湖南白银,9.060,-0.72,-7.362,9.060,9.070,9.780,9.690,9.880,9.060,300331781,2818916725,15:09:15,75.5,6.3,2557718.313276,2104162.960644,12.93154
sz002717,002717,*ST岭南,1.030,-0.01,-0.962,1.030,1.040,1.040,1.040,1.050,1.030,34127681,35367684,15:09:15,-0.803,-1.264,187484.056474,177011.058498,1.98584
sz002718,002718,友邦吊顶,87.000,-3.15,-3.494,86.980,87.000,90.150,90.870,92.220,86.200,1101800,98474862,15:09:00,870.0,12.236,1126196.1123,817633.1688,1.17237
sz002719,002719,ST麦趣,6.110,-0.13,-2.083,6.110,6.130,6.240,6.240,6.330,6.110,3762900,23410591,15:09:15,-12.462,9.756,106399.208227,98903.972245,2.32461
sz002721,002721,金一文化,2.830,-0.18,-5.98,2.830,2.840,3.010,3.010,3.050,2.810,274516645,795519123,15:09:15,259.633,3.497,752604.148045,752604.148045,10.32259
sz002722,002722,物产金轮,12.770,-0.13,-1.008,12.760,12.770,12.900,12.890,12.940,12.770,2244200,28816785,15:08:45,17.493,0.95,283969.05677,283949.90177,1.00928
sz002723,002723,小崧股份,7.030,-0.14,-1.953,7.020,7.030,7.170,7.190,7.190,7.000,7330720,52010883,15:09:15,-9.036,3.184,233641.962828,222886.032599,2.31217
sz002724,002724,海洋王,6.160,0.56,10,6.160,0.000,5.600,5.600,6.160,5.570,22303047,132488055,15:09:15,43.167,1.728,475242.764304,349749.462832,3.92815
sz002725,002725,跃岭股份,11.620,-0.35,-2.924,11.620,11.630,11.970,12.100,12.100,11.620,5319300,62844302,15:08:30,204.218,3.048,297472.0,289295.507984,2.13658
sz002726,002726,ST龙大,2.120,-0.06,-2.752,2.120,2.130,2.180,2.160,2.190,2.090,62054956,132135917,15:08:45,-3.11,5.522,288560.53626,288386.90826,4.56181
sz002727,002727,一心堂,12.060,-0.23,-1.871,12.060,12.070,12.290,12.200,12.370,12.030,21205970,258167934,15:08:15,26.384,0.944,706238.57475,473855.982048,5.39708
sz002728,002728,特一药业,9.490,0.14,1.497,9.490,9.500,9.350,9.310,9.580,9.170,30607036,289134989,15:09:00,59.313,2.637,487131.011588,475742.157488,6.10542
sz002729,002729,好利科技,14.060,-0.38,-2.632,14.050,14.060,14.440,14.540,14.540,14.050,4501700,64346907,15:08:30,54.077,4.54,257255.70752,246698.260202,2.56564
sz002730,002730,电光科技,23.810,0.17,0.719,23.810,23.820,23.640,24.000,24.620,23.800,11638900,282047332,15:09:00,125.316,5.226,862112.19428,823897.14428,3.36355
sz002731,002731,*ST萃华,1.680,0.06,3.704,1.670,1.680,1.620,1.610,1.710,1.590,35180848,58202893,15:08:45,1.976,0.23,43034.208,38582.2752,15.31891
sz002732,002732,燕塘乳业,13.810,-0.13,-0.933,13.810,13.880,13.940,13.890,14.030,13.750,1269800,17622749,15:09:15,37.324,1.44,217300.35,216217.882151,0.81103
sz002733,002733,雄韬股份,19.400,0.01,0.052,19.390,19.400,19.390,19.500,20.120,19.380,15993404,315629502,15:08:00,92.381,2.743,745376.93122,715593.75246,4.33587
sz002734,002734,利民股份,15.440,-0.35,-2.217,15.430,15.440,15.790,15.990,16.000,15.410,11877879,186850967,15:08:45,13.197,1.794,734696.379456,672908.463936,2.7254
sz002735,002735,王子新材,11.900,-0.3,-2.459,11.900,11.910,12.200,12.210,12.310,11.900,13882800,168173731,15:09:15,-28.333,2.857,446552.68007,339220.61579,4.87014
sz002736,002736,国信证券,10.110,-0.01,-0.099,10.100,10.110,10.120,10.120,10.210,10.100,21447317,217661076,15:08:30,10.01,1.032,10354402.23366,9718166.100147,0.22312
sz002737,002737,葵花药业,13.630,0.17,1.263,13.620,13.630,13.460,13.470,13.930,13.250,8321625,113450075,15:08:30,-30.977,2.016,795992.0,795991.5911,1.42494
sz002738,002738,中矿资源,52.400,-0.88,-1.652,52.400,52.410,53.280,53.010,54.180,52.380,20570733,1091128496,15:09:15,82.611,2.996,3821976.75548,3725719.98336,2.89315
sz002739,002739,儒意电影,10.230,-0.55,-5.102,10.230,10.240,10.780,10.500,10.750,10.200,278699335,2900905982,15:09:15,42.081,2.836,2160349.618284,2148210.434304,13.27195
sz002741,002741,光华科技,25.210,-0.28,-1.098,25.210,25.220,25.490,25.800,26.170,25.200,29927944,770868992,15:09:00,114.591,5.954,1181346.42351,1084097.045995,6.95956
sz002742,002742,冀衡医药,4.350,-0.06,-1.361,4.350,4.360,4.410,4.430,4.470,4.260,27773600,121715392,15:08:15,-7.131,18.566,297584.387835,227922.653505,5.30071
sz002743,002743,富煌钢构,4.000,-0.09,-2.2,3.990,4.000,4.090,4.140,4.150,3.990,7440100,30000184,15:08:45,-1.961,0.75,174107.3912,173828.3912,1.71206
sz002745,002745,木林森,11.660,0,0,11.660,11.670,11.660,11.940,12.340,11.660,87675546,1049011034,15:09:15,-11.66,1.459,1730538.021234,1240727.778664,8.23949
sz002746,002746,仙坛股份,6.240,-0.05,-0.795,6.240,6.250,6.290,6.240,6.280,6.110,17353696,107617722,15:08:30,22.286,1.149,536976.165648,442837.965648,2.4453
sz002747,002747,埃斯顿,34.670,-0.04,-0.115,34.660,34.670,34.710,34.710,36.070,34.330,72279992,2547514354,15:09:15,693.4,10.363,3355357.236551,2712702.675451,9.23783
sz002748,002748,世龙实业,11.860,-0.3,-2.467,11.860,11.870,12.160,12.100,12.190,11.860,5306500,63776194,15:08:15,49.417,1.992,284640.0,284640.0,2.21104
sz002749,002749,国光股份,8.600,-0.13,-1.489,8.590,8.600,8.730,8.730,8.760,8.590,3922760,33838543,15:09:00,12.647,2.563,478565.53128,468114.46728,0.72067
sz002752,002752,昇兴股份,5.910,-0.13,-2.152,5.910,5.920,6.040,6.030,6.050,5.910,10110510,60385153,15:08:30,19.065,1.567,577358.814588,576536.350029,1.03642
sz002753,002753,永东股份,6.230,-0.06,-0.954,6.230,6.240,6.290,6.290,6.290,6.220,2717700,16975117,15:08:30,60.135,1.006,267067.345321,184276.486569,0.9188
sz002755,002755,奥赛康,13.920,0.1,0.724,13.910,13.920,13.820,13.840,14.360,13.600,14737955,206320343,15:09:15,55.68,3.914,1291999.208592,1291985.427792,1.58788
sz002756,002756,永兴材料,47.860,-0.39,-0.808,47.860,47.870,48.250,48.040,48.580,47.550,12336819,592371628,15:09:15,38.288,1.956,2580139.97044,1852555.025626,3.18717
sz002757,002757,南兴股份,17.440,-0.31,-1.746,17.440,17.450,17.750,18.120,18.340,17.410,22050100,395297036,15:09:15,42.935,2.503,515275.112272,491900.817424,7.81771
sz002758,002758,浙农股份,7.810,-0.08,-1.014,7.810,7.820,7.890,7.890,7.900,7.770,5432400,42510755,15:08:30,7.231,0.78,405184.751719,404751.532581,1.04822
sz002759,002759,ST天际,19.480,0.63,3.342,19.480,19.490,18.850,18.800,20.500,18.220,41497854,784927828,15:09:15,121.75,2.802,976693.31454,975834.612764,8.28397
sz002760,002760,凤形股份,17.460,-0.36,-2.02,17.450,17.460,17.820,17.820,17.980,17.450,3106600,55127876,15:08:45,91.895,2.252,188548.280676,188548.280676,2.87678
sz002761,002761,浙江建投,7.300,-0.02,-0.273,7.290,7.300,7.320,7.300,7.370,7.190,11161000,81420951,15:09:15,56.154,1.115,967156.48554,789706.04957,1.03172
sz002762,002762,金发拉比,10.130,-0.5,-4.704,10.130,10.140,10.630,10.680,10.700,9.930,34746243,354533298,15:08:30,-19.113,5.365,358627.325,214126.353642,16.43793
sz002763,002763,汇洁股份,7.490,-0.12,-1.577,7.480,7.490,7.610,7.610,7.650,7.490,4960600,37391494,15:08:45,57.615,1.625,307033.076,227407.0358,1.63385
sz002765,002765,蓝黛科技,7.190,-0.08,-1.1,7.180,7.190,7.270,7.270,7.350,7.180,8371200,60853938,15:09:00,25.679,1.762,468880.09671,428423.44066,1.40489
sz002766,002766,索菱股份,4.090,-0.07,-1.683,4.090,4.100,4.160,4.160,4.240,4.090,34572900,143559721,15:09:00,-63.411,3.297,351676.942016,350504.03881,4.03428
sz002767,002767,先锋电子,18.100,-0.08,-0.44,18.090,18.100,18.180,18.270,18.730,18.100,2576100,47123801,15:09:00,95.263,3.151,271500.0,235688.01151,1.97835
sz002768,002768,国恩股份,59.990,-0.66,-1.088,59.990,60.000,60.650,60.630,61.010,59.310,6401046,386382565,15:09:00,18.924,3.798,2619163.4,1513297.343733,2.5375
sz002769,002769,普路通,7.050,-0.09,-1.261,7.040,7.050,7.140,7.180,7.230,7.040,4785339,34035791,15:09:00,78.333,2.238,263189.22807,262972.21215,1.2829
sz002771,002771,真视通,12.930,-0.17,-1.298,12.920,12.930,13.100,13.180,13.350,12.930,6597100,86790335,15:09:15,-43.1,4.58,271224.9813,225647.448915,3.78026
sz002772,002772,众兴菌业,10.570,-0.14,-1.307,10.560,10.570,10.710,10.720,10.740,10.560,8658700,92057503,15:08:30,11.833,1.09,396102.857381,392819.914739,2.32988
sz002773,002773,康弘药业,23.050,0.06,0.261,23.040,23.050,22.990,22.900,23.420,22.600,10756181,248384305,15:08:30,18.294,2.211,2123657.24597,1583012.477245,1.56619
sz002774,002774,快意电梯,15.950,-0.32,-1.967,15.930,15.950,16.270,16.460,17.490,15.700,22836400,377367835,15:09:15,74.918,4.423,537017.2005,449420.255075,8.10468
sz002775,002775,文科股份,3.710,-0.1,-2.625,3.710,3.720,3.810,3.820,3.830,3.710,16572348,62635599,15:08:30,-7.894,-49.009,243510.724198,219578.998198,2.80006
sz002777,002777,久远银海,13.010,-0.36,-2.693,13.010,13.020,13.370,13.350,13.450,12.970,10716200,141245748,15:08:30,68.474,3.124,531108.580438,526269.449791,2.64917
sz002778,002778,中晟高科,15.620,-0.57,-3.521,15.610,15.620,16.190,16.260,16.350,15.620,1999140,31777657,15:08:45,26.475,6.072,194864.6546,192795.69188,1.61967
sz002779,002779,中坚科技,79.000,0.1,0.127,78.990,79.000,78.900,79.390,82.000,76.820,4373414,346648060,15:08:45,84.601,15.521,1459920.0,1309885.8465,2.63763
sz002780,002780,三夫户外,13.190,-0.36,-2.657,13.190,13.210,13.550,13.540,13.550,13.180,3493785,46533430,15:09:15,38.794,2.658,218112.099447,172329.670121,2.67412
sz002782,002782,可立克,15.760,-0.29,-1.807,15.760,15.770,16.050,16.060,16.280,15.750,14088853,225251256,15:08:45,25.597,3.487,781402.884488,772107.9312,2.87577
sz002783,002783,凯龙股份,7.780,-0.08,-1.018,7.780,7.790,7.860,7.870,7.890,7.740,11954468,93377459,15:08:45,26.828,1.459,388468.973766,358748.703908,2.5925
sz002785,002785,万里石,33.830,-0.92,-2.647,33.820,33.830,34.750,35.160,35.160,33.760,4610926,158933452,15:09:00,-93.196,9.64,766654.428185,654593.662809,2.38297
sz002786,002786,银宝山新,7.790,-0.11,-1.392,7.780,7.790,7.900,7.880,7.950,7.770,6023800,47279414,15:08:15,-59.923,19.378,386081.748,384913.248,1.21912
sz002787,002787,华源控股,21.390,-0.86,-3.865,21.380,21.390,22.250,22.250,22.680,21.350,12751600,280657302,15:08:15,62.912,3.901,711000.868497,530650.046082,5.14005
sz002788,002788,鹭燕医药,11.740,-0.21,-1.757,11.730,11.740,11.950,11.900,12.050,11.610,24611067,291412876,15:08:30,16.306,1.352,456118.648064,448264.467142,6.44561
sz002789,002789,*ST建艺,10.190,0.08,0.791,10.180,10.190,10.110,10.000,10.340,10.000,1832200,18662566,15:09:00,-2.163,10.697,162656.360766,159446.036931,1.17094
sz002790,002790,瑞尔特,5.830,-0.09,-1.52,5.820,5.840,5.920,5.930,5.940,5.790,4256068,24936148,15:08:15,145.75,1.179,243619.5509,151986.6425,1.63257
sz002791,002791,坚朗五金,15.370,-0.4,-2.536,15.370,15.380,15.770,15.860,15.860,15.370,4430208,68856912,15:08:15,-53.0,1.018,543921.264981,334611.881054,2.03496
sz002792,002792,通宇通讯,38.630,1.52,4.096,38.620,38.630,37.110,38.000,40.520,36.100,102975330,3884067063,15:09:00,482.875,7.174,2023578.58389,1305015.973966,30.4819
sz002793,002793,罗欣药业,5.280,-0.05,-0.938,5.270,5.280,5.330,5.320,5.380,5.200,48399765,257181266,15:09:00,-19.426,5.222,574246.720608,573372.950832,4.45697
sz002795,002795,永和智控,7.390,0,0,7.390,7.400,7.390,7.300,7.600,7.220,25897583,192934260,15:07:45,-23.094,7.318,326407.008553,321042.991833,5.96129
sz002796,002796,世嘉科技,31.480,-0.54,-1.686,31.480,31.490,32.020,32.220,32.850,31.480,9265711,297631383,15:08:00,-136.87,9.43,794451.152304,716825.423044,4.06912
sz002797,002797,第一创业,6.590,0.02,0.304,6.580,6.590,6.570,6.570,6.670,6.570,52139772,345057215,15:09:00,32.95,1.567,2769381.6,2769381.6,1.24071
sz002798,002798,帝欧水华,5.790,-0.04,-0.686,5.780,5.790,5.830,5.810,5.980,5.750,10670490,62719038,15:08:30,-4.559,1.965,340171.018827,299197.772904,2.06493
sz002799,002799,环球印务,6.880,-0.05,-0.722,6.880,6.890,6.930,6.900,7.010,6.800,8445905,58504117,15:08:15,-98.286,1.721,220187.52,220184.6304,2.63905
sz002800,002800,天顺股份,13.460,-0.26,-1.895,13.460,13.480,13.720,13.790,13.800,13.460,2856400,38876902,15:07:45,-86.006,4.148,204932.628182,198996.497636,1.93205
sz002801,002801,微光股份,27.670,-0.93,-3.252,27.660,27.670,28.600,28.660,28.720,27.620,1928200,54185142,15:08:45,17.403,3.112,635391.744,320426.0709,1.66507
sz002802,002802,洪汇新材,11.420,-0.26,-2.226,11.400,11.420,11.680,11.690,11.740,11.400,2279183,26256308,15:08:30,49.652,3.169,206982.80638,170938.222394,1.52267
sz002803,002803,吉宏股份,19.600,-0.22,-1.11,19.600,19.610,19.820,19.720,20.490,19.580,15019279,300508269,15:07:45,29.254,3.241,897516.90448,583225.78496,5.04741
sz002805,002805,丰元股份,20.000,0.51,2.617,19.990,20.000,19.490,19.490,20.780,19.410,22115537,443658749,15:09:00,-11.544,5.99,560125.016,557630.636,7.93197
sz002806,002806,华锋股份,14.060,-0.16,-1.125,14.060,14.070,14.220,14.330,14.500,14.020,4551400,64994828,15:08:45,-93.733,2.678,298745.739734,244791.74951,2.61417
sz002807,002807,江阴银行,3.950,0.03,0.765,3.940,3.950,3.920,3.930,3.950,3.900,33537177,131716767,15:09:00,4.744,0.536,1069475.166465,1067893.962505,1.2405
sz002809,002809,红墙股份,8.260,-0.12,-1.432,8.260,8.270,8.380,8.500,8.500,8.250,4660278,38765693,15:08:00,-45.889,1.201,198454.935938,140395.454584,2.74182
sz002810,002810,山东赫达,20.140,-0.39,-1.9,20.140,20.150,20.530,20.670,20.690,20.100,3066560,62365030,15:08:30,49.122,3.148,700740.914782,650443.989724,0.94951
sz002811,002811,郑中设计,10.270,-0.2,-1.91,10.260,10.270,10.470,10.490,10.490,10.240,3416600,35419082,15:08:45,19.377,2.179,316285.195135,290216.805866,1.20904
sz002812,002812,恩捷股份,56.300,0.85,1.533,56.300,56.310,55.450,55.600,57.450,54.650,25664174,1449328854,15:09:00,375.333,2.16,5524823.25634,4631299.18684,3.11984
sz002813,002813,路畅科技,20.730,-0.24,-1.144,20.730,20.760,20.970,21.000,21.630,20.730,2199831,46629039,15:08:15,-26.539,12.271,248760.0,248536.232088,1.83484
sz002815,002815,崇达技术,12.760,-0.32,-2.446,12.750,12.760,13.080,13.230,13.300,12.760,30694817,400414688,15:09:00,44.0,1.771,1574777.089424,991633.209864,3.94971
sz002816,002816,*ST和科,26.590,0.31,1.18,26.480,26.590,26.280,26.300,27.140,26.050,1834900,48852616,15:08:45,150.226,11.161,265900.0,265900.0,1.8349
sz002817,002817,黄山胶囊,6.550,-0.08,-1.207,6.530,6.550,6.630,6.630,6.670,6.520,4307560,28368141,15:09:00,29.773,2.004,195909.30135,189975.738225,1.48516
sz002818,002818,富森美,10.850,-0.05,-0.459,10.840,10.850,10.900,10.880,10.900,10.800,2170670,23553002,15:08:15,14.662,1.359,812077.9499,323693.35131,0.7276
sz002819,002819,东方中科,20.520,-0.44,-2.099,20.520,20.530,20.960,21.170,21.170,20.500,2321200,48230606,15:08:30,-42.118,1.568,614799.9252,487845.529272,0.97635
sz002820,002820,桂发祥,9.220,-0.24,-2.537,9.210,9.220,9.460,9.440,9.540,9.210,8119220,75477779,15:08:45,-70.923,2.226,185200.56799,185200.56799,4.04206
sz002821,002821,凯莱英,173.810,-1.19,-0.68,173.810,173.890,175.000,174.570,180.580,171.200,17410824,3074832895,15:08:45,55.003,3.493,6270734.03957,5510539.295898,5.49161
sz002822,002822,ST中装,3.190,0.02,0.631,3.180,3.190,3.170,3.170,3.210,3.140,5691500,18114459,15:08:15,-1.792,5.754,622050.0,340993.931267,0.53244
sz002823,002823,凯中精密,14.290,0.72,5.306,14.280,14.290,13.570,13.630,14.570,13.440,17832095,250623486,15:09:00,19.847,2.226,469239.228121,312791.890853,8.14665
sz002824,002824,和胜股份,23.400,-0.2,-0.847,23.390,23.400,23.600,23.690,25.000,23.310,13412373,322393759,15:08:45,43.333,3.12,728144.44092,529252.1442,5.93006
sz002825,002825,纳尔股份,9.300,-0.11,-1.169,9.290,9.300,9.410,9.410,9.440,9.050,7663028,70824404,15:09:00,22.143,2.022,318004.78311,238663.21602,2.98606
sz002826,002826,易明医药,17.630,-0.03,-0.17,17.630,17.640,17.660,17.670,17.950,17.490,4687300,83292059,15:08:45,35.26,4.011,336164.87325,325677.775293,2.53739
sz002827,002827,高争民爆,55.100,-6.12,-9.997,0.000,55.100,61.220,60.300,61.390,55.100,21707702,1257910581,15:09:00,76.528,14.139,1526523.46,1520752.97475,7.86515
sz002828,002828,贝肯能源,12.040,-0.43,-3.448,12.030,12.040,12.470,12.420,12.430,11.880,22259600,270147009,15:08:45,109.455,4.011,241989.0704,241989.0704,11.07511
sz002829,002829,星网宇达,21.430,0.06,0.281,21.430,21.440,21.370,21.500,22.300,21.220,12952980,280386009,15:08:45,-40.434,2.876,445335.531342,312990.558932,8.86871
sz002830,002830,名雕股份,13.850,-0.38,-2.67,13.850,13.860,14.230,14.310,14.310,13.840,2648540,37219822,15:08:15,41.97,3.766,257465.96,128575.7825,2.85297
sz002831,002831,裕同科技,27.730,-0.39,-1.387,27.720,27.730,28.120,28.360,28.700,27.700,6166840,173654781,15:08:45,15.846,2.896,3572541.943417,1980537.514491,0.86343
sz002832,002832,比音勒芬,26.140,-0.02,-0.076,26.140,26.150,26.160,26.250,26.750,26.060,9732093,256513614,15:09:00,27.229,2.604,1491828.317576,1017939.394376,2.49914
sz002833,002833,弘亚数控,18.080,-0.38,-2.059,18.080,18.090,18.460,18.450,18.540,18.000,3512713,64007280,15:09:00,17.901,2.597,775757.943472,529864.427264,1.19861
sz002835,002835,同为股份,12.230,-0.16,-1.291,12.230,12.240,12.390,12.400,12.520,12.230,1575800,19498932,15:08:15,19.109,2.103,268441.077613,155672.152652,1.23799
sz002836,002836,新宏泽,9.870,-0.18,-1.791,9.870,9.900,10.050,10.210,10.210,9.860,1867640,18642347,15:08:30,51.947,5.725,227404.8,227404.8,0.81061
sz002837,002837,英维克,55.450,-0.56,-1,55.450,55.460,56.010,56.820,57.870,55.370,43734406,2489256907,15:09:00,102.685,20.412,7066269.04214,6268390.41957,3.86873
sz002838,002838,道恩股份,24.520,-0.66,-2.621,24.520,24.530,25.180,25.280,25.570,24.200,8322102,208208103,15:08:45,59.805,3.121,1173032.881704,1031388.987248,1.97848
sz002839,002839,张家港行,4.300,-0.02,-0.463,4.300,4.310,4.320,4.320,4.330,4.280,22341839,96066948,15:08:45,5.584,0.55,1051068.33882,1050068.62451,0.91489
sz002840,002840,华统股份,8.540,0.31,3.767,8.530,8.540,8.230,8.220,8.790,8.130,30043864,255072986,15:08:30,-47.444,1.905,685050.099622,680319.935386,3.77138
sz002841,002841,视源股份,50.000,0.55,1.112,49.990,50.000,49.450,49.500,51.470,49.460,8394252,423826182,15:09:00,33.784,2.574,3495932.725,2606727.23,1.61011
sz002842,002842,翔鹭钨业,39.800,-1.95,-4.671,39.800,39.810,41.750,41.750,42.500,39.800,53277515,2182619436,15:09:00,86.522,8.92,1302146.23956,1068480.18882,19.84543
sz002843,002843,泰嘉股份,16.460,-0.15,-0.903,16.410,16.460,16.610,17.050,17.100,16.280,8292000,138339419,15:08:00,-111.669,3.082,414360.027052,411823.623352,3.31419
sz002845,002845,同兴达,12.900,-0.28,-2.124,12.900,12.910,13.180,13.180,13.270,12.880,7893859,103457759,15:08:30,99.231,1.728,422541.69945,322802.31279,3.15459
sz002846,002846,英联股份,10.720,-0.22,-2.011,10.720,10.730,10.940,10.980,10.980,10.720,6876888,74376366,15:09:00,127.619,3.159,450233.177792,278886.750672,2.64338
sz002847,002847,盐津铺子,49.130,-1.11,-2.209,49.130,49.140,50.240,49.910,50.380,49.080,4472262,222284963,15:09:00,17.673,6.117,1327430.887807,1198137.820134,1.83386
sz002848,002848,高斯贝尔,13.090,-0.43,-3.18,13.090,13.100,13.520,13.600,13.650,13.060,4859900,64909831,15:09:00,-27.488,31.152,218799.35,216535.907049,2.9379
sz002849,002849,威星智能,16.870,-0.38,-2.203,16.870,16.880,17.250,17.390,17.540,16.870,7752400,133589168,15:08:30,70.292,2.703,372209.584992,369194.187208,3.54239
sz002850,002850,科达利,190.690,0.19,0.1,190.690,190.700,190.500,190.000,193.830,189.490,3389134,650982207,15:08:45,29.564,3.994,5460068.283213,3998023.454203,1.61648
sz002851,002851,麦格米特,131.860,6.2,4.934,131.850,131.860,125.660,129.640,138.230,129.000,43940002,5974825782,15:09:00,492.566,8.599,7713946.395984,6483412.762692,8.93654
sz002852,002852,道道全,7.780,-0.15,-1.892,7.780,7.790,7.930,7.940,7.940,7.720,5283200,41267828,15:08:15,11.458,1.214,267607.34129,222366.984388,1.84844
sz002853,002853,皮阿诺,21.300,-0.1,-0.467,21.270,21.300,21.400,21.640,21.780,21.260,725800,15613616,15:08:00,-101.429,4.38,389610.96924,274141.25595,0.56393
sz002855,002855,捷荣技术,10.070,-0.13,-1.275,10.060,10.070,10.200,10.210,10.300,10.040,2742072,27732644,15:08:45,-5.06,11.98,248144.619774,247950.822624,1.11363
sz002856,002856,*ST美芝,14.250,-0.13,-0.904,14.250,14.260,14.380,14.430,15.100,14.060,5087000,73947811,15:09:00,-9.019,-37.889,192820.7514,176563.831275,4.10558
sz002857,002857,三晖电气,17.660,0.71,4.189,17.650,17.660,16.950,17.050,18.350,16.800,6770212,120612138,15:07:30,-55.188,4.946,230699.644,227081.3749,5.26516
sz002858,002858,力盛体育,11.710,-0.31,-2.579,11.700,11.710,12.020,12.020,12.100,11.680,3502200,41611576,15:08:30,-285.61,4.192,218600.474318,172619.935623,2.37578
sz002859,002859,洁美科技,74.790,-5.21,-6.512,74.790,74.800,80.000,80.070,81.860,74.210,31471341,2473999235,15:09:00,146.647,11.035,3392788.241277,3203369.3808,7.34771
sz002860,002860,星帅尔,16.610,-0.39,-2.294,16.610,16.620,17.000,16.910,17.010,16.520,10171780,170623504,15:08:45,28.638,2.491,584913.037676,571338.684598,2.95715
sz002861,002861,瀛通通讯,16.420,-0.32,-1.912,16.410,16.420,16.740,16.830,16.970,16.380,4081700,67807086,15:08:15,-43.211,2.961,305878.265604,246576.1023,2.71809
sz002862,002862,实丰文化,13.810,0.06,0.436,13.800,13.810,13.750,13.740,14.160,13.650,4825150,66933871,15:08:30,-13.279,8.038,234065.69,177565.510928,3.75272
sz002863,002863,今飞凯达,4.490,-0.09,-1.965,4.490,4.500,4.580,4.590,4.600,4.490,9786436,44438392,15:08:30,44.9,0.953,269168.115746,269168.115746,1.63248
sz002864,002864,盘龙药业,22.460,0.38,1.721,22.460,22.470,22.080,21.940,22.740,21.710,5148192,115384619,15:09:00,24.413,1.797,307030.284288,221448.248842,5.22146
sz002865,002865,钧达股份,45.310,-1.19,-2.559,45.300,45.310,46.500,47.000,47.200,45.310,8773294,406336841,15:09:00,-8.469,3.501,1410346.481612,1036761.494491,3.83423
sz002866,002866,传艺科技,15.630,-0.33,-2.068,15.610,15.630,15.960,16.160,16.290,15.550,8831270,140118662,15:08:00,52.1,2.146,452523.286128,283235.146878,4.87343
sz002867,002867,周大生,12.460,-0.01,-0.08,12.450,12.460,12.470,12.490,12.590,12.400,5347581,66687744,15:08:45,12.216,1.996,1352500.470678,1344554.617784,0.49556
sz002868,002868,绿康生化,23.220,-0.45,-1.901,23.220,23.230,23.670,23.790,24.120,23.140,1782000,42018142,15:09:00,-25.8,50.865,360875.573514,249459.939162,1.6587
sz002869,002869,金溢科技,16.000,-0.26,-1.599,16.000,16.030,16.260,16.360,16.440,16.000,1999950,32476775,15:08:15,-21.333,1.404,283063.9856,252027.5264,1.26967
sz002870,002870,香山股份,46.410,-1.08,-2.274,46.410,46.500,47.490,47.600,48.500,45.770,12651900,599763193,15:08:45,64.458,4.333,708951.488427,602088.968754,9.75229
sz002871,002871,伟隆股份,17.340,-0.02,-0.115,17.340,17.350,17.360,18.340,18.340,17.300,5734200,102190379,15:08:45,29.39,3.728,436714.56723,258828.324282,3.84158
sz002872,002872,ST天圣,5.340,-0.02,-0.373,5.340,5.350,5.360,5.370,5.390,5.320,2287550,12265273,15:09:00,-30.637,0.875,169812.0,114766.283556,1.06438
sz002873,002873,新天药业,8.340,0.03,0.361,8.340,8.350,8.310,8.300,8.480,8.170,10212762,85386848,15:08:15,215.504,1.616,203582.574204,199901.917032,4.26081
sz002875,002875,安奈儿,13.970,-0.53,-3.655,13.970,13.980,14.500,14.480,14.500,13.970,4201400,59785210,15:08:30,-29.104,4.804,296737.63614,296737.63614,1.97796
sz002876,002876,三利谱,27.310,-0.73,-2.603,27.300,27.310,28.040,28.040,28.400,27.260,3037397,84426648,15:08:45,101.148,1.963,474879.749292,406759.558758,2.03932
sz002877,002877,智能自控,7.310,-0.11,-1.482,7.300,7.310,7.420,7.420,7.460,7.310,3800800,28027840,15:09:00,110.758,2.144,260121.741045,175816.210612,1.58028
sz002878,002878,元隆雅图,12.660,-0.24,-1.86,12.650,12.660,12.900,12.960,13.140,12.660,6771400,87172246,15:08:15,-115.091,2.654,331681.526382,298647.271854,2.87047
sz002879,002879,长缆科技,17.450,-0.6,-3.324,17.450,17.460,18.050,18.160,18.220,17.450,18281552,326478994,15:08:45,22.372,1.893,336972.8318,239307.591645,13.33067
sz002880,002880,卫光生物,21.030,0.17,0.815,21.020,21.030,20.860,20.720,21.300,20.610,1936060,40731933,15:08:45,19.363,1.952,476960.4,476960.4,0.85364
sz002881,002881,美格智能,38.050,-0.65,-1.68,38.040,38.050,38.700,39.950,40.230,38.000,9407108,366634131,15:09:00,69.945,4.216,1149380.916,696394.7528,5.13991
sz002882,002882,金龙羽,21.720,-0.54,-2.426,21.720,21.730,22.260,22.380,22.390,21.650,10665564,233067735,15:08:45,87.864,4.429,940258.8,536011.6986,4.32185
sz002883,002883,*ST中设,9.030,0.14,1.575,9.020,9.030,8.890,8.890,9.080,8.830,2139067,19106118,15:08:00,-50.167,3.011,141009.920898,138444.392247,1.3952
sz002884,002884,凌霄泵业,16.040,-0.16,-0.988,16.030,16.040,16.200,16.170,16.170,16.020,1853608,29819156,15:08:45,12.63,2.282,573722.744436,438008.270752,0.6788
sz002885,002885,京泉华,31.740,-0.14,-0.439,31.740,31.750,31.880,32.450,33.370,31.500,35508036,1157565087,15:08:45,102.387,5.574,859890.456432,753049.98855,14.96614
sz002886,002886,沃特股份,20.320,-0.07,-0.343,20.320,20.330,20.390,20.390,21.700,20.130,23160021,482266496,15:07:45,82.602,2.887,534829.64408,424846.829248,11.07721
sz002887,002887,绿茵生态,10.610,-0.15,-1.394,10.610,10.620,10.760,10.760,10.760,10.460,6696876,70874339,15:08:30,26.525,1.363,324653.070654,230482.424154,3.08283
sz002888,002888,惠威科技,17.900,-0.58,-3.139,17.900,17.910,18.480,18.490,18.620,17.890,2592781,47065503,15:08:45,127.857,6.943,264281.70748,134112.2058,3.46059
sz002889,002889,东方嘉盛,12.270,-0.28,-2.231,12.260,12.270,12.550,12.450,12.470,12.250,4645190,57386591,15:09:00,45.444,1.847,463397.988144,308326.147758,1.84858
sz002890,002890,弘宇股份,14.010,0.01,0.071,13.920,14.010,14.000,14.050,14.060,13.770,1549410,21617182,15:08:15,230.049,3.93,237995.09916,226228.87071,0.95953
sz002891,002891,中宠股份,31.650,-0.83,-2.555,31.650,31.660,32.480,32.020,32.190,31.440,13519990,428999851,15:09:15,25.761,3.02,1018806.36609,1018806.36609,4.20009
sz002892,002892,科力尔,9.500,-0.2,-2.062,9.500,9.510,9.700,9.700,9.750,9.500,5278520,50763892,15:08:45,211.111,5.548,705878.0896,476067.73825,1.05334
sz002893,002893,京能热力,9.800,-0.05,-0.508,9.790,9.800,9.850,9.820,9.930,9.750,6423400,63054172,15:09:00,40.833,1.836,258367.2,198723.04564,3.16769
sz002895,002895,川恒股份,33.550,-0.88,-2.556,33.520,33.550,34.430,34.400,34.590,33.410,7428043,251045507,15:08:45,15.321,2.566,2032815.914965,2011519.381465,1.23892
sz002896,002896,中大力德,78.090,-2.08,-2.594,78.080,78.090,80.170,78.980,80.990,78.080,14070344,1116472848,15:09:15,244.031,12.738,1534645.53003,1534645.53003,7.15965
sz002897,002897,意华股份,58.300,0.21,0.362,58.300,58.410,58.090,59.040,60.770,58.300,10827359,647550240,15:08:45,35.549,3.976,1130324.45768,1075186.45729,5.87094
sz002899,002899,英派斯,19.860,-0.18,-0.898,19.830,19.860,20.040,20.010,20.250,19.780,3182100,63584989,15:09:00,46.186,1.659,293524.794336,293524.794336,2.15302
sz002900,002900,哈三联,14.220,-0.39,-2.669,14.220,14.260,14.610,14.470,14.980,13.920,40243867,580423162,15:09:15,-13.29,2.548,449856.1701,229116.0528,24.9772
sz002901,002901,大博医疗,45.250,-0.18,-0.396,45.250,45.260,45.430,45.400,45.990,44.850,2210500,100198248,15:08:45,30.782,5.03,1873438.26465,1305065.309075,0.76644
sz002902,002902,铭普光磁,24.820,-0.36,-1.43,24.820,24.830,25.180,25.580,25.750,24.820,16145766,409083606,15:09:15,-23.638,9.612,583292.491884,440882.738172,9.08944
sz002903,002903,宇环数控,28.190,-0.77,-2.659,28.190,28.200,28.960,29.490,29.490,28.180,10553607,305673358,15:09:00,-216.846,5.635,438809.7685,303228.410231,9.81129
sz002905,002905,金逸影视,7.940,-0.23,-2.815,7.930,7.940,8.170,8.060,8.190,7.930,8267300,66503184,15:09:15,99.25,45.817,298798.08,277455.36,2.36587
sz002906,002906,华阳集团,26.250,-0.2,-0.756,26.250,26.290,26.450,26.450,27.170,26.250,6229300,166375953,15:08:30,17.617,1.925,1377912.482625,1377108.030375,1.18741
sz002907,002907,华森制药,13.870,0.16,1.167,13.870,13.880,13.710,13.680,14.030,13.390,5924511,81894660,15:08:30,88.967,3.359,579206.087518,465777.747643,1.76421
sz002908,002908,德生科技,7.100,-0.11,-1.526,7.100,7.110,7.210,7.230,7.280,7.100,7723004,55502809,15:09:00,339.713,2.791,306316.78248,228502.58872,2.39968
sz002909,002909,集泰股份,5.150,-0.06,-1.152,5.140,5.150,5.210,5.280,5.280,5.120,6261700,32424199,15:09:15,-71.528,2.362,200850.0,195904.35818,1.6461
sz002910,002910,庄园牧场,9.510,-0.19,-1.959,9.500,9.510,9.700,9.750,9.780,9.500,8293100,79985146,15:08:30,-25.026,1.877,185957.918997,162679.91445,4.84801
sz002911,002911,佛燃能源,10.780,-0.23,-2.089,10.770,10.780,11.010,11.000,11.000,10.750,5051242,54745605,15:08:45,14.972,3.311,1399433.54474,1365866.965078,0.39867
sz002912,002912,中新赛克,19.690,-0.56,-2.765,19.690,19.700,20.250,20.260,20.460,19.680,4361332,87394874,15:08:15,48.024,2.057,336210.688,319414.598184,2.6885
sz002913,002913,奥士康,55.650,-1.35,-2.368,55.640,55.650,57.000,57.550,58.330,55.580,6869072,392686165,15:09:15,57.371,3.987,1766111.20476,1699767.61206,2.24892
sz002915,002915,中欣氟材,18.440,0.37,2.048,18.440,18.450,18.070,18.080,19.460,17.850,19754725,364413419,15:09:15,319.031,4.158,618244.02052,531208.6865,6.85751
sz002916,002916,深南电路,377.980,-7.82,-2.027,377.930,377.980,385.800,394.980,402.880,377.150,8868391,3457606924,15:09:15,76.982,14.232,25746734.95781,25128467.5911,1.33397
sz002917,002917,金奥博,10.420,-0.21,-1.976,10.420,10.430,10.630,10.600,10.660,10.410,3690050,38884426,15:08:15,20.423,2.072,362213.993274,271487.609702,1.41628
sz002918,002918,蒙娜丽莎,10.010,-0.12,-1.185,10.000,10.010,10.130,10.220,10.300,9.960,11191655,113217745,15:09:15,77.0,1.267,409228.732913,214419.168964,5.22474
sz002919,002919,名臣健康,18.100,-0.44,-2.373,18.100,18.110,18.540,18.560,18.850,18.040,3770429,69485951,15:08:30,170.433,5.9,481706.27946,478216.8239,1.42707
sz002920,002920,德赛西威,96.050,2.01,2.137,96.040,96.050,94.040,94.050,96.980,94.010,10746614,1030847906,15:09:15,22.08,3.781,5732353.26887,5730552.33137,1.80124
sz002921,002921,联诚精密,24.630,2.24,10.004,24.630,0.000,22.390,22.590,24.630,22.270,9389910,223844508,15:09:15,-223.909,2.798,366913.422801,316355.42919,7.31056
sz002922,002922,伊戈尔,26.800,0.66,2.525,26.800,26.810,26.140,26.310,28.100,26.260,30537335,829151714,15:08:45,53.6,2.988,1132522.23632,1010360.15276,8.10009
sz002923,002923,润都股份,11.660,0.06,0.517,11.660,11.670,11.600,11.590,11.880,11.400,10944760,128155809,15:08:30,-61.368,3.705,390485.571476,300926.915278,4.24076
sz002925,002925,盈趣科技,23.100,-0.29,-1.24,23.100,23.110,23.390,23.390,23.800,23.090,12246848,288105149,15:09:15,30.0,3.45,1782555.51243,1688721.15258,1.67525
sz002926,002926,华西证券,8.490,0.09,1.071,8.480,8.490,8.400,8.400,8.520,8.380,19654081,166633740,15:09:00,15.161,0.883,2228625.0,2228625.0,0.74873
sz002927,002927,泰永长征,16.540,0.16,0.977,16.530,16.540,16.380,16.600,17.880,16.510,11701093,197691482,15:09:15,-827.0,3.666,369159.86572,365055.436602,5.30155
sz002928,002928,华夏航空,6.460,-0.09,-1.374,6.460,6.470,6.550,6.550,6.590,6.450,15627394,101709514,15:08:30,13.146,2.075,825744.0413,825739.85845,1.22258
sz002929,002929,润建股份,55.300,0.46,0.839,55.300,55.310,54.840,56.360,60.100,55.280,26129378,1507677349,15:09:15,395.0,2.498,1583669.42202,1197630.76727,12.06511
sz002930,002930,宏川智慧,9.120,0.11,1.221,9.120,9.130,9.010,9.100,9.540,9.030,15599042,144636574,15:09:00,-9.702,2.134,417700.756992,395277.235152,3.59908
sz002931,002931,锋龙股份,51.400,-0.58,-1.116,51.400,51.410,51.980,52.340,53.660,51.400,8079411,426116849,15:09:00,514.0,11.768,1123120.09984,1041239.91012,3.98834
sz002932,002932,*ST明德,15.220,-0.1,-0.653,15.210,15.220,15.320,15.300,15.410,15.180,1480902,22599871,15:08:30,-217.429,0.64,353896.896554,237561.615042,0.94878
sz002933,002933,新兴装备,26.670,-0.5,-1.84,26.660,26.670,27.170,27.140,27.300,26.660,940900,25355388,15:08:45,78.441,2.034,312972.45,311355.402561,0.80595
sz002935,002935,天奥电子,16.550,-0.12,-0.72,16.540,16.550,16.670,16.750,17.050,16.550,5159972,86622735,15:09:00,107.747,4.322,698140.53621,686975.411365,1.24309
sz002936,002936,郑州银行,1.770,-0.01,-0.562,1.770,1.780,1.780,1.780,1.780,1.760,68187370,120730679,15:09:15,11.063,0.348,1609300.170366,1244185.372707,0.97005
sz002937,002937,兴瑞科技,29.680,0.13,0.44,29.670,29.680,29.550,29.560,31.000,29.060,10206284,303813625,15:08:30,60.571,6.297,937916.875672,935468.216312,3.23819
sz002938,002938,鹏鼎控股,95.720,-5.28,-5.228,95.720,95.730,101.000,102.500,104.110,95.390,39314391,3912049798,15:09:15,59.453,6.452,22183460.890376,22119229.00858,1.70131
sz002939,002939,长城证券,8.290,0.01,0.121,8.290,8.300,8.280,8.290,8.380,8.280,34114735,284043880,15:09:00,14.293,1.025,3344539.946524,2986604.834099,0.94693
sz002940,002940,昂利康,27.020,0.16,0.596,27.020,27.030,26.860,26.570,27.770,26.310,14148400,384489594,15:08:45,43.581,3.311,545069.558572,500612.531216,7.63644
sz002941,002941,新疆交建,10.760,-0.13,-1.194,10.760,10.770,10.890,10.920,10.960,10.750,8589276,93100915,15:09:00,15.371,1.675,785212.261072,785212.261072,1.17701
sz002942,002942,新农股份,15.340,-0.2,-1.287,15.340,15.350,15.540,15.610,15.780,15.330,1231300,19023150,15:08:45,24.742,1.87,238507.42448,212854.899322,0.88737
sz002943,002943,宇晶股份,34.650,-1.56,-4.308,34.640,34.650,36.210,36.820,37.000,34.650,14602137,521124868,15:08:30,536.378,10.683,924586.69842,654372.9423,7.73204
sz002945,002945,华林证券,14.640,-0.04,-0.272,14.640,14.650,14.680,14.750,14.880,14.640,13807375,203527740,15:08:45,77.053,5.376,3952800.0,3952800.0,0.51138
sz002946,002946,新乳业,16.490,-0.36,-2.136,16.480,16.490,16.850,16.800,16.900,16.410,6955444,115489061,15:08:30,19.4,3.712,1419266.247212,1402828.663975,0.8176
sz002947,002947,恒铭达,57.980,-0.34,-0.583,57.960,57.980,58.320,59.270,60.200,57.900,6158360,364151796,15:08:45,27.875,4.586,1482948.290928,1149765.130904,3.10552
sz002948,002948,青岛银行,5.740,0.03,0.525,5.730,5.740,5.710,5.710,5.740,5.660,23251343,132561081,15:09:00,6.753,0.785,3340883.611576,2021739.789944,0.66014
sz002949,002949,华阳国际,10.450,-0.23,-2.154,10.440,10.450,10.680,10.680,10.730,10.420,3551444,37458794,15:09:15,22.614,1.396,204911.84087,158762.28962,2.33762
sz002950,002950,奥美医疗,9.510,0,0,9.510,9.520,9.510,9.510,9.640,9.350,8427059,80279455,15:08:30,23.645,1.629,602235.402057,408573.617505,1.96149
sz002951,002951,金时科技,16.490,0.13,0.795,16.490,16.500,16.360,16.830,17.980,15.880,20801200,349826289,15:08:30,-27.949,4.378,664652.3711,661450.003206,5.18576
sz002952,002952,亚世光电,19.920,-0.3,-1.484,19.910,19.920,20.220,20.380,20.450,19.910,2273600,45967427,15:09:00,284.571,3.717,327365.28,262236.903744,1.72707
sz002953,002953,日丰股份,9.630,-0.22,-2.234,9.630,9.640,9.850,9.850,9.870,9.630,6727400,65478336,15:08:45,28.324,2.121,473391.201024,270881.083584,2.39163
sz002955,002955,鸿合科技,34.890,-0.65,-1.829,34.880,34.890,35.540,35.570,36.260,34.590,4686370,166719547,15:08:30,158.591,2.569,825636.652968,682611.866628,2.39532
sz002956,002956,西麦食品,18.080,0.03,0.166,18.070,18.080,18.050,18.100,18.330,17.910,3006024,54616321,15:08:45,23.179,3.29,565082.515312,565019.464928,0.96189
sz002957,002957,科瑞技术,39.680,-1.07,-2.626,39.680,39.690,40.750,42.160,42.300,39.650,24536733,1006494519,15:09:00,60.664,5.035,1666490.425088,1661316.930816,5.86052
sz002958,002958,青农商行,2.960,-0.02,-0.671,2.950,2.960,2.980,2.980,2.980,2.930,63838962,188455223,15:09:15,5.692,0.429,1644465.737336,1610109.947072,1.17361
sz002959,002959,小熊电器,34.160,-0.25,-0.727,34.160,34.180,34.410,34.590,34.590,34.010,712200,24408216,15:08:30,13.673,1.733,532327.386304,477537.63624,0.50946
sz002960,002960,青鸟智控,8.320,-0.06,-0.716,8.310,8.320,8.380,8.360,8.700,8.300,12744359,108142882,15:09:00,22.738,1.395,876707.208832,805559.814592,1.31627
sz002961,002961,瑞达期货,19.310,-0.32,-1.63,19.310,19.320,19.630,19.630,19.870,19.280,4221798,82622508,15:09:00,15.699,2.241,920958.459123,920954.114373,0.8852
sz002962,002962,五方光电,12.860,-0.36,-2.723,12.860,12.870,13.220,13.320,13.370,12.860,8482700,111091185,15:09:15,98.923,2.136,375081.642672,269051.42878,4.05452
sz002963,002963,豪尔赛,18.100,-1,-5.236,18.090,18.100,19.100,19.090,19.100,17.940,13812850,253476972,15:07:45,-21.294,2.295,272151.4733,222619.22688,11.2305
sz002965,002965,祥鑫科技,31.680,-0.45,-1.401,31.680,31.690,32.130,32.300,32.970,31.680,12773620,414534633,15:08:45,54.237,1.982,840724.977312,603236.96928,6.70828
sz002966,002966,苏州银行,8.440,-0.01,-0.118,8.440,8.450,8.450,8.440,8.470,8.360,28917112,243859507,15:09:15,7.404,0.728,3773238.737284,3709785.662692,0.65788
sz002967,002967,广电计量,17.570,-0.09,-0.51,17.570,17.580,17.660,17.660,17.900,17.510,4108580,72704370,15:09:15,23.118,2.284,1123814.364064,1060999.036545,0.68038
sz002968,002968,新大正,9.050,-0.2,-2.162,9.050,9.080,9.250,9.260,9.260,9.020,2546600,23232878,15:08:30,21.548,1.644,204781.393615,192775.36949,1.19552
sz002969,002969,嘉美包装,14.280,-0.55,-3.709,14.270,14.280,14.830,14.800,14.990,14.280,56473569,826776622,15:08:45,156.923,4.817,1568651.87388,1559788.637736,5.1702
sz002970,002970,锐明技术,52.190,-2.74,-4.988,52.180,52.190,54.930,55.250,57.280,52.120,4774200,256969434,15:09:00,24.274,4.492,959935.889,659610.924302,3.77746
sz002971,002971,和远气体,44.660,-0.57,-1.26,44.660,44.670,45.230,45.800,46.890,44.500,28872963,1316659399,15:09:15,154.0,5.204,940651.25,719046.302436,17.93301
sz002972,002972,科安达,13.540,-0.26,-1.884,13.540,13.550,13.800,13.870,14.250,13.500,4768389,66208789,15:08:30,38.098,2.635,333095.9152,182311.11051,3.54142
sz002973,002973,侨银股份,12.000,-0.39,-3.148,11.990,12.000,12.390,12.410,12.410,11.930,8354500,101781795,15:08:45,26.667,1.895,490398.84,381183.6936,2.63007
sz002975,002975,博杰股份,96.420,-2.46,-2.488,96.420,96.500,98.880,100.550,101.990,96.020,12258575,1223159107,15:09:00,100.438,8.527,2006796.556512,1324367.644038,8.9248
sz002976,002976,瑞玛精密,22.890,-0.41,-1.76,22.890,22.900,23.300,23.210,23.700,22.810,3645270,84228917,15:09:15,381.5,3.095,445464.334077,278638.706472,2.99457
sz002977,002977,*ST天箭,21.120,-0.48,-2.222,21.120,21.130,21.600,21.550,21.690,21.120,1136272,24181228,15:08:45,-11.234,2.983,253693.44,140758.82304,1.70491
sz002978,002978,安宁股份,25.960,-0.74,-2.772,25.950,25.960,26.700,26.650,26.700,25.930,3764780,98939808,15:08:15,16.986,1.396,1225285.930968,958649.732568,1.01949
sz002979,002979,雷赛智能,61.310,1.52,2.542,61.300,61.310,59.790,60.140,62.640,59.590,21403030,1319792304,15:09:15,85.153,10.343,1937629.5911,1365892.431648,9.60705
sz002980,002980,华盛昌,90.210,2.86,3.274,90.200,90.210,87.350,88.880,94.290,87.880,10192258,927951223,15:09:15,191.936,15.054,1699657.651704,913708.394199,10.06277
sz002981,002981,朝阳科技,22.980,-0.25,-1.076,22.980,22.990,23.230,23.240,23.340,22.750,2414105,55442745,15:08:30,42.556,3.004,313811.92707,279401.987598,1.98553
sz002982,002982,湘佳股份,12.340,-0.06,-0.484,12.330,12.350,12.400,12.430,12.500,12.250,3157636,39080080,15:08:45,72.588,1.544,250741.50089,160532.600032,2.42725
sz002983,002983,芯瑞达,19.580,-0.41,-2.051,19.580,19.600,19.990,20.090,20.250,19.580,1895093,37796603,15:09:15,34.964,3.137,435601.21374,253238.384256,1.46526
sz002984,002984,森麒麟,14.090,-0.15,-1.053,14.080,14.090,14.240,14.220,14.250,14.040,8334498,117830235,15:08:30,12.927,1.079,1460128.201239,1005913.546301,1.16743
sz002985,002985,北摩高科,25.920,-0.35,-1.332,25.920,25.930,26.270,26.360,26.390,25.900,3191363,83362401,15:08:00,43.2,3.119,860164.5312,857795.031072,0.96433
sz002986,002986,宇新股份,13.090,-0.02,-0.153,13.080,13.090,13.110,12.980,13.250,12.880,4804996,62888413,15:08:45,-128.712,1.31,497578.902128,395105.211578,1.59192
sz002987,002987,京北方,11.210,-0.06,-0.532,11.210,11.220,11.270,11.290,11.400,11.180,13106299,147639614,15:09:00,29.5,3.882,1166352.393406,1136610.298293,1.29263
sz002988,002988,豪美新材,21.180,-0.23,-1.074,21.180,21.200,21.410,21.410,22.180,21.120,3689300,79673136,15:09:00,45.064,1.967,529085.922528,529085.922528,1.47687
sz002989,002989,中天精装,23.050,-0.36,-1.538,23.040,23.050,23.410,23.440,23.950,23.040,5174700,121564366,15:08:30,-27.771,3.335,464727.68749,456009.60124,2.61566
sz002990,002990,盛视科技,53.450,-0.04,-0.075,53.450,53.460,53.490,55.070,56.750,53.410,16235332,896006284,15:08:45,161.97,5.609,1399599.67761,737709.219235,11.76315
sz002991,002991,甘源食品,42.880,-0.49,-1.13,42.880,42.930,43.370,43.250,43.490,42.780,569414,24533064,15:09:00,18.643,2.246,399709.483328,214115.731328,1.14034
sz002992,002992,宝明科技,35.310,-0.77,-2.134,35.310,35.320,36.080,36.100,36.440,35.300,1307950,46943429,15:08:30,504.429,8.676,638647.150185,551666.145162,0.83717
sz002993,002993,奥海科技,39.390,0.44,1.13,39.380,39.390,38.950,39.620,41.230,39.150,10301229,415058224,15:09:15,25.578,2.242,1087321.56,939242.469087,4.32013
sz002995,002995,天地在线,18.130,-0.36,-1.947,18.120,18.130,18.490,18.400,18.980,18.120,10353100,192115045,15:08:45,-25.083,4.01,321724.97224,203812.398104,9.20953
sz002996,002996,顺博合金,6.230,-0.15,-2.351,6.230,6.240,6.380,6.380,6.380,6.220,8676740,54593749,15:09:00,18.879,1.26,417059.148828,285569.176893,1.89292
sz002997,002997,瑞鹄模具,26.880,-0.46,-1.683,26.880,26.900,27.340,27.340,27.470,26.860,2167930,58935459,15:09:15,14.374,2.183,562655.7216,562655.7216,1.03569
sz002998,002998,优彩资源,7.990,0.01,0.125,7.980,7.990,7.980,8.030,8.110,7.950,8514300,68301965,15:08:30,49.938,1.621,283500.111737,216125.612865,3.14767
sz002999,002999,天禾股份,5.810,-0.09,-1.525,5.810,5.820,5.900,5.900,5.910,5.800,4207400,24583542,15:08:45,34.176,1.64,201950.952,199598.991375,1.22471
sz003000,003000,劲仔食品,10.540,-0.14,-1.311,10.540,10.550,10.680,10.630,10.680,10.530,2742274,29068152,15:09:00,19.3,3.227,475242.443586,324695.55093,0.89017
sz003001,003001,中岩大地,17.740,-0.69,-3.744,17.740,17.750,18.430,18.440,18.610,17.700,14297566,258071208,15:08:45,225.987,2.59,309652.398956,202886.316468,12.50152
sz003002,003002,壶化股份,16.530,-0.48,-2.822,16.530,16.540,17.010,17.120,17.150,16.520,2467700,41330038,15:08:30,19.221,2.13,330600.0,302246.545575,1.3496
sz003003,003003,天元股份,10.820,-0.15,-1.367,10.820,10.850,10.970,11.060,11.140,10.820,2756803,30238709,15:08:45,32.788,1.452,191211.04,127455.62365,2.34031
sz003004,003004,声迅股份,72.500,1.18,1.655,72.490,72.500,71.320,71.330,74.080,70.200,2123300,153339643,15:09:00,-510.563,9.403,593512.869,498385.43775,3.08876
sz003005,003005,竞业达,13.830,-0.3,-2.123,13.830,13.840,14.130,14.130,14.330,13.830,4518435,63654871,15:08:15,372.776,1.777,320010.559653,175610.858898,3.55843
sz003006,003006,百亚股份,13.570,-0.35,-2.514,13.560,13.570,13.920,13.920,13.940,13.510,9831700,134043120,15:09:00,28.271,3.7,583032.05103,581573.513505,2.29406
sz003007,003007,直真科技,38.600,-0.44,-1.127,38.600,38.610,39.040,39.380,39.780,38.560,2314300,90945339,15:08:30,227.059,5.29,461557.34612,280188.35602,3.18828
sz003008,003008,开普检测,19.000,-0.28,-1.452,19.000,19.030,19.280,19.270,19.380,18.900,1136300,21763661,15:09:00,22.353,1.849,197600.0,147674.0876,1.46198
sz003009,003009,中天火箭,49.810,-0.26,-0.519,49.810,49.820,50.070,50.300,50.650,49.800,2487400,125106464,15:08:30,-75.988,4.072,820457.459058,820307.456243,1.51038
sz003010,003010,若羽臣,28.630,-0.64,-2.187,28.630,28.640,29.270,29.300,29.580,28.610,11857390,343340562,15:08:15,45.444,11.252,890563.279788,647445.067066,5.24333
sz003011,003011,海象新材,19.610,-0.4,-1.999,19.610,19.620,20.010,20.080,20.200,19.570,2038920,40515371,15:08:45,20.01,1.45,201347.636,150693.250905,2.65329
sz003012,003012,东鹏控股,4.710,-0.07,-1.464,4.700,4.710,4.780,4.770,4.780,4.690,7761800,36747377,15:09:00,15.194,0.72,544938.125418,534390.619713,0.68411
sz003013,003013,地铁设计,17.780,-0.61,-3.317,17.780,17.790,18.390,18.150,18.500,17.740,6889628,125179478,15:07:45,15.461,2.432,819227.370178,715603.032088,1.71181
sz003015,003015,日久光电,12.020,-0.01,-0.083,11.980,12.020,12.030,12.080,12.170,11.860,5744300,68852682,15:07:45,31.632,2.917,337842.133734,296945.466034,2.32522
sz003016,003016,欣贺股份,6.880,-0.1,-1.433,6.870,6.880,6.980,7.000,7.000,6.870,3256400,22529330,15:08:45,160.373,1.074,289318.869056,282687.395296,0.79254
sz003017,003017,大洋生物,21.710,-0.2,-0.913,21.700,21.710,21.910,21.900,22.250,21.700,1706640,37471758,15:09:00,17.712,1.875,218836.8,181237.433364,2.04434
sz003018,003018,金富科技,39.620,0.05,0.126,39.620,39.630,39.570,40.390,42.390,39.310,13532418,554687604,15:09:00,101.59,7.672,1243869.828684,1127234.776948,4.75637
sz003019,003019,宸展光电,23.330,-0.7,-2.913,23.330,23.340,24.030,24.210,24.490,23.300,3310410,78954490,15:07:45,20.646,2.396,412829.853547,403441.336622,1.91433
sz003020,003020,立方制药,18.610,0.09,0.486,18.600,18.610,18.520,18.410,18.980,18.000,12902218,240459566,15:08:45,21.391,2.303,424714.848098,313668.302555,7.65491
sz003021,003021,兆威机电,81.330,-0.19,-0.233,81.330,81.350,81.520,81.750,83.870,81.230,4111546,339830511,15:09:00,76.726,4.238,2176168.36245,1686737.0286,1.98248
sz003022,003022,联泓新科,20.250,-0.39,-1.89,20.240,20.250,20.640,20.570,20.800,20.250,8534507,174942043,15:08:00,88.043,3.564,2704525.2,2702224.445625,0.63956
sz003023,003023,彩虹集团,27.990,0.02,0.072,27.990,28.000,27.970,28.530,28.650,26.260,11096120,307068212,15:08:45,46.31,1.858,294851.1384,294231.758886,10.55564
sz003025,003025,思进智能,12.570,-0.69,-5.204,12.570,12.580,13.260,13.200,13.270,12.560,8932970,114325636,15:08:45,23.278,2.745,356929.622406,284604.821496,3.94538
sz003026,003026,中晶科技,28.950,-0.78,-2.624,28.950,28.970,29.730,30.030,30.640,28.950,6602343,196699507,15:09:00,87.727,7.979,543587.05725,418503.744705,4.56717
sz003027,003027,同兴科技,16.420,-0.26,-1.559,16.420,16.430,16.680,16.700,16.780,16.420,1371900,22760260,15:08:15,28.807,1.236,214647.4944,172181.709456,1.3083
sz003028,003028,振邦智能,22.760,-0.2,-0.871,22.750,22.760,22.960,23.110,23.180,22.630,620740,14216263,15:08:30,44.627,1.874,328017.4614,160898.73602,0.87807
sz003029,003029,吉大正元,17.050,-0.31,-1.786,17.050,17.060,17.360,17.390,17.600,17.050,5282455,91377742,15:08:45,-28.898,3.223,330122.487035,300248.817165,2.99971
sz003030,003030,祖名股份,22.550,-0.45,-1.957,22.530,22.550,23.000,23.100,23.210,22.530,2414400,55231114,15:09:00,112.75,2.8,281378.9,182562.375875,2.98225
sz003031,003031,中瓷电子,118.250,-1.14,-0.955,118.250,118.260,119.390,121.950,124.800,118.000,10376383,1267942669,15:08:45,94.6,8.071,5333700.057675,4022352.9302,3.05047
sz003032,003032,传智教育,11.620,-1.29,-9.992,0.000,11.620,12.910,11.780,12.500,11.620,93551561,1118386497,15:09:00,-52.818,3.996,467643.995,330567.628496,32.88492
sz003033,003033,征和工业,63.600,-3.08,-4.619,63.600,63.720,66.680,66.740,66.880,62.800,1629401,106227812,15:08:45,29.72,3.637,519930.0,513529.56312,2.01799
sz003035,003035,南网能源,5.620,0.03,0.537,5.610,5.620,5.590,5.600,5.700,5.590,35515994,200407608,15:09:00,61.421,3.025,2128787.878294,2128787.878294,0.93762
sz003036,003036,泰坦股份,55.050,-0.19,-0.344,55.050,55.060,55.240,56.220,57.730,54.980,10144453,570712944,15:08:45,250.227,8.397,1192418.479725,1192387.926975,4.68348
sz003037,003037,三和管桩,5.710,-0.11,-1.89,5.710,5.720,5.820,5.820,5.820,5.710,2811800,16189911,15:08:15,71.375,1.225,342071.641138,342071.641138,0.46936
sz003038,003038,鑫铂股份,10.820,-0.25,-2.258,10.820,10.830,11.070,11.140,11.140,10.810,3404840,37244120,15:08:45,-13.696,0.935,263256.417914,175317.918536,2.10135
sz003039,003039,顺控发展,11.890,-0.09,-0.751,11.880,11.890,11.980,11.970,12.030,11.840,3424700,40926747,15:09:00,24.167,2.47,734229.76997,734229.76997,0.55459
sz003040,003040,楚天龙,11.990,-0.29,-2.362,11.980,11.990,12.280,12.280,12.420,11.990,23235073,282516884,15:08:45,599.5,3.841,552902.030428,547763.459342,5.08593
sz003041,003041,真爱美家,43.630,-0.09,-0.206,43.430,43.630,43.720,43.380,45.100,43.120,2126600,93762644,15:08:30,26.864,4.269,628272.0,596960.4942,1.55427
sz003042,003042,中农联合,13.190,-0.29,-2.151,13.180,13.190,13.480,13.500,13.540,13.180,2281300,30377530,15:08:45,-13.74,1.536,187931.12,162634.012405,1.85019
sz003043,003043,华亚智能,69.990,-2.24,-3.101,69.980,69.990,72.230,72.380,73.180,69.760,5565533,399096006,15:09:00,111.095,5.707,1007926.703898,658026.340806,5.9197
sz003816,003816,中国广核,3.910,-0.02,-0.509,3.910,3.920,3.930,3.930,3.930,3.900,67771900,265452496,15:08:45,20.259,1.569,19745037.785997,15380060.410997,0.17229
sz300001,300001,特锐德,36.170,-0.54,-1.471,36.170,36.180,36.710,36.600,37.000,35.940,21620342,788512790,15:08:15,30.142,4.415,3817120.337921,3729755.446516,2.09667
sz300002,300002,神州泰岳,8.320,-0.15,-1.771,8.320,8.330,8.470,8.480,8.620,8.310,50361503,426963441,15:08:30,20.357,2.094,1636688.656512,1540072.812096,2.7207
sz300003,300003,乐普医疗,13.160,0.16,1.231,13.150,13.160,13.000,12.920,13.380,12.770,52857589,696284094,15:08:15,25.216,1.476,2425946.926256,2077848.263064,3.34772
sz300004,300004,南风股份,8.340,-0.12,-1.418,8.330,8.340,8.460,8.500,8.560,8.320,13706400,115777392,15:09:00,139.0,2.259,400314.660732,400314.660732,2.85554
sz300005,300005,探路者,11.990,-0.58,-4.614,11.980,11.990,12.570,12.850,12.900,11.920,76724830,957350143,15:09:00,128.235,4.895,1059558.921014,1050982.653864,8.75305
sz300006,300006,莱美药业,5.370,0,0,5.370,5.380,5.370,5.330,5.520,5.260,35757757,193713152,15:08:30,-42.085,3.257,567024.317085,566975.822226,3.38673
sz300007,300007,汉威科技,34.560,-0.84,-2.373,34.550,34.560,35.400,35.400,35.710,34.460,9453556,332536985,15:08:45,70.531,3.83,1131652.059264,976011.942528,3.34745
sz300008,300008,天海防务,6.140,-0.07,-1.127,6.130,6.140,6.210,6.210,6.220,6.120,36268400,223762453,15:08:15,35.553,4.235,1061009.887662,1011436.103594,2.2017
sz300009,300009,安科生物,8.780,0.3,3.538,8.770,8.780,8.480,8.480,8.960,8.320,55690722,484188742,15:08:15,19.955,3.092,1466875.221624,1080157.069696,4.52679
sz300010,300010,ST豆神,2.260,-0.04,-1.739,2.260,2.270,2.300,2.300,2.350,2.260,31682500,72798566,15:08:30,66.471,2.695,467054.460934,370213.349516,1.93409
sz300011,300011,鼎汉技术,5.970,-0.08,-1.322,5.970,5.980,6.050,6.050,6.100,5.970,3984600,24030950,15:08:45,-221.111,2.392,361516.566039,304270.350663,0.78181
sz300012,300012,华测检测,14.110,0.01,0.071,14.100,14.110,14.100,14.090,14.380,14.060,27487005,390394437,15:09:00,23.226,3.009,2374470.609954,2019484.279368,1.9205
sz300013,300013,新宁物流,4.100,-0.09,-2.148,4.090,4.100,4.190,4.250,4.250,4.080,18287900,75929950,15:08:15,-84.886,12.741,228927.14654,228666.58662,3.27903
sz300014,300014,亿纬锂能,55.880,-0.65,-1.15,55.870,55.880,56.530,56.250,56.950,55.780,38285441,2157112580,15:09:00,27.663,2.781,12144383.27278,11804568.392848,1.81234
sz300015,300015,爱尔眼科,8.760,-0.11,-1.24,8.760,8.770,8.870,8.860,8.930,8.740,93042744,821228976,15:09:00,25.057,3.535,8146418.706984,6970482.972468,1.16929
sz300016,300016,北陆药业,8.750,0.13,1.508,8.750,8.760,8.620,8.550,8.940,8.410,39102438,341838430,15:09:00,48.611,2.209,508978.514625,491920.111375,6.95532
sz300017,300017,网宿科技,14.440,-0.2,-1.366,14.440,14.450,14.640,14.990,15.280,14.420,195322924,2912374072,15:09:00,43.758,3.414,3603768.817988,3417182.106732,8.25377
sz300018,300018,中元股份,12.300,0.22,1.821,12.300,12.310,12.080,12.180,12.840,12.080,18091102,223999584,15:08:15,42.414,4.166,601113.95928,447774.78297,4.96947
sz300019,300019,硅宝科技,14.710,-0.32,-2.129,14.710,14.720,15.030,15.080,15.090,14.710,5224806,77799661,15:08:45,20.762,2.099,578274.6657,542310.591225,1.41721
sz300020,300020,ST银江,3.580,0,0,3.580,3.590,3.580,3.580,3.660,3.550,8798500,31629013,15:09:00,-1.591,2.132,284494.714692,274446.606972,1.14771
sz300021,300021,大禹节水,3.840,-0.09,-2.29,3.830,3.840,3.930,3.920,3.930,3.840,13689700,53152951,15:07:45,71.375,1.497,392589.108096,335321.556096,1.5677
sz300022,300022,吉峰科技,8.060,-0.14,-1.707,8.060,8.070,8.200,8.160,8.230,8.060,5947900,48229347,15:08:30,-127.532,7.794,398357.74628,398345.97868,1.20348
sz300024,300024,机器人,15.460,-0.38,-2.399,15.450,15.460,15.840,15.900,15.970,15.450,36634528,576209404,15:09:00,-60.842,5.982,2420448.4427,2419783.287022,2.34058
sz300025,300025,华星创业,5.270,0.03,0.573,5.270,5.280,5.240,5.230,5.350,5.160,14593062,76464446,15:09:00,-18.324,6.289,268133.869894,267126.679088,2.87899
sz300026,300026,红日药业,3.760,0.26,7.429,3.750,3.760,3.500,3.470,3.940,3.410,259803244,956562055,15:09:00,376.0,1.317,1129562.218712,1128498.3598,8.65628
sz300027,300027,ST华谊,1.820,0.01,0.552,1.810,1.820,1.810,1.810,1.830,1.800,20679496,37603943,15:08:45,-15.167,-443.902,504960.077258,467067.879278,0.80581
sz300030,300030,阳普医疗,6.920,0.04,0.581,6.920,6.950,6.880,6.880,7.050,6.790,7108900,49360723,15:08:45,138.4,3.332,213957.62198,188381.490204,2.61138
sz300031,300031,宝通科技,21.910,-0.51,-2.275,21.900,21.910,22.420,22.620,23.060,21.880,16560611,371322205,15:09:00,44.218,2.244,917474.008745,771017.045372,4.70603
sz300032,300032,金龙机电,3.740,-0.07,-1.837,3.740,3.750,3.810,3.860,3.880,3.740,17896000,67763550,15:09:00,445.238,4.64,300385.433392,300385.433392,2.22817
sz300033,300033,同花顺,231.910,-2.09,-0.893,231.910,231.920,234.000,233.980,241.590,231.800,15079937,3571814452,15:08:45,38.911,24.972,17454474.24,10167187.506574,3.43968
sz300034,300034,钢研高纳,15.710,-0.3,-1.874,15.700,15.710,16.010,16.060,16.090,15.690,8080322,128177603,15:08:00,142.172,3.248,1252026.615473,1205046.118117,1.05342
sz300035,300035,中科电气,13.570,-0.27,-1.951,13.560,13.570,13.840,13.840,13.880,13.570,11640571,159427741,15:09:00,19.79,1.847,930123.992547,796066.026326,1.98429
sz300036,300036,超图软件,11.530,-0.16,-1.369,11.530,11.540,11.690,11.750,11.900,11.530,10724177,125879396,15:08:15,121.241,2.154,568159.909401,513145.708909,2.40964
sz300037,300037,新宙邦,65.630,-0.92,-1.382,65.630,65.650,66.550,67.180,69.000,65.580,17836206,1201611229,15:08:45,44.952,4.511,4947756.626964,3588513.372838,3.26205
sz300039,300039,上海凯宝,6.210,0.43,7.439,6.210,6.220,5.780,5.740,6.440,5.600,131314397,798519008,15:08:45,23.32,1.389,649566.0,569411.186346,14.32115
sz300040,300040,九洲集团,6.750,0.17,2.584,6.750,6.760,6.580,6.560,6.770,6.470,83751122,555734426,15:08:45,96.429,1.662,434302.0443,351279.643725,16.09316
sz300041,300041,回天新材,10.910,-0.07,-0.638,10.900,10.910,10.980,11.030,11.190,10.910,18838805,208552771,15:08:15,27.419,2.015,610344.590902,593967.045493,3.46032
sz300042,300042,朗科科技,41.700,-1.57,-3.628,41.690,41.700,43.270,44.440,44.790,41.580,21138191,914309482,15:09:00,307.749,7.385,835668.0,835591.0635,10.54897
sz300043,300043,星辉娱乐,4.790,-0.11,-2.245,4.790,4.800,4.900,4.910,4.980,4.780,38460084,188039608,15:09:00,19.958,3.333,595971.034079,595655.420979,3.09279
sz300044,300044,*ST赛为,5.330,-0.01,-0.187,5.330,5.340,5.340,5.350,5.610,5.330,20501300,112122717,15:09:00,-3.222,-3.555,407142.298524,381316.912418,2.86565
sz300045,300045,华力创通,13.350,-0.37,-2.697,13.350,13.360,13.720,13.750,13.840,13.350,12840248,174457683,15:09:00,-133.5,5.832,884671.44006,698923.13121,2.45259
sz300046,300046,台基股份,24.160,-0.65,-2.62,24.160,24.170,24.810,24.910,25.100,24.120,4767150,117694020,15:08:30,116.378,4.972,571459.792336,571459.792336,2.01544
sz300047,300047,天源迪科,9.730,-0.41,-4.043,9.730,9.740,10.140,10.100,10.240,9.720,31067893,308316591,15:08:30,202.287,1.873,620525.565856,564900.271887,5.35122
sz300048,300048,合康新能,4.980,-0.17,-3.301,4.980,4.990,5.150,5.130,5.160,4.970,19224172,96818241,15:09:00,83.0,3.107,563908.983786,562855.340286,1.70091
sz300049,300049,福瑞医科,46.380,1.86,4.178,46.370,46.380,44.520,44.290,47.850,43.840,14333955,662982034,15:09:00,79.966,6.178,1224390.7218,1083391.426446,6.13637
sz300050,300050,世纪鼎利,6.180,-0.07,-1.12,6.170,6.180,6.250,6.290,6.320,6.130,15368320,95577796,15:07:45,206.0,8.158,336715.271724,336509.991282,2.82239
sz300051,300051,琏升科技,9.450,-0.37,-3.768,9.450,9.460,9.820,9.990,9.990,9.400,56185222,539815770,15:08:45,-27.0,36.799,351556.71705,347207.73255,15.29201
sz300052,300052,中青宝,11.050,-0.21,-1.865,11.050,11.060,11.260,11.310,11.680,11.050,24209500,275927248,15:08:30,-52.619,8.399,289353.87455,289342.686425,9.24561
sz300053,300053,航宇微,12.680,-0.33,-2.537,12.680,12.690,13.010,13.120,13.220,12.670,16243074,210636179,15:07:30,-25.899,6.248,883636.641564,839690.272204,2.45284
sz300054,300054,鼎龙股份,74.920,-2.66,-3.429,74.910,74.920,77.580,78.990,78.990,74.800,31564245,2439208463,15:09:00,97.299,13.093,7151067.24992,5576256.701536,4.24083
sz300055,300055,万邦达,5.970,-0.13,-2.131,5.960,5.970,6.100,6.140,6.140,5.960,12050437,72839336,15:08:45,-19.587,1.018,499539.514782,377811.058368,1.90416
sz300056,300056,中创环保,8.630,0.12,1.41,8.630,8.640,8.510,8.570,8.790,8.490,8737006,75535120,15:09:00,-30.821,46.423,332678.252309,332425.954259,2.26819
sz300057,300057,万顺新材,6.440,-0.15,-2.276,6.440,6.450,6.590,6.600,6.650,6.430,28639300,187856797,15:08:15,-31.141,1.261,646300.022172,535148.536272,3.44647
sz300058,300058,蓝色光标,15.250,-0.64,-4.028,15.250,15.260,15.890,16.000,16.980,15.250,728070575,11745414275,15:09:00,242.063,6.874,5475087.371175,5303843.68005,20.93402
sz300059,300059,东方财富,19.780,-0.05,-0.252,19.770,19.780,19.830,19.830,20.200,19.760,278178242,5560656509,15:09:00,25.856,3.273,31296311.35275,26412819.044928,2.08322
sz300061,300061,旗天科技,6.630,-0.16,-2.356,6.630,6.640,6.790,6.760,6.970,6.610,21728706,147440756,15:08:30,-51.0,9.423,436912.807851,412498.514415,3.49241
sz300062,300062,中能电气,6.880,-0.24,-3.371,6.880,6.890,7.120,7.120,7.130,6.880,47216380,329319039,15:09:00,-40.471,2.812,433396.91056,315350.476,10.3012
sz300063,300063,天龙集团,9.770,-0.41,-4.028,9.760,9.770,10.180,10.190,10.750,9.760,137739987,1407074705,15:09:00,65.22,4.193,741081.02555,612253.603311,21.97978
sz300065,300065,海兰信,16.580,-0.34,-2.009,16.570,16.580,16.920,17.050,17.200,16.560,31260980,527421497,15:08:45,296.601,6.81,1196311.92728,1088737.742054,4.76062
sz300066,300066,三川智慧,5.220,-0.07,-1.323,5.220,5.230,5.290,5.290,5.400,5.220,17865728,94870012,15:08:15,38.214,2.065,542897.362764,521007.84243,1.78997
sz300067,300067,安诺其,5.850,-0.26,-4.255,5.840,5.850,6.110,6.110,6.200,5.840,149879042,902731695,15:09:00,-106.752,2.714,675309.12579,548299.2528,15.99113
sz300068,300068,ST南都,4.280,-0.16,-3.604,4.280,4.290,4.440,4.410,4.440,4.280,44705902,194454900,15:09:15,-1.456,3.492,384501.203972,365375.745772,5.23684
sz300069,300069,金利华电,28.570,-0.89,-3.021,28.570,28.640,29.460,29.720,29.730,28.500,5524950,161156822,15:08:45,-571.4,12.252,334269.0,334269.0,4.72218
sz300070,300070,碧水源,3.500,-0.04,-1.13,3.490,3.500,3.540,3.540,3.540,3.480,32297374,113192713,15:08:45,208.333,0.464,1268473.27705,1202168.75485,0.94031
sz300071,300071,福石控股,4.530,-0.18,-3.822,4.530,4.540,4.710,4.690,4.850,4.530,127699880,598071320,15:09:15,-35.895,27.126,436639.604208,428271.088323,13.50734
sz300072,300072,海新能科,3.660,0.03,0.826,3.660,3.670,3.630,3.610,3.780,3.550,51733665,189110002,15:08:15,-15.049,1.645,859997.630532,853279.142748,2.21903
sz300073,300073,当升科技,41.620,-0.68,-1.608,41.610,41.620,42.300,42.280,42.430,41.600,9930187,417134840,15:08:15,34.374,1.514,2265350.246216,2105844.484644,1.96261
sz300074,300074,华平股份,3.820,-0.08,-2.051,3.820,3.830,3.900,3.880,3.960,3.820,18488800,71392495,15:09:00,-11.255,2.466,210217.5032,210083.192,3.36187
sz300075,300075,数字政通,11.630,0.39,3.47,11.630,11.640,11.240,11.300,12.480,11.260,39160705,463644543,15:09:15,-19.066,2.279,722374.373754,610200.898953,7.46375
sz300076,300076,*ST宁视,4.860,0.04,0.83,4.860,4.870,4.820,4.810,5.000,4.790,9580500,46833287,15:08:30,-25.579,2.455,206064.0,206064.0,2.25955
sz300077,300077,国民技术,19.560,-0.52,-2.59,19.550,19.560,20.080,20.390,20.390,19.550,48523685,969639036,15:09:15,-97.8,7.616,1326415.8252,1107737.3724,8.56813
sz300078,300078,思创智联,3.170,-0.04,-1.246,3.170,3.180,3.210,3.230,3.260,3.170,27838488,89572466,15:09:00,-52.833,7.026,354365.49691,352937.385916,2.50039
sz300079,300079,数码视讯,4.550,-0.06,-1.302,4.550,4.560,4.610,4.590,4.680,4.530,23771857,109601408,15:09:15,195.279,1.576,648842.76821,587942.88098,1.83967
sz300080,300080,易成新能,3.730,-0.09,-2.356,3.730,3.740,3.820,3.830,3.840,3.720,14953100,56232014,15:08:30,-10.439,1.626,698770.902628,697877.49825,0.79921
sz300081,300081,ST恒信,3.050,-0.04,-1.294,3.050,3.060,3.090,3.100,3.110,3.050,5359300,16479055,15:08:45,-4.976,2.34,184462.602185,184418.499185,0.88635
sz300082,300082,奥克股份,7.790,-0.12,-1.517,7.790,7.800,7.910,7.990,7.990,7.780,5571000,43796162,15:08:30,779.0,1.931,529796.4978,528390.315552,0.82133
sz300083,300083,创世纪,13.980,-0.46,-3.186,13.980,13.990,14.440,14.340,14.630,13.970,85009830,1216055431,15:09:15,155.333,4.383,2327477.899422,2085986.855172,5.69724
sz300084,300084,海默科技,11.100,-0.46,-3.979,11.100,11.110,11.560,11.520,11.700,11.100,13272200,150834531,15:08:30,-158.345,4.822,609123.48789,522748.16634,2.81821
sz300085,300085,银之杰,30.480,-0.5,-1.614,30.470,30.480,30.980,31.240,32.050,30.480,51238843,1607725684,15:08:45,-162.041,51.322,2153840.35068,1987335.19728,7.85856
sz300086,300086,康芝药业,6.970,0.11,1.603,6.960,6.970,6.860,6.880,7.160,6.740,31398800,219563448,15:09:15,-13.783,3.573,317221.714467,307150.141834,7.12517
sz300087,300087,ST荃银,5.250,-0.04,-0.756,5.250,5.260,5.290,5.270,5.330,5.250,7722103,40794611,15:09:15,-23.864,2.931,497349.169275,467217.5781,0.86771
sz300088,300088,长信科技,7.520,-0.16,-2.083,7.520,7.530,7.680,7.750,7.850,7.520,127409813,981537125,15:09:15,94.0,2.163,1878295.651408,1869098.742544,5.12612
sz300091,300091,*ST金灵,2.650,0.05,1.923,2.650,2.660,2.600,2.600,2.680,2.600,7726300,20485097,15:09:00,-5.52,5.801,753141.942755,429902.41867,0.47626
sz300092,300092,科新机电,11.870,-0.35,-2.864,11.870,11.880,12.220,12.120,12.200,11.840,8577187,102906562,15:08:30,50.792,1.959,325146.922677,249102.343372,4.08712
sz300093,300093,金刚光伏,25.400,2.38,10.339,25.390,25.400,23.020,23.410,25.700,23.010,20298269,504514997,15:09:15,30.238,7.05,1371600.0,586683.4977,8.78798
sz300094,300094,国联水产,2.900,-0.01,-0.344,2.900,2.910,2.910,2.890,2.950,2.850,34955500,101585459,15:09:00,-2.0,34.442,327168.50337,320600.04571,3.16191
sz300095,300095,华伍股份,8.190,-0.19,-2.267,8.180,8.190,8.380,8.370,8.410,8.180,6580400,54757114,15:08:45,-15.585,2.209,323034.208497,260171.916732,2.07146
sz300096,300096,ST易联众,9.600,0.14,1.48,9.590,9.600,9.460,9.520,9.860,9.320,5495080,53023247,15:09:00,83.697,12.382,412800.0,412800.0,1.27793
sz300097,300097,智云股份,8.880,-0.21,-2.31,8.880,8.890,9.090,9.130,9.280,8.860,6870500,62176897,15:09:15,-9.347,13.283,263013.762072,234281.409408,2.60413
sz300098,300098,高新兴,4.630,-0.09,-1.907,4.630,4.640,4.720,4.740,4.790,4.630,41756609,196477315,15:08:30,-231.5,3.039,804593.193325,713827.299301,2.7084
sz300099,300099,尤洛卡,6.080,-0.1,-1.618,6.080,6.090,6.180,6.190,6.230,6.070,10542483,64851907,15:08:45,24.467,1.868,448257.27504,356859.90912,1.79618
sz300100,300100,双林股份,23.050,-0.47,-1.998,23.050,23.060,23.520,23.540,23.630,23.050,6793322,158973610,15:08:45,25.899,4.022,1334587.9467,1285250.788565,1.21833
sz300101,300101,振芯科技,14.790,-0.35,-2.312,14.790,14.800,15.140,15.240,15.240,14.790,7758099,116454558,15:09:15,296.393,4.766,839932.5303,836426.186613,1.37182
sz300102,300102,乾照光电,19.080,0.03,0.157,19.070,19.080,19.050,19.200,20.230,19.080,51213569,1001184699,15:09:15,159.0,4.037,1755997.010604,1747582.480656,5.59147
sz300103,300103,达刚控股,7.920,-0.07,-0.876,7.910,7.920,7.990,7.990,8.100,7.900,3733300,29856542,15:08:45,-41.488,5.607,251539.992,251333.76312,1.17643
sz300105,300105,龙源技术,8.890,-0.21,-2.308,8.890,8.900,9.100,9.260,9.350,8.890,46036000,417604894,15:08:45,-127.0,2.456,458559.01938,458272.05018,8.9305
sz300106,300106,西部牧业,10.140,0.02,0.198,10.130,10.140,10.120,10.060,10.360,9.800,12994724,132047726,15:09:15,-42.285,5.687,214290.96234,214290.96234,6.14895
sz300107,300107,建新股份,6.580,-0.13,-1.937,6.570,6.580,6.710,6.660,6.680,6.550,14660200,96834144,15:08:30,-133.469,2.437,370310.732344,228817.571402,4.21577
sz300109,300109,新开源,13.580,-0.02,-0.147,13.580,13.590,13.600,13.720,13.860,13.460,5852740,80057125,15:08:45,34.821,2.117,783371.162308,702772.519246,1.13095
sz300110,300110,华仁药业,3.010,0.1,3.436,3.000,3.010,2.910,2.900,3.120,2.830,71375010,213570544,15:09:15,-7.686,4.168,355846.107582,355534.459707,6.0427
sz300111,300111,向日葵,3.170,0.02,0.635,3.160,3.170,3.150,3.140,3.250,3.060,54931010,174028190,15:08:45,-1056.667,6.028,408045.796338,408045.796338,4.26745
sz300112,300112,万讯自控,8.930,-0.29,-3.145,8.930,8.940,9.220,9.190,9.240,8.750,12406200,113021475,15:09:00,-37.208,2.771,257143.016658,212170.948171,5.22161
sz300113,300113,顺网科技,18.020,-0.24,-1.314,18.020,18.030,18.260,18.450,18.810,18.020,32656244,603312785,15:09:15,29.065,4.613,1214843.315364,917254.582402,6.41551
sz300115,300115,长盈精密,27.230,-0.57,-2.05,27.220,27.230,27.800,27.820,28.080,27.230,33538238,930877186,15:08:45,61.886,4.363,3706956.325023,3696201.436242,2.47077
sz300118,300118,东方日升,10.230,-0.39,-3.672,10.230,10.240,10.620,10.630,10.630,10.230,33980561,354189420,15:09:15,-4.125,1.406,1166234.181849,948143.07984,3.66634
sz300119,300119,瑞普生物,19.680,-0.16,-0.806,19.680,19.690,19.840,19.680,20.260,19.360,14285721,283928917,15:08:30,22.326,1.901,914637.261408,656527.05336,4.28228
sz300120,300120,经纬辉开,7.720,0.64,9.04,7.710,7.720,7.080,7.150,7.970,7.030,63853522,480713901,15:09:15,-9.157,1.768,443432.113188,407189.085544,12.10615
sz300121,300121,阳谷华泰,9.450,-0.24,-2.477,9.450,9.460,9.690,9.800,9.800,9.450,11015000,105742038,15:09:00,21.0,1.171,420750.133965,405789.50916,2.56517
sz300122,300122,智飞生物,13.220,0.06,0.456,13.210,13.220,13.160,13.060,13.460,12.940,39402497,523588974,15:09:15,-2.149,2.048,3164590.045534,1869712.859856,2.78599
sz300123,300123,ST亚光,4.690,0.12,2.626,4.680,4.690,4.570,4.630,4.750,4.580,28683287,134288084,15:08:30,-3.908,15.357,479240.203687,466195.559627,2.88558
sz300124,300124,汇川技术,61.070,-2.08,-3.294,61.060,61.070,63.150,63.500,63.700,61.070,34922184,2168032013,15:08:45,32.658,4.545,16535337.286008,14719791.99504,1.44886
sz300125,300125,聆达股份,8.900,-0.32,-3.471,8.900,8.910,9.220,9.260,9.340,8.890,10538994,95849221,15:09:00,296.667,5.674,592606.48843,321059.70894,2.92148
sz300126,300126,锐奇股份,6.220,-0.15,-2.355,6.210,6.220,6.370,6.400,6.400,6.210,3955800,24859672,15:09:15,-41.467,1.9,189061.6272,131024.815638,1.87789
sz300127,300127,银河磁体,25.000,-0.58,-2.267,25.000,25.010,25.580,25.660,26.060,25.000,5779467,147378710,15:08:30,45.455,5.151,807865.9,581562.8125,2.48446
sz300128,300128,锦富技术,4.620,-0.16,-3.347,4.610,4.620,4.780,4.810,4.830,4.620,22857362,108068448,15:08:45,-17.949,14.229,600191.320344,599428.951044,1.76169
sz300129,300129,泰胜风能,8.150,-0.19,-2.278,8.150,8.160,8.340,8.380,8.430,8.150,16265292,135323288,15:09:00,35.512,1.567,903715.394675,585748.80159,2.26312
sz300130,300130,新国都,19.580,0.28,1.451,19.580,19.590,19.300,19.360,19.870,19.250,19001905,371769541,15:09:15,23.59,2.459,1110784.039772,850837.482902,4.37284
sz300131,300131,英唐智控,17.110,0.29,1.724,17.110,17.120,16.820,16.990,17.670,16.670,84893426,1455165978,15:09:15,855.5,11.253,1942018.338835,1818902.223396,7.98573
sz300132,300132,诺斯贝尔,6.550,-0.26,-3.818,6.550,6.560,6.810,6.840,6.850,6.550,20880800,138806396,15:08:00,21.315,2.297,338360.48033,332793.24102,4.10974
sz300133,300133,华策影视,7.240,-0.09,-1.228,7.240,7.250,7.330,7.360,7.580,7.200,78893027,585048660,15:08:45,72.4,1.843,1357364.39842,1204803.37182,4.7409
sz300134,300134,大富科技,8.560,-0.22,-2.506,8.560,8.570,8.780,8.710,8.880,8.530,21951962,190311909,15:09:15,-24.457,1.797,656978.293136,656978.293136,2.8602
sz300135,300135,宝利国际,3.310,-0.05,-1.488,3.310,3.320,3.360,3.360,3.380,3.300,17129000,57123851,15:08:30,-30.648,3.524,305049.6,305049.6,1.85862
sz300136,300136,信维通信,67.290,-1.29,-1.881,67.290,67.300,68.580,69.510,70.700,67.260,55981557,3885862970,15:09:15,90.431,8.115,6510769.365102,5552772.401502,6.784
sz300137,300137,先河环保,12.430,-0.23,-1.817,12.430,12.440,12.660,12.690,13.600,12.410,29599270,382979702,15:09:00,621.5,4.068,666971.68703,658832.393758,5.58441
sz300138,300138,晨光生物,11.200,-0.2,-1.754,11.190,11.200,11.400,11.350,11.390,11.110,7120100,79786614,15:09:15,14.667,1.558,541072.10416,446110.88704,1.78756
sz300139,300139,晓程科技,47.560,-4.69,-8.976,47.560,47.570,52.250,50.000,51.460,47.300,62293703,3059532206,15:09:15,86.473,11.05,1303144.0,1111283.2741,26.66007
sz300140,300140,节能环境,5.450,-0.15,-2.679,5.450,5.460,5.600,5.580,5.600,5.450,15279000,84056384,15:08:45,19.388,1.176,1688991.52372,1686919.93076,0.49362
sz300141,300141,和顺电气,10.630,-0.02,-0.188,10.620,10.630,10.650,10.650,10.820,10.480,11486152,122297636,15:09:00,-59.056,4.425,274088.8098,270752.217565,4.50958
sz300142,300142,沃森生物,13.320,0.16,1.216,13.310,13.320,13.160,13.120,13.560,12.920,97215719,1296254885,15:09:15,119.892,2.876,2130332.256612,2100478.15926,6.16485
sz300143,300143,盈康生命,7.920,0.14,1.799,7.920,7.930,7.780,7.710,8.050,7.620,24028811,189752415,15:08:45,88.0,3.032,770561.942832,659143.947528,2.8872
sz300144,300144,宋城演艺,6.100,-0.07,-1.135,6.100,6.110,6.170,6.170,6.210,6.100,28633433,176058579,15:08:00,19.551,2.034,1591413.62678,1574774.77634,1.10914
sz300145,300145,南方泵业,4.320,-0.12,-2.703,4.320,4.330,4.440,4.460,4.510,4.310,72781789,322345384,15:08:45,35.122,2.788,829544.559552,825477.997536,3.80891
sz300146,300146,汤臣倍健,10.080,-0.05,-0.494,10.080,10.090,10.130,10.080,10.230,10.050,16129644,163497112,15:08:45,21.447,1.568,1705210.447248,1129785.208272,1.43909
sz300147,300147,*ST香雪,7.450,0.06,0.812,7.440,7.450,7.390,7.390,7.670,7.320,9036183,67676103,15:08:30,-3.531,-10.449,492652.888525,489738.308465,1.3746
sz300148,300148,天舟文化,3.520,-0.02,-0.565,3.510,3.520,3.540,3.530,3.670,3.510,31993980,114849208,15:08:45,44.0,2.876,296792.088736,286549.648704,3.93017
sz300149,300149,睿智医药,11.340,0.54,5,11.330,11.340,10.800,10.820,12.290,10.530,83269207,950249359,15:09:00,378.0,4.466,572653.905138,546117.712056,17.29065
sz300150,300150,世纪瑞尔,4.270,-0.04,-0.928,4.260,4.270,4.310,4.290,4.340,4.260,4492600,19302934,15:09:15,47.444,1.588,249840.284631,197984.200064,0.96894
sz300151,300151,昌红科技,16.150,-0.14,-0.859,16.140,16.150,16.290,16.390,16.870,16.150,12302836,203772776,15:08:45,134.583,5.445,860002.840885,595446.926005,3.33683
sz300152,300152,*ST动力,1.720,0.05,2.994,1.720,1.730,1.670,1.680,1.780,1.650,36423403,63029962,15:08:45,-35.759,5.801,122601.6,122600.0391,5.10997
sz300153,300153,科泰电源,22.570,0.19,0.849,22.570,22.580,22.380,22.550,23.500,22.410,11513132,264823275,15:08:15,141.771,7.706,722240.0,718471.076326,3.61673
sz300154,300154,瑞凌股份,9.800,0.4,4.255,9.800,9.820,9.400,9.420,10.450,9.310,16075001,160954898,15:09:15,42.609,2.447,440564.09698,309065.46748,5.09714
sz300155,300155,安居宝,4.310,-0.1,-2.268,4.310,4.320,4.410,4.450,4.470,4.310,7559889,33007660,15:08:30,-43.1,2.024,241889.157664,141995.634699,2.29466
sz300157,300157,新锦动力,4.140,-0.15,-3.497,4.140,4.150,4.290,4.270,4.280,4.140,54516440,228217211,15:09:15,103.5,-15.39,316852.915698,302471.870148,7.46179
sz300158,300158,振东制药,5.730,-0.05,-0.865,5.730,5.740,5.780,5.740,6.020,5.580,85394134,495841980,15:09:00,-19.113,1.698,568589.651088,568125.061542,8.61269
sz300159,300159,新研股份,3.020,-0.06,-1.948,3.010,3.020,3.080,3.080,3.120,3.010,47433656,145052444,15:09:15,230.534,3.557,993707.151362,556388.855306,2.57463
sz300160,300160,秀强股份,4.370,-0.06,-1.354,4.360,4.370,4.430,4.430,4.440,4.370,5965600,26236952,15:08:30,17.48,1.261,337777.529604,333415.465087,0.7819
sz300161,300161,华中数控,29.500,-1.5,-4.839,29.490,29.500,31.000,30.980,31.000,29.500,12384400,371598220,15:08:45,359.318,3.797,586155.8727,575233.19385,6.35116
sz300162,300162,雷曼光电,7.660,-0.26,-3.283,7.660,7.670,7.920,7.960,8.050,7.660,27231686,213909315,15:08:45,-76.6,3.89,321344.68298,262075.81598,7.95933
sz300163,300163,先锋新材,6.620,-0.1,-1.488,6.610,6.620,6.720,6.730,6.850,6.610,13861906,93394617,15:08:30,44.912,5.712,313788.0,303403.011372,3.02455
sz300164,300164,通源石油,10.870,-0.23,-2.072,10.870,10.880,11.100,10.710,11.020,10.370,156538547,1662091926,15:09:15,181.167,4.646,639654.529723,633950.115686,26.84082
sz300165,300165,天瑞仪器,5.260,-0.16,-2.952,5.260,5.270,5.420,5.420,5.430,5.260,13147500,70112211,15:08:45,-11.191,2.469,260639.16735,221187.630904,3.12657
sz300166,300166,东方国信,13.910,-0.36,-2.523,13.910,13.920,14.270,14.860,14.880,13.910,70623324,1020453620,15:09:00,-73.211,2.777,1583995.335468,1259910.927574,7.79714
sz300167,300167,ST迪威迅,4.640,-0.36,-7.2,4.630,4.640,5.000,4.870,4.880,4.610,19797775,93642727,15:09:15,-194.142,32.267,193176.6096,164295.44,5.59125
sz300168,300168,万达信息,5.280,-0.02,-0.377,5.280,5.290,5.300,5.350,5.420,5.280,23777625,127346730,15:09:00,-13.2,7.397,760651.888128,760024.588224,1.65187
sz300169,300169,天晟新材,5.610,-0.22,-3.774,5.610,5.620,5.830,5.800,5.890,5.610,12742700,72805404,15:08:00,139.9,30.064,190456.32474,169273.773702,4.22313
sz300170,300170,汉得信息,17.120,-0.61,-3.44,17.110,17.120,17.730,17.910,18.160,17.120,85182458,1502215709,15:09:00,74.435,3.121,1781198.545232,1702582.98992,8.56536
sz300171,300171,东富龙,14.020,0.05,0.358,14.010,14.020,13.970,13.970,14.470,13.750,25149513,356854970,15:08:30,53.923,1.35,1073690.91208,786097.506646,4.4854
sz300172,300172,中电环保,4.610,-0.08,-1.706,4.600,4.610,4.690,4.690,4.690,4.590,14688905,68028567,15:08:30,38.417,1.618,311963.31,241339.210407,2.80584
sz300173,300173,ST福能,3.340,-0.04,-1.183,3.340,3.350,3.380,3.380,3.410,3.330,4855800,16357583,15:08:45,-19.647,3.023,245398.383132,245398.383132,0.6609
sz300174,300174,元力股份,20.180,0.06,0.298,20.180,20.190,20.120,20.200,21.380,20.150,29874539,620074518,15:09:00,31.935,2.105,734976.50648,732447.454034,8.23087
sz300175,300175,朗源股份,6.140,0,0,6.140,6.150,6.140,6.100,6.320,6.090,14922200,92263675,15:09:15,-193.082,5.801,289071.2,289071.2,3.16954
sz300176,300176,鸿特科技,0.000,0.000,0.000,0.000,0.000,5.230,0.000,0.000,0.000,0,0,15:08:30,41.149,2.061,202547.8584,202547.8584,0.0
sz300177,300177,中海达,6.290,-0.09,-1.411,6.280,6.290,6.380,6.400,6.430,6.290,7083310,45008482,15:08:45,-20.096,3.708,468082.342514,381364.744879,1.16828
sz300179,300179,四方达,35.960,-0.66,-1.802,35.950,35.960,36.620,37.060,37.680,35.880,31797210,1175074448,15:09:15,187.487,13.741,1746663.25228,1350857.66346,8.46446
sz300180,300180,华峰超纤,4.370,-0.05,-1.131,4.360,4.370,4.420,4.440,4.500,4.360,26257698,116204216,15:09:00,115.303,1.644,769583.287735,748436.415054,1.53314
sz300181,300181,佐力药业,14.900,0.36,2.476,14.890,14.900,14.540,14.610,15.190,14.330,53603327,799168929,15:08:00,16.196,3.052,1045067.12915,898337.26931,8.89075
sz300182,300182,捷成股份,5.140,-0.16,-3.019,5.140,5.150,5.300,5.310,5.460,5.130,200151105,1061532598,15:09:15,71.588,1.609,1369206.374848,1241106.555202,8.28919
sz300183,300183,东软载波,10.730,0.03,0.28,10.730,10.740,10.700,10.740,10.890,10.670,5375068,58001037,15:09:00,474.779,1.605,496379.604001,398114.129876,1.44869
sz300184,300184,力源信息,12.410,-0.31,-2.437,12.400,12.410,12.720,13.000,13.090,12.410,69590976,889162786,15:09:15,83.289,3.055,1425982.254989,1305570.168196,6.61492
sz300185,300185,通裕重工,2.780,-0.05,-1.767,2.780,2.790,2.830,2.830,2.840,2.780,67077662,187830828,15:09:00,139.0,1.587,1122064.056754,1069315.524438,1.74388
sz300187,300187,永清环保,4.830,0.02,0.416,4.830,4.840,4.810,4.810,4.870,4.760,10401500,50016937,15:08:45,27.743,2.692,311835.505695,310269.463686,1.61921
sz300188,300188,国投智能,10.780,-0.25,-2.267,10.770,10.780,11.030,11.000,11.120,10.770,14850470,162264699,15:09:00,-11.846,3.711,926516.54018,922238.26002,1.73586
sz300189,300189,神农种业,4.810,-0.06,-1.232,4.810,4.820,4.870,4.830,4.910,4.760,91603019,443168680,15:09:15,45.985,7.156,492544.0,426286.453944,10.33602
sz300190,300190,维尔利,3.800,-0.05,-1.299,3.800,3.810,3.850,3.840,3.860,3.700,18024397,68185423,15:08:00,-8.636,1.175,360273.839,358811.82396,1.90888
sz300191,300191,潜能恒信,31.870,-0.87,-2.657,31.870,31.890,32.740,32.300,32.650,31.810,16591626,533952537,15:08:45,227.643,8.292,1019840.0,704948.465,7.5009
sz300192,300192,科德教育,14.680,0.04,0.273,14.670,14.680,14.640,14.520,15.250,14.410,29505460,440051604,15:09:00,39.063,6.774,676455.36888,668585.59704,6.47845
sz300193,300193,佳士科技,7.730,-0.11,-1.403,7.720,7.730,7.840,7.870,7.870,7.730,3511420,27388643,15:09:15,18.405,1.54,368141.099265,324411.613456,0.83669
sz300194,300194,福安药业,4.000,0.03,0.756,4.000,4.010,3.970,3.940,4.090,3.870,46820668,187581911,15:08:30,66.667,1.076,475884.9528,387351.4732,4.83495
sz300195,300195,长荣股份,5.520,-0.14,-2.473,5.510,5.520,5.660,5.700,5.700,5.500,9396500,52391924,15:08:45,97.183,0.876,233886.681312,173253.497112,2.9938
sz300196,300196,长海股份,18.030,-0.68,-3.634,18.020,18.030,18.710,18.800,19.060,18.020,19507000,360935836,15:09:00,22.259,1.532,737106.296784,445394.787096,7.89662
sz300197,300197,节能铁汉,2.280,-0.02,-0.87,2.270,2.280,2.300,2.260,2.460,2.210,420703816,972736348,15:09:15,-3.152,-18.781,676087.96224,676070.86224,14.18793
sz300198,300198,*ST纳川,2.200,-0.03,-1.345,2.200,2.210,2.230,2.220,2.230,2.200,6736100,14890552,15:08:30,-8.261,4.719,226940.6788,225387.08368,0.65751
sz300199,300199,翰宇药业,26.520,0.61,2.354,26.510,26.520,25.910,25.900,27.700,25.900,82805955,2212516866,15:08:15,663.0,31.586,2342356.023072,1976184.06414,11.1124
sz300200,300200,高盟新材,8.810,-0.43,-4.654,8.810,8.820,9.240,9.200,9.240,8.810,16611400,149679241,15:08:15,35.24,2.294,379687.394486,374759.158895,3.90508
sz300201,300201,海伦哲,14.690,-0.46,-3.036,14.680,14.690,15.150,15.100,15.250,14.660,37265890,557329379,15:08:45,46.978,7.872,1482285.058683,1474359.227835,3.71304
sz300203,300203,聚光科技,12.600,-0.18,-1.408,12.600,12.610,12.780,12.790,13.330,12.600,12156900,157720596,15:08:45,-24.231,2.18,565409.376,564922.2915,2.71147
sz300204,300204,舒泰神,25.820,1.89,7.898,25.810,25.820,23.930,23.800,26.820,23.450,67700828,1729037877,15:08:30,-161.375,17.259,1397751.09879,1171361.741582,14.9231
sz300205,300205,*ST天喻,5.060,0.03,0.596,5.060,5.070,5.030,5.070,5.130,5.030,2908802,14799786,15:09:00,-3.597,5.233,217608.336,217608.336,0.67638
sz300206,300206,理邦仪器,12.130,-0.1,-0.818,12.120,12.130,12.230,12.270,12.380,12.040,5907415,72020368,15:09:15,23.004,3.062,703131.638698,410454.412345,1.7458
sz300207,300207,欣旺达,18.520,-0.46,-2.424,18.510,18.520,18.980,18.970,19.020,18.500,43306952,810679078,15:09:00,31.931,1.389,3421500.449992,3174190.453812,2.52677
sz300209,300209,行云科技,35.350,-1.15,-3.151,35.350,35.360,36.500,39.730,41.000,35.280,166847167,6403545920,15:09:15,-394.531,34.934,3282728.70541,2626182.965035,22.45863
sz300210,300210,森远股份,8.680,-0.31,-3.448,8.680,8.690,8.990,9.060,9.080,8.680,9832700,87050754,15:09:00,-217.0,11.21,420302.919204,420302.919204,2.03063
sz300211,300211,*ST亿通,7.700,-0.14,-1.786,7.700,7.720,7.840,7.810,7.850,7.680,3004101,23334335,15:09:15,-78.571,5.311,234025.88671,229831.00448,1.00646
sz300212,300212,*ST易录,8.890,0.44,5.207,8.880,8.890,8.450,8.410,9.050,8.410,22282615,197488818,15:08:30,-2.356,-3.199,639984.363158,620976.922636,3.19001
sz300213,300213,佳讯飞鸿,6.590,0,0,6.590,6.600,6.590,6.570,6.720,6.550,14385200,95296453,15:08:15,-23.536,1.912,391686.31094,364157.382012,2.60323
sz300214,300214,日科化学,12.200,0,0,12.200,12.210,12.200,12.000,12.880,11.880,58130505,719334896,15:09:15,-203.333,2.369,567181.18908,567181.18908,12.5038
sz300215,300215,电科院,6.240,-0.1,-1.577,6.230,6.240,6.340,6.350,6.370,6.230,8451700,53230702,15:09:15,624.0,2.348,467434.772688,467434.772688,1.12826
sz300217,300217,东方电热,4.450,-0.09,-1.982,4.440,4.450,4.540,4.550,4.570,4.440,21411482,96638793,15:08:30,40.455,1.549,657699.7383,552429.31366,1.72477
sz300218,300218,安利股份,12.440,-0.05,-0.4,12.440,12.450,12.490,12.460,12.620,12.410,2225925,27842223,15:08:45,20.327,1.718,269931.828,269047.834136,1.0292
sz300219,300219,鸿利智汇,6.830,-0.19,-2.707,6.830,6.840,7.020,7.050,7.060,6.830,15358205,106853194,15:08:15,48.786,1.854,483525.414598,482635.677328,2.17341
sz300220,300220,金运激光,10.690,-0.22,-2.016,10.680,10.690,10.910,11.010,11.010,10.650,2293600,24816900,15:09:15,1069.0,26.658,161632.8,161439.683012,1.51875
sz300221,300221,银禧科技,13.630,-0.25,-1.801,13.620,13.630,13.880,14.050,14.140,13.580,18525860,257516279,15:08:15,56.439,4.288,645727.635655,629730.212332,4.00977
sz300222,300222,科大智能,10.490,-0.3,-2.78,10.490,10.500,10.790,10.820,11.020,10.490,26914680,289271109,15:08:45,104.9,4.522,820550.074466,684067.070941,4.1273
sz300223,300223,君正股份,137.480,-3.09,-2.198,137.470,137.480,140.570,144.580,149.490,137.150,38547181,5550640386,15:09:00,176.189,5.229,6649417.717516,5814489.318064,9.11424
sz300224,300224,正海磁材,11.200,-0.29,-2.524,11.200,11.210,11.490,11.490,11.540,11.190,13957164,158743410,15:08:30,31.111,2.007,1042384.46704,1038546.48352,1.50518
sz300225,300225,金力泰,7.310,-0.03,-0.409,7.310,7.320,7.340,7.360,7.570,7.300,11736500,87242247,15:08:30,182.75,3.964,347539.03029,345065.54559,2.4863
sz300226,300226,上海钢联,16.420,-0.35,-2.087,16.380,16.420,16.770,16.890,16.980,16.320,10801167,179017433,15:08:45,24.507,2.801,628008.689252,603758.253972,2.93752
sz300227,300227,光韵达,11.500,-0.44,-3.685,11.500,11.510,11.940,12.240,12.240,11.490,22339400,263811194,15:09:00,-20.691,5.018,685125.59965,524808.51335,4.89518
sz300228,300228,富瑞特装,7.330,-0.15,-2.005,7.330,7.340,7.480,7.520,7.550,7.320,18000180,134136522,15:09:15,17.839,1.724,437912.927417,410760.250089,3.21212
sz300229,300229,拓尔思,14.560,-0.31,-2.085,14.560,14.570,14.870,14.950,15.380,14.550,37415616,560364308,15:08:45,-43.308,3.375,1271992.076992,1271132.019248,4.28572
sz300230,300230,永利股份,4.240,-0.04,-0.935,4.230,4.240,4.280,4.260,4.290,4.230,6453600,27455197,15:08:45,20.171,1.052,344802.498984,267044.739576,1.02467
sz300231,300231,银信科技,8.580,-0.19,-2.166,8.570,8.580,8.770,8.800,9.000,8.580,17982590,158110254,15:09:15,62.628,2.318,381592.540758,381572.965488,4.04354
sz300232,300232,洲明科技,5.250,-0.1,-1.869,5.240,5.250,5.350,5.350,5.390,5.240,14012552,74531412,15:09:15,90.206,1.266,572410.109775,466462.4517,1.5771
sz300233,300233,金城医药,14.200,0.21,1.501,14.190,14.200,13.990,13.860,14.400,13.720,15987569,226174416,15:08:30,118.333,1.464,545101.91354,525137.53146,4.32312
sz300234,300234,开尔新材,9.820,0.62,6.739,9.820,9.830,9.200,9.210,10.230,9.160,23979350,236205950,15:09:15,-491.0,4.376,494114.01038,337795.277208,6.971
sz300235,300235,方直科技,11.480,-0.06,-0.52,11.480,11.500,11.540,11.520,11.780,11.450,5354700,62239568,15:09:00,164.0,4.073,289005.13698,235109.371392,2.61461
sz300236,300236,上海新阳,91.500,-2,-2.139,91.490,91.500,93.500,95.030,96.290,91.200,7803303,734372945,15:08:30,94.848,5.959,2867446.69995,2548733.4333,2.8014
sz300237,300237,ST美晨,2.020,-0.02,-0.98,2.020,2.030,2.040,2.050,2.060,2.020,13242639,27033060,15:09:00,-7.214,65.161,291266.81586,291264.08886,0.91841
sz300238,300238,冠昊生物,12.270,0.39,3.283,12.270,12.280,11.880,11.980,12.600,11.700,10737300,131608393,15:08:45,136.333,5.608,325346.045127,325319.518614,4.04976
sz300239,300239,东宝生物,5.050,-0.05,-0.98,5.050,5.060,5.100,5.090,5.160,5.030,8597356,43773440,15:09:00,54.418,1.745,299779.698325,297837.392575,1.45773
sz300240,300240,飞力达,5.700,-0.09,-1.554,5.700,5.710,5.790,5.800,5.800,5.670,4680755,26776453,15:09:15,217.557,1.482,211790.8815,207111.00993,1.28821
sz300241,300241,瑞丰光电,5.540,-0.13,-2.293,5.530,5.540,5.670,5.710,5.710,5.530,18382200,103177986,15:08:45,58.936,1.74,397024.236838,332984.742568,3.05832
sz300242,300242,佳云科技,4.500,-0.13,-2.808,4.490,4.500,4.630,4.630,4.700,4.490,32036624,146936972,15:08:30,-79.365,11.777,285549.8508,285549.6951,5.04868
sz300243,300243,瑞丰高材,14.540,-0.21,-1.424,14.530,14.540,14.750,14.760,15.110,14.530,11807732,174967323,15:09:00,111.846,2.623,406483.255596,325185.438078,5.27959
sz300244,300244,迪安诊断,21.150,0.39,1.879,21.140,21.150,20.760,20.780,21.770,20.680,40312574,858024057,15:09:15,293.343,2.025,1321831.50714,1060564.658265,8.03922
sz300245,300245,ST天玑,5.790,-0.1,-1.698,5.790,5.800,5.890,5.940,5.960,5.780,5316900,31173511,15:08:30,-57.9,1.463,176623.932051,170025.407187,1.8106
sz300246,300246,宝莱特,18.080,-0.24,-1.31,18.080,18.160,18.320,18.590,18.700,18.080,28118301,516690528,15:09:00,-68.902,4.445,478408.613472,382373.907344,13.29533
sz300247,300247,融捷健康,3.840,0.02,0.524,3.840,3.850,3.820,3.820,3.960,3.760,35150700,135515121,15:09:00,42.667,2.669,308751.480192,308751.480192,4.37176
sz300248,300248,新开普,8.950,-0.36,-3.867,8.950,8.960,9.310,9.260,9.400,8.950,24109221,220818393,15:09:15,54.573,1.982,426331.811735,367452.282055,5.87226
sz300249,300249,依米康,12.880,0.13,1.02,12.880,12.890,12.750,13.000,13.470,12.720,31977983,416862928,15:09:15,184.792,18.543,590452.3016,481853.189272,8.54776
sz300250,300250,初灵信息,15.660,-0.56,-3.453,15.660,15.670,16.220,16.300,16.390,15.660,11770292,188275906,15:09:00,82.421,6.059,334731.684114,246526.716888,7.47679
sz300251,300251,光线传媒,11.660,-0.46,-3.795,11.660,11.670,12.120,12.030,12.100,11.660,74854768,887717744,15:09:15,20.456,3.409,3420564.111712,3236077.699294,2.69711
sz300252,300252,金信诺,11.670,-0.2,-1.685,11.660,11.670,11.870,12.000,12.100,11.630,22278720,265261608,15:09:15,583.5,3.626,798477.683151,652066.453653,3.98721
sz300253,300253,卫宁健康,7.850,-0.08,-1.009,7.850,7.860,7.930,7.950,8.060,7.830,79012308,626750780,15:09:00,-46.395,3.137,1728000.7808,1455877.774665,4.26029
sz300254,300254,仟源医药,9.100,0.17,1.904,9.090,9.100,8.930,8.910,9.330,8.720,15104300,137733182,15:08:45,88.867,5.316,234059.79233,206877.46807,6.64399
sz300255,300255,常山药业,28.350,1.26,4.651,28.340,28.350,27.090,26.890,29.160,26.570,78725856,2227806868,15:09:15,-72.692,21.531,2605537.58913,2601462.27663,8.57932
sz300256,300256,星星科技,2.690,-0.06,-2.182,2.690,2.700,2.750,2.770,2.780,2.680,23458603,63591426,15:09:15,-269.0,6.728,610197.820834,603472.820834,1.04567
sz300257,300257,开山股份,19.400,0.2,1.042,19.400,19.410,19.200,19.570,20.100,19.200,11131316,220054238,15:08:30,52.432,2.904,1927651.93492,1852293.20722,1.16584
sz300258,300258,精锻科技,10.180,-0.29,-2.77,10.180,10.190,10.470,10.520,10.550,10.180,7295216,75432491,15:08:15,42.683,1.266,595578.093374,580150.298284,1.2801
sz300259,300259,新天科技,4.430,-0.05,-1.116,4.430,4.440,4.480,4.460,4.620,4.390,67195126,303320309,15:08:45,20.091,1.665,511711.530505,511592.68025,5.81858
sz300260,300260,新莱应材,59.110,-1.09,-1.811,59.100,59.110,60.200,60.830,62.180,59.010,19084939,1160465982,15:09:15,134.341,11.219,2410545.711072,1698783.21494,6.6407
sz300261,300261,雅本化学,5.280,-0.03,-0.565,5.270,5.280,5.310,5.310,5.500,5.200,23005108,122787911,15:09:15,-31.636,2.793,508627.400688,497814.498192,2.44
sz300263,300263,隆华科技,9.840,-0.29,-2.863,9.840,9.850,10.130,10.230,10.350,9.830,53250185,538699129,15:08:45,49.2,2.429,1018446.201168,959920.679664,5.45859
sz300264,300264,佳创视讯,6.760,-0.15,-2.171,6.750,6.760,6.910,6.990,7.020,6.710,13130199,90636565,15:09:00,-83.871,334.653,291259.682168,250381.242228,3.545
sz300265,300265,通光线缆,14.550,-0.34,-2.283,14.550,14.560,14.890,14.930,15.100,14.550,22871097,339306324,15:09:15,207.857,2.89,680359.942425,679921.80555,4.8943
sz300266,300266,兴源环境,1.950,-0.05,-2.5,1.950,1.960,2.000,1.990,2.010,1.940,41130500,81050463,15:07:45,-13.338,98.985,302992.42623,302843.01723,2.64838
sz300267,300267,尔康制药,3.340,0.05,1.52,3.330,3.340,3.290,3.280,3.420,3.230,50320898,168154463,15:09:15,-18.142,1.713,688910.02658,475074.282394,3.5378
sz300268,300268,佳沃食品,11.560,-0.09,-0.773,11.530,11.560,11.650,11.640,11.700,11.400,1631700,18829246,15:09:15,-4.713,-1.95,201375.2,154565.87,1.22035
sz300269,300269,联建光电,4.810,-0.14,-2.828,4.800,4.810,4.950,5.020,5.040,4.810,15056500,73943225,15:09:15,310.323,31.666,263095.373749,252835.402768,2.86438
sz300270,300270,中威电子,13.070,-0.06,-0.457,13.070,13.080,13.130,13.400,14.250,13.000,30638700,419253215,15:08:30,-68.789,7.19,395767.478596,335652.897128,11.93041
sz300271,300271,华宇软件,5.690,-0.15,-2.568,5.690,5.700,5.840,5.830,5.940,5.680,16180471,94023109,15:08:45,-23.708,1.308,461948.722937,457613.387326,2.01189
sz300272,300272,开能健康,6.080,0.17,2.876,6.070,6.080,5.910,5.860,6.390,5.780,24232689,148980624,15:09:00,63.005,2.941,371773.438976,282398.98512,5.21725
sz300274,300274,阳光电源,118.130,0.6,0.511,118.130,118.140,117.530,116.600,122.080,116.200,69669856,8340987911,15:09:15,18.035,5.033,24490846.551712,18753452.599962,4.38858
sz300275,300275,梅安森,8.860,-0.06,-0.673,8.860,8.870,8.920,8.970,9.020,8.820,4659100,41575497,15:08:30,66.566,2.856,272892.490248,240514.847358,1.7163
sz300276,300276,三丰智能,6.660,-0.3,-4.31,6.660,6.670,6.960,6.920,6.940,6.660,47525513,321958099,15:08:45,-50.113,5.33,933094.63134,705858.517584,4.48418
sz300277,300277,汽轮科技,12.380,-0.18,-1.433,12.380,12.390,12.560,12.610,12.760,12.380,10886619,136926318,15:09:00,1875.758,1.858,1877543.566366,947624.978068,1.42225
sz300278,300278,华昌达,3.910,-0.1,-2.494,3.910,3.920,4.010,4.010,4.020,3.900,15319100,60552377,15:09:15,-97.75,3.31,552829.624628,551093.06538,1.08689
sz300279,300279,和晶科技,5.750,-0.11,-1.877,5.750,5.760,5.860,5.860,5.910,5.750,8767400,51056004,15:08:30,43.462,2.689,281232.20675,280219.3224,1.79904
sz300281,300281,金明精机,6.360,-0.14,-2.154,6.360,6.370,6.500,6.580,6.580,6.340,7755200,49939744,15:08:45,-795.0,2.136,266435.39688,252699.280032,1.95185
sz300283,300283,温州宏丰,13.850,-0.68,-4.68,13.850,13.860,14.530,14.690,14.860,13.830,54087641,775542275,15:09:15,277.0,5.736,688314.83747,526117.857265,14.23852
sz300284,300284,苏交科,5.550,-0.06,-1.07,5.540,5.550,5.610,5.560,5.590,5.440,27422857,151042941,15:08:15,298.387,0.845,700869.41457,665046.352935,2.28852
sz300285,300285,国瓷材料,70.660,-3.34,-4.514,70.660,70.670,74.000,75.000,75.950,70.520,147034011,10802057290,15:09:00,113.968,9.612,7045143.280734,6027813.697878,17.23581
sz300286,300286,安科瑞,20.650,-0.25,-1.196,20.650,20.660,20.900,20.910,21.250,20.610,5461980,114124826,15:08:45,24.012,2.248,517870.312575,429055.48651,2.62879
sz300287,300287,飞利信,3.810,-0.1,-2.558,3.810,3.820,3.910,3.900,3.970,3.810,40320943,156872884,15:09:00,-34.636,5.52,546839.320848,504013.700886,3.04799
sz300288,300288,朗玛信息,10.240,0.03,0.294,10.230,10.240,10.210,10.220,10.630,10.120,10871511,112691646,15:08:15,341.333,3.205,346051.995648,262727.056384,4.23726
sz300289,300289,利德曼,6.020,0.04,0.669,6.010,6.020,5.980,5.970,6.050,5.850,9689818,58031462,15:07:45,-142.654,2.003,327494.915174,326980.205174,1.78398
sz300290,300290,ST荣科,6.100,-0.27,-4.239,6.100,6.110,6.370,6.340,6.450,6.100,33860400,211071623,15:08:45,-86.525,5.237,390236.86709,390149.71334,5.29408
sz300291,300291,百纳千成,5.350,-0.17,-3.08,5.340,5.350,5.520,5.510,5.620,5.310,35258662,193006958,15:09:00,-4.59,2.471,503910.963285,497477.71829,3.7918
sz300292,300292,吴通控股,4.280,-0.12,-2.727,4.280,4.290,4.400,4.430,4.450,4.280,53197560,231946590,15:07:30,47.556,3.909,574275.408872,478499.843264,4.75832
sz300293,300293,蓝英装备,16.060,-0.49,-2.961,16.050,16.060,16.550,16.470,16.620,16.050,6861400,112084034,15:08:30,-38.238,7.308,543531.598236,543531.598236,2.02737
sz300294,300294,博雅生物,15.720,0,0,15.710,15.720,15.720,15.700,15.970,15.400,8224739,129549519,15:08:45,71.455,1.062,792679.016136,792679.016136,1.63109
sz300295,300295,*ST三六,12.020,-0.37,-2.986,12.020,12.060,12.390,12.310,12.710,12.020,3437400,42705941,15:09:00,-44.519,2.106,227915.684228,201550.633992,2.04998
sz300296,300296,利亚德,5.350,-0.12,-2.194,5.350,5.360,5.470,5.470,5.520,5.340,45168550,245191724,15:08:15,48.636,1.797,1450907.81377,1239188.121265,1.95008
sz300298,300298,三诺生物,16.550,0.09,0.547,16.550,16.560,16.460,16.400,16.730,16.280,7305462,121073451,15:08:30,98.22,3.116,921579.952915,741441.752645,1.63068
sz300299,300299,富春股份,5.460,-0.13,-2.326,5.460,5.470,5.590,5.590,5.660,5.440,21038317,117005205,15:08:45,-49.057,9.502,376903.84641,376442.33991,3.05144
sz300300,300300,海峡创新,8.050,-0.33,-3.938,8.050,8.060,8.380,8.370,8.530,8.050,42580044,349552034,15:09:00,38.333,20.186,536811.88491,536781.728,6.38564
sz300301,300301,ST长方,3.420,0.09,2.703,3.420,3.430,3.330,3.330,3.550,3.290,12911420,44369319,15:08:15,-18.874,39.086,283815.118998,270137.837898,1.63461
sz300302,300302,同有科技,29.940,-0.8,-2.602,29.930,29.940,30.740,31.480,31.650,29.880,23755314,734154354,15:08:45,-272.926,13.029,1434915.811212,1104228.80163,6.441
sz300303,300303,聚飞光电,7.220,-0.19,-2.564,7.220,7.230,7.410,7.470,7.490,7.220,47158527,347183133,15:08:30,32.818,2.662,1022933.590494,959282.943392,3.54937
sz300304,300304,云意电气,12.400,-0.03,-0.241,12.400,12.410,12.430,12.820,12.920,12.360,27433940,347157665,15:09:00,22.963,3.198,1088898.21032,1057814.77816,3.21588
sz300305,300305,裕兴股份,6.450,0.02,0.311,6.450,6.460,6.430,6.460,6.480,6.330,19857453,127146157,15:09:00,-9.474,1.251,242133.23994,207351.953565,6.17696
sz300306,300306,远方信息,9.930,-0.15,-1.488,9.920,9.940,10.080,10.080,10.110,9.920,3153000,31484091,15:08:30,36.778,1.783,267076.066554,156547.578048,1.99999
sz300307,300307,慈星股份,7.780,0.13,1.699,7.770,7.780,7.650,7.740,7.950,7.570,33017220,257568072,15:09:00,64.833,1.888,622830.837728,612280.697152,4.19536
sz300308,300308,中际旭创,921.040,0.04,0.004,921.040,921.060,921.000,960.000,966.060,920.660,29337122,27745041530,15:09:00,93.984,30.274,107737239.37466,102229893.31291,2.64313
sz300310,300310,宜通世纪,4.460,-0.04,-0.889,4.460,4.470,4.500,4.520,4.680,4.450,28455547,129860043,15:08:15,446.0,2.084,393219.704826,359739.965992,3.52787
sz300311,300311,任子行,6.080,-0.32,-5,6.080,6.090,6.400,6.340,6.480,6.080,82131882,513586259,15:09:00,177.778,6.259,409567.1312,326744.728544,15.28293
sz300313,300313,天山生物,8.780,0.3,3.538,8.780,8.790,8.480,8.500,9.280,8.400,13570500,120037280,15:08:45,-99.209,57.311,210525.956732,173275.748742,6.87626
sz300314,300314,戴维医疗,11.590,0.38,3.39,11.580,11.590,11.210,11.110,11.950,11.100,13833809,160412163,15:08:45,38.633,2.687,333792.0,166596.338232,9.62409
sz300315,300315,掌趣科技,4.240,-0.06,-1.395,4.240,4.250,4.300,4.310,4.390,4.230,71021003,306116936,15:08:15,-70.667,2.453,1148027.065272,1077587.506008,2.79447
sz300316,300316,晶盛机电,42.740,-0.88,-2.017,42.730,42.740,43.620,43.980,44.500,42.700,11388971,497440650,15:08:30,62.853,3.25,5596947.448378,5263667.920642,0.92476
sz300317,300317,珈伟新能,5.150,0.29,5.967,5.140,5.150,4.860,4.860,5.180,4.720,171327264,847958758,15:09:00,-23.272,3.01,427547.028575,426890.403575,20.6689
sz300318,300318,博晖创新,5.100,0.05,0.99,5.100,5.110,5.050,5.070,5.210,4.950,10293217,52480923,15:09:00,-45.333,3.257,416619.25245,404133.76497,1.29896
sz300319,300319,麦捷科技,17.320,-0.06,-0.345,17.320,17.330,17.380,17.600,18.200,17.280,151781301,2696298861,15:09:00,48.151,3.118,1537302.977168,1474400.02104,17.82998
sz300320,300320,海达股份,8.220,-0.08,-0.964,8.220,8.230,8.300,8.300,8.370,8.220,4938014,40900359,15:08:30,21.268,1.906,494214.505002,399934.746462,1.01493
sz300321,300321,同大股份,32.920,-0.9,-2.661,32.920,32.960,33.820,34.000,34.800,32.800,3041650,103170366,15:08:45,260.443,4.608,292329.6,292072.517844,3.4283
sz300322,300322,硕贝德,18.010,-0.39,-2.12,18.000,18.010,18.400,18.800,18.910,18.010,30897597,572274315,15:08:30,128.643,8.138,828528.713553,793215.804163,7.01531
sz300323,300323,华灿光电,11.970,-0.26,-2.126,11.970,11.980,12.230,12.370,12.470,11.960,45237087,554922370,15:08:15,-44.333,2.929,1942729.560009,1421669.725182,3.80882
sz300324,300324,旋极信息,3.770,-0.06,-1.567,3.760,3.770,3.830,3.840,3.900,3.760,31612932,121325191,15:08:00,-13.82,2.632,651301.654315,644666.549696,1.84872
sz300326,300326,ST凯利,6.090,-0.15,-2.404,6.080,6.090,6.240,6.220,6.230,6.080,6928179,42626970,15:08:45,32.376,1.497,436660.723338,436481.034843,0.96665
sz300327,300327,中颖电子,22.850,-0.35,-1.509,22.850,22.860,23.200,23.400,23.580,22.840,10982660,255776633,15:09:00,129.169,4.309,780030.84302,774281.917835,3.24112
sz300328,300328,宜安科技,14.520,-0.48,-3.2,14.520,14.540,15.000,14.980,14.990,14.500,25949820,383463219,15:08:30,-569.412,9.746,1002495.0672,998812.750188,3.77239
sz300329,300329,海伦钢琴,11.840,-0.22,-1.824,11.830,11.840,12.060,12.180,12.190,11.820,2465830,29544814,15:08:30,-32.889,4.931,299420.31552,298534.270304,0.97796
sz300331,300331,苏大维格,47.750,-1.6,-3.242,47.740,47.750,49.350,49.890,50.330,47.570,12077135,594368507,15:08:45,-682.143,8.048,1239887.41565,1060674.65595,5.43695
sz300332,300332,天壕能源,4.810,-0.1,-2.037,4.810,4.820,4.910,4.900,4.910,4.790,17423349,84346774,15:08:15,-15.031,1.052,407738.332521,390796.562546,2.1445
sz300333,300333,兆日科技,10.640,1.77,19.955,10.640,0.000,8.870,10.640,10.640,10.640,3152270,33540153,15:09:00,-197.037,6.341,357504.0,356205.991288,0.94159
sz300334,300334,津膜科技,8.490,-0.17,-1.963,8.480,8.490,8.660,8.750,8.750,8.480,6575200,56549869,15:08:30,-77.182,4.683,256453.487244,256423.267089,2.177
sz300335,300335,迪森股份,5.430,-0.08,-1.452,5.420,5.430,5.510,5.510,5.540,5.400,16570080,90601878,15:08:45,60.333,1.342,259017.726684,208598.521077,4.31334
sz300337,300337,银邦股份,9.950,-0.28,-2.737,9.940,9.950,10.230,10.240,10.290,9.940,16252838,164365715,15:08:15,176.732,4.625,817838.933615,707854.652445,2.28459
sz300338,300338,*ST开元,2.800,-0.09,-3.114,2.800,2.820,2.890,2.870,2.890,2.800,5164200,14640806,15:07:45,-8.235,-8.861,112734.91376,97982.28776,1.47575
sz300339,300339,润和软件,36.980,-0.62,-1.649,36.970,36.980,37.600,37.600,38.160,36.960,22016330,826503240,15:09:00,308.167,8.079,2945127.290018,2875884.739866,2.831
sz300340,300340,科恒股份,8.490,-0.22,-2.526,8.480,8.490,8.710,8.670,8.760,8.460,4153740,35614283,15:08:45,-10.747,36.329,233911.993035,232155.282138,1.51904
sz300341,300341,麦克奥迪,13.240,-0.08,-0.601,13.240,13.250,13.320,13.350,13.380,13.210,4077215,54202547,15:09:00,39.916,3.467,685051.284864,682930.931964,0.79045
sz300342,300342,天银机电,36.810,-0.18,-0.487,36.810,36.820,36.990,37.850,37.980,36.780,16094305,600833700,15:09:00,1222.924,9.986,1564554.250953,1547334.072828,3.82872
sz300343,300343,联创股份,6.130,0.09,1.49,6.120,6.130,6.040,6.030,6.200,6.010,31401104,191573141,15:07:45,166.576,3.343,654913.800827,653239.286504,2.94668
sz300345,300345,华民股份,6.880,-0.4,-5.495,6.870,6.880,7.280,7.170,7.300,6.800,50664667,357651173,15:09:00,-23.889,9.935,399956.812288,330768.952288,10.53826
sz300346,300346,南大光电,57.600,-1.64,-2.768,57.600,57.610,59.240,59.980,60.680,57.580,49936530,2964008850,15:09:00,125.217,11.058,3981063.76128,3812465.8368,7.54458
sz300347,300347,泰格医药,55.320,1.62,3.017,55.320,55.330,53.700,53.690,57.410,52.590,29173221,1618289107,15:08:30,53.192,2.277,4763196.1086,3133739.179992,5.14996
sz300348,300348,长亮科技,9.430,-0.13,-1.36,9.430,9.440,9.560,9.620,9.650,9.420,18190653,173270633,15:09:00,371.26,3.615,766068.979045,688816.399139,2.49033
sz300349,300349,金卡智能,10.580,-0.16,-1.49,10.580,10.590,10.740,10.730,10.910,10.560,7099816,76224412,15:08:45,16.531,0.975,441411.685154,391182.727824,1.92023
sz300350,300350,华鹏飞,4.360,-0.09,-2.022,4.350,4.360,4.450,4.450,4.450,4.360,12018700,52880236,15:09:00,-72.667,2.794,245037.353644,201361.688896,2.60236
sz300351,300351,永贵电器,14.270,-0.19,-1.314,14.260,14.270,14.460,14.670,14.670,14.270,8579600,124230154,15:09:00,89.188,2.281,554977.585251,375896.997966,3.25703
sz300352,300352,ST信源,2.470,-0.06,-2.372,2.470,2.480,2.530,2.540,2.550,2.470,17826300,44641330,15:08:30,-10.596,3.546,358106.549489,315389.618115,1.39608
sz300353,300353,东土科技,19.030,-0.44,-2.26,19.030,19.040,19.470,19.510,19.770,19.020,16018219,311069888,15:08:45,146.385,5.305,1170141.152543,1028686.530641,2.96326
sz300354,300354,东华测试,30.020,-0.75,-2.437,30.010,30.020,30.770,31.090,31.090,30.010,1947958,59543966,15:09:00,30.323,4.687,415237.243402,250481.209222,2.33461
sz300355,300355,蒙草生态,3.080,-0.08,-2.532,3.070,3.080,3.160,3.150,3.180,3.070,49912754,155036216,15:09:00,308.0,1.171,494106.560948,420817.564552,3.65316
sz300357,300357,我武生物,25.820,0.82,3.28,25.820,25.830,25.000,25.170,26.290,24.610,18953303,487363407,15:08:45,35.487,4.936,1351893.888,1253339.47731,3.90456
sz300358,300358,楚天科技,9.140,0.01,0.11,9.140,9.150,9.130,9.070,9.330,8.950,31752835,291826055,15:08:00,21.43,1.173,653594.61812,644245.478468,4.50482
sz300359,300359,全通教育,4.400,-0.13,-2.87,4.400,4.410,4.530,4.480,4.600,4.400,32759750,146753610,15:08:15,-40.0,5.436,278666.70568,278652.74668,5.17285
sz300360,300360,炬华科技,12.150,-0.1,-0.816,12.140,12.150,12.250,12.290,12.400,12.120,5563087,68214010,15:08:15,11.045,1.47,624737.35809,607875.297705,1.11193
sz300363,300363,博腾股份,22.360,0.83,3.855,22.350,22.360,21.530,21.500,22.930,21.210,60280031,1336138364,15:09:00,124.222,2.268,1215136.705536,1108059.361136,12.16416
sz300364,300364,中文在线,24.860,-0.52,-2.049,24.850,24.860,25.380,25.420,26.600,24.850,73716462,1897887938,15:08:30,-26.992,71.746,1811051.293348,1643478.995378,11.15068
sz300365,300365,恒华科技,4.830,-0.05,-1.025,4.820,4.830,4.880,4.890,4.940,4.820,9421900,45899628,15:09:00,-12.711,1.813,289730.191527,247162.990011,1.84121
sz300366,300366,ST创意,5.050,-0.06,-1.174,5.050,5.060,5.110,5.140,5.150,5.030,5821100,29622954,15:07:45,-4.845,2.667,306825.95575,267903.75745,1.09728
sz300368,300368,汇金股份,9.430,-0.33,-3.381,9.430,9.440,9.760,9.800,9.930,9.410,31530413,304575248,15:08:30,-29.414,103.513,498793.696925,498793.696925,5.96102
sz300369,300369,绿盟科技,7.290,-0.34,-4.456,7.290,7.300,7.630,7.520,7.610,7.280,71110689,528491629,15:09:00,-129.255,2.307,590943.355623,588815.383482,8.80407
sz300370,300370,安控科技,2.210,-0.04,-1.778,2.200,2.210,2.250,2.250,2.260,2.200,23711400,52797459,15:09:00,-28.081,8.01,345948.145725,345084.888564,1.51853
sz300371,300371,汇中股份,10.250,-0.18,-1.726,10.220,10.250,10.430,10.440,10.460,10.200,2129900,21992155,15:08:15,30.864,1.75,206247.7284,143495.55355,1.5214
sz300373,300373,扬杰科技,95.550,-1.09,-1.128,95.540,95.550,96.640,98.000,99.870,95.530,14483940,1424813465,15:08:30,41.009,5.239,5191688.104785,5180179.8048,2.67161
sz300374,300374,中铁装配,10.960,-0.22,-1.968,10.960,10.970,11.180,11.130,11.180,10.950,2781100,30748878,15:08:45,-22.367,3.795,269519.921352,269488.257912,1.13106
sz300375,300375,鹏翎股份,3.980,-0.07,-1.728,3.980,3.990,4.050,4.040,4.050,3.970,10442300,41898957,15:09:00,-15.92,1.476,304129.239564,211995.776192,1.96043
sz300376,300376,易事特,4.810,-0.06,-1.232,4.810,4.820,4.870,4.900,4.950,4.810,28005165,136720995,15:09:00,481.0,1.726,1119883.668956,1119496.187381,1.20326
sz300377,300377,赢时胜,14.350,-0.26,-1.78,14.350,14.360,14.610,14.640,14.920,14.330,34730874,509432344,15:09:00,-2050.0,4.479,1077689.4198,1006090.45642,4.95371
sz300378,300378,鼎捷数智,36.600,0,0,36.590,36.600,36.600,36.650,38.180,36.400,16065343,597248324,15:09:00,60.0,4.281,993890.06292,986418.17292,5.96088
sz300380,300380,安硕信息,29.600,-0.4,-1.333,29.600,29.610,30.000,29.930,30.700,29.600,3055128,92343247,15:09:00,134.545,9.935,409779.588,376238.3036,2.40358
sz300381,300381,溢多利,6.160,0.01,0.163,6.160,6.170,6.150,6.130,6.280,6.030,7932500,49040081,15:08:15,-152.854,1.153,295787.098376,294727.155184,1.65795
sz300382,300382,斯莱克,15.070,-0.33,-2.143,15.070,15.080,15.400,15.680,16.120,15.060,28777696,447637029,15:09:00,-150.7,4.292,977138.790958,977045.700554,4.43869
sz300383,300383,光环新网,12.820,-0.6,-4.471,12.810,12.820,13.420,13.620,13.840,12.800,119966718,1611443725,15:09:00,-30.524,1.942,2304514.029854,2300303.711094,6.68596
sz300384,300384,三联虹普,12.230,-0.11,-0.891,12.230,12.240,12.340,12.330,12.580,12.230,3575090,44360410,15:09:00,17.437,1.374,390145.885095,269381.235626,1.6231
sz300385,300385,ST雪浪,12.250,0.87,7.645,12.230,12.250,11.380,11.400,12.980,11.320,12000352,148058551,15:08:15,-17.585,-716.374,408103.7667,369072.23605,3.98308
sz300386,300386,飞天诚信,11.230,-0.32,-2.771,11.230,11.240,11.550,11.510,11.610,11.230,11730099,133718302,15:08:00,1123.0,3.26,469463.412,281600.844319,4.67786
sz300387,300387,富邦科技,7.230,-0.11,-1.499,7.210,7.230,7.340,7.330,7.330,7.200,4565292,33077079,15:08:45,36.15,1.437,208988.224014,208915.654335,1.57992
sz300388,300388,节能国祯,6.770,-0.17,-2.45,6.770,6.790,6.940,6.900,6.940,6.720,7505360,51062650,15:09:00,12.95,0.96,461065.590387,461065.590387,1.10204
sz300389,300389,艾比森,12.220,-0.27,-2.162,12.220,12.230,12.490,12.500,12.590,12.200,4504408,55838175,15:08:15,17.907,2.685,451040.587374,268185.593338,2.05245
sz300390,300390,天华新能,64.210,0.16,0.25,64.200,64.210,64.050,64.030,65.500,63.380,37240774,2397863438,15:09:00,133.771,4.322,5334250.809748,4555795.211426,5.24877
sz300393,300393,中来股份,6.250,-0.23,-3.549,6.240,6.250,6.480,6.570,6.570,6.240,21375515,136366932,15:08:45,-4.96,3.845,681017.09875,597440.65625,2.23615
sz300394,300394,天孚通信,257.160,17.11,7.128,257.150,257.160,240.050,250.100,271.400,250.100,64679462,16858879504,15:09:00,99.068,46.91,28051658.091588,27988987.0938,5.94268
sz300395,300395,菲利华,92.490,-2.5,-2.632,92.490,92.500,94.990,96.600,96.950,92.330,33441361,3165612195,15:09:00,108.646,10.17,4862449.781418,4740514.794504,6.52459
sz300396,300396,ST迪瑞,7.360,-0.15,-1.997,7.360,7.370,7.510,7.510,7.580,7.310,4209400,31350935,15:08:30,-8.178,1.298,200707.318496,200416.296736,1.54584
sz300397,300397,天和防务,11.470,-0.03,-0.261,11.470,11.480,11.500,11.430,12.000,11.380,26377095,306704858,15:09:00,-60.368,4.143,593729.346515,468162.748805,6.4624
sz300398,300398,飞凯材料,35.830,-1.21,-3.267,35.820,35.830,37.040,37.590,37.690,35.800,38024342,1403502557,15:09:00,50.465,4.05,2042429.13475,2033526.730541,6.69975
sz300399,300399,天利科技,17.530,-0.33,-1.848,17.520,17.530,17.860,18.030,18.170,17.530,3136042,56060162,15:09:15,-876.5,6.85,346392.8,346359.010925,1.58722
sz300400,300400,劲拓股份,29.200,-0.75,-2.504,29.190,29.200,29.950,30.100,31.250,29.080,13084625,393151040,15:08:30,83.429,10.054,710491.48,708121.9,5.39555
sz300401,300401,花园生物,15.670,0.07,0.449,15.660,15.670,15.600,15.510,16.060,15.200,36531400,575763794,15:08:15,27.982,2.6,853727.640406,839959.588223,6.81517
sz300402,300402,宝色股份,14.600,-0.29,-1.948,14.600,14.610,14.890,14.820,14.900,14.600,2453900,36285395,15:09:00,65.855,2.373,360314.12562,355683.00562,1.00727
sz300403,300403,汉宇集团,9.480,-0.22,-2.268,9.470,9.480,9.700,9.700,9.740,9.480,9523958,91622521,15:09:00,24.208,2.552,571644.0,415376.450724,2.17362
sz300404,300404,博济医药,14.450,2.41,20.017,14.450,0.000,12.040,11.920,14.450,11.910,61185693,822925499,15:09:00,181.99,5.219,557407.21541,412570.05934,21.42989
sz300405,300405,科隆股份,5.580,-0.08,-1.413,5.580,5.590,5.660,5.690,5.690,5.560,5791120,32578597,15:08:45,-25.917,4.075,158679.950418,122103.434322,2.64648
sz300406,300406,九强生物,12.030,0.14,1.177,12.030,12.040,11.890,11.900,12.180,11.750,8508135,102153574,15:08:15,37.594,1.884,705126.980598,510412.657119,2.0053
sz300407,300407,凯发电气,12.690,0,0,12.690,12.700,12.690,12.700,12.980,12.550,9636825,122795412,15:09:15,57.682,2.336,439631.360028,328764.025314,3.71973
sz300408,300408,三环集团,128.400,0.43,0.336,128.400,128.480,127.970,131.810,136.490,128.060,76098153,10066938477,15:09:15,93.723,11.447,25637866.45164,24008311.82628,4.06984
sz300409,300409,道氏技术,18.920,0.07,0.371,18.910,18.920,18.850,18.830,19.580,18.680,31494416,603723337,15:09:00,27.856,1.832,1480015.019076,1317222.236352,4.52372
sz300410,300410,正业科技,7.740,-0.22,-2.764,7.740,7.750,7.960,8.000,8.050,7.720,15501808,122612625,15:09:00,77.4,10.304,284146.852878,284146.852878,4.22261
sz300411,300411,金盾股份,7.440,-0.15,-1.976,7.440,7.450,7.590,7.580,7.660,7.430,6492700,48849053,15:09:15,283.969,3.136,302450.885208,229981.932,2.10041
sz300412,300412,迦南科技,4.550,0,0,4.550,4.560,4.550,4.550,4.630,4.470,11158930,50823732,15:08:30,75.833,2.172,226479.269835,212995.39443,2.38377
sz300413,300413,芒果超媒,15.700,-0.32,-1.998,15.690,15.700,16.020,16.010,16.440,15.700,23319599,374099749,15:08:45,23.788,1.246,2937031.67955,1604068.93406,2.28243
sz300414,300414,中光防雷,11.280,-0.33,-2.842,11.270,11.280,11.610,11.550,11.600,11.280,13517203,154261258,15:09:00,225.6,3.684,367749.957648,356077.208352,4.28205
sz300415,300415,伊之密,21.070,-0.57,-2.634,21.070,21.080,21.640,21.640,21.740,21.050,5905287,126288793,15:09:15,13.682,2.909,987260.310988,957477.981873,1.2995
sz300416,300416,苏试试验,14.790,-0.16,-1.07,14.780,14.790,14.950,15.050,15.150,14.790,12891061,193703892,15:08:45,29.218,2.665,752142.205074,747079.977051,2.55205
sz300417,300417,南华仪器,10.820,-0.27,-2.435,10.810,10.820,11.090,11.070,11.130,10.800,2634100,28935133,15:08:45,-560.622,3.211,145597.3824,90444.8128,3.1512
sz300418,300418,昆仑万维,42.170,-1.12,-2.587,42.160,42.170,43.290,43.300,45.290,42.150,76745019,3358820274,15:09:15,-32.945,4.425,5418991.393155,4956341.084499,6.52969
sz300419,300419,ST浩丰,9.200,-0.1,-1.075,9.190,9.200,9.300,9.240,9.350,9.130,5996000,55358355,15:09:15,-32.315,10.156,338333.4684,338333.4684,1.63044
sz300420,300420,五洋自控,7.780,-0.28,-3.474,7.770,7.780,8.060,8.230,8.400,7.770,97229230,787971051,15:08:45,194.5,3.652,868546.410458,868461.530658,8.71015
sz300421,300421,力星股份,17.480,-0.37,-2.073,17.480,17.490,17.850,17.860,18.150,17.450,5930109,105912957,15:08:45,74.257,3.977,513965.286032,407915.590856,2.54117
sz300422,300422,博世科,4.670,-0.02,-0.426,4.670,4.680,4.690,4.680,4.720,4.620,9986600,46479152,15:09:15,-3.565,3.76,249322.141663,241319.160328,1.9326
sz300423,300423,昇辉科技,5.830,-0.12,-2.017,5.830,5.840,5.950,5.950,6.000,5.810,7748703,45685237,15:09:15,-17.147,2.52,290049.08207,194353.632616,2.32437
sz300424,300424,航新科技,14.220,-0.23,-1.592,14.220,14.230,14.450,14.450,14.540,14.220,6021481,86606354,15:09:00,-77.367,5.174,364920.512526,364714.490322,2.34774
sz300425,300425,中建环能,4.030,-0.07,-1.707,4.020,4.030,4.100,4.100,4.100,4.010,10799600,43696514,15:08:45,221.429,1.162,274936.615759,274337.567543,1.58645
sz300426,300426,华智数媒,6.970,-0.38,-5.17,6.970,6.980,7.350,7.350,7.450,6.960,57013266,407273975,15:09:15,-7.71,20.404,313916.81857,278800.0,14.25332
sz300427,300427,红相股份,7.000,-0.25,-3.448,7.000,7.010,7.250,7.310,7.320,7.000,26629244,189814973,15:09:15,-185.676,2.962,355964.2086,352103.4216,5.29403
sz300428,300428,立中集团,18.730,-0.35,-1.834,18.720,18.730,19.080,19.080,19.160,18.710,5353400,101262547,15:08:30,13.475,1.414,1284094.248769,1117733.725727,0.89708
sz300429,300429,强力新材,10.500,-0.29,-2.688,10.500,10.510,10.790,10.830,10.930,10.500,15956114,171518783,15:08:15,-44.211,3.508,583167.61545,438628.88265,3.81961
sz300430,300430,*ST益通,4.760,-0.11,-2.259,4.750,4.760,4.870,4.850,4.870,4.730,7598400,36342761,15:09:00,-1.478,1.013,129970.274896,123688.818484,2.92414
sz300432,300432,富临精工,16.110,-0.35,-2.126,16.110,16.120,16.460,16.580,16.680,16.110,29148071,475897216,15:09:15,64.414,5.62,2754423.749862,2726764.540803,1.7221
sz300433,300433,蓝思科技,34.650,-0.6,-1.702,34.640,34.650,35.250,35.620,36.050,34.640,88543018,3146194619,15:09:15,43.861,3.349,18290837.11455,17220010.531185,1.78166
sz300434,300434,金石亚药,12.860,0.94,7.886,12.860,12.870,11.920,11.880,13.510,11.650,49407460,623568815,15:08:45,38.97,1.937,516642.619392,441565.121496,14.38927
sz300435,300435,中泰股份,16.840,-0.35,-2.036,16.840,16.850,17.190,17.280,17.350,16.830,8075955,137870108,15:09:00,14.393,1.876,649540.692,621184.71694,2.18935
sz300436,300436,广生堂,100.650,2.44,2.484,100.650,100.660,98.210,97.770,105.550,96.800,10327546,1049872281,15:09:15,-73.585,63.715,1603022.355,1376121.715485,7.5536
sz300437,300437,清水源,11.130,-0.22,-1.938,11.130,11.140,11.350,11.460,11.510,11.120,5234108,58871951,15:08:30,-71.576,1.974,272911.046961,193384.414461,3.01243
sz300438,300438,鹏辉能源,64.920,-1.42,-2.14,64.920,64.930,66.340,66.820,67.200,64.880,21037822,1390922255,15:09:15,158.341,5.736,3267705.09312,2623834.233096,5.20527
sz300439,300439,美康生物,9.270,0.13,1.422,9.270,9.280,9.140,9.150,9.390,8.980,5237400,48323955,15:09:00,57.938,1.192,356263.541505,270991.811277,1.79159
sz300440,300440,运达科技,19.230,0.19,0.998,19.230,19.240,19.040,19.200,19.870,18.880,12556062,242407454,15:09:15,96.15,5.081,849805.8141,846546.261795,2.85221
sz300441,300441,鲍斯股份,6.810,-0.16,-2.296,6.810,6.820,6.970,6.980,6.990,6.810,5893548,40637258,15:08:30,22.7,1.741,438847.206108,426261.095541,0.94156
sz300442,300442,润泽科技,68.550,0.85,1.256,68.550,68.560,67.700,69.990,71.900,68.510,54378391,3836092267,15:09:00,22.85,7.874,11249342.724915,11216345.496915,3.3234
sz300443,300443,金雷股份,20.870,-0.29,-1.371,20.870,20.880,21.160,21.240,21.300,20.870,3787000,79669307,15:08:30,21.145,1.051,668120.906026,506669.431915,1.55989
sz300444,300444,双杰电气,10.990,-0.4,-3.512,10.980,10.990,11.390,11.330,11.350,10.950,74137600,822181993,15:08:45,47.33,4.203,884277.47891,689558.427201,11.81585
sz300445,300445,康斯特,18.570,-0.33,-1.746,18.560,18.570,18.900,19.000,19.070,18.570,1541200,29051912,15:08:30,37.898,3.003,394482.534141,261005.021289,1.09653
sz300446,300446,航天智造,13.800,-0.18,-1.288,13.800,13.810,13.980,14.030,14.060,13.780,5893895,82065291,15:08:45,13.241,1.928,1166665.95318,515513.03598,1.57776
sz300447,300447,全信股份,13.780,-0.12,-0.863,13.780,13.790,13.900,14.040,14.040,13.780,2718300,37759443,15:09:00,143.691,2.142,430363.69675,277601.97907,1.34935
sz300448,300448,浩云科技,5.780,-0.09,-1.533,5.780,5.790,5.870,5.880,5.950,5.770,13215200,77278405,15:09:00,-111.799,3.211,391026.871662,371403.813856,2.05663
sz300449,300449,汉邦高科,7.370,-0.34,-4.41,7.360,7.370,7.710,7.700,7.750,7.370,15685324,118298244,15:09:00,-36.85,10.226,284508.523893,284508.523893,4.06318
sz300450,300450,先导智能,34.630,-0.76,-2.147,34.620,34.630,35.390,35.450,35.620,34.600,29567102,1040288989,15:09:15,34.287,3.245,5797828.825942,5400251.939069,1.89604
sz300451,300451,创业慧康,3.670,-0.06,-1.609,3.660,3.670,3.730,3.710,3.760,3.650,25445075,94264645,15:09:00,-14.115,1.446,568528.761964,561948.11359,1.66178
sz300452,300452,山河药辅,12.860,0.06,0.469,12.850,12.860,12.800,12.730,13.030,12.580,5490595,70708997,15:09:15,17.147,2.943,301510.78251,255437.777482,2.76424
sz300453,300453,三鑫医疗,10.020,0.54,5.696,10.010,10.020,9.480,9.550,10.090,9.410,34968875,345656896,15:09:15,19.582,3.422,523128.44355,363531.467712,9.63845
sz300454,300454,深信服,118.400,-3.1,-2.551,118.390,118.400,121.500,121.720,125.080,118.350,16948394,2062632499,15:09:15,127.312,4.701,5109659.2112,3409954.78592,5.8848
sz300455,300455,航天智装,19.040,-0.38,-1.957,19.040,19.050,19.420,19.510,19.670,19.030,6111512,118308369,15:09:00,-75.947,8.186,1366630.150144,1345584.891616,0.86478
sz300456,300456,赛微电子,31.570,-1.14,-3.485,31.560,31.570,32.710,33.080,33.080,31.550,23862844,772438791,15:09:15,15.689,3.49,2311596.864038,1886505.63332,3.99336
sz300457,300457,赢合科技,20.560,-0.74,-3.474,20.550,20.560,21.300,21.250,21.290,20.520,14271621,297454440,15:09:00,24.476,1.927,1326488.903968,1305243.861216,2.24804
sz300458,300458,全志科技,34.170,-0.93,-2.65,34.170,34.180,35.100,35.380,35.650,34.100,52894376,1848444054,15:09:15,106.781,10.227,3395258.821533,2782147.454625,6.49642
sz300459,300459,汤姆猫,3.730,-0.06,-1.583,3.720,3.730,3.790,3.780,3.860,3.720,107903830,408969260,15:09:15,-10.971,17.813,1311397.480247,1225581.410904,3.284
sz300460,300460,ST惠伦,8.580,-0.28,-3.16,8.570,8.580,8.860,8.840,8.890,8.580,3034623,26515971,15:09:15,-14.542,5.243,240930.047358,240930.047358,1.08069
sz300461,300461,田中精机,34.020,-0.27,-0.787,34.020,34.040,34.290,34.120,36.550,33.300,10609830,372227356,15:08:45,340.2,9.88,535946.630184,492307.696314,7.33172
sz300462,300462,ST华铭,11.420,0.01,0.088,11.420,11.430,11.410,11.410,11.620,11.310,851400,9721601,15:08:45,-49.652,1.494,206955.453196,157634.875964,0.6168
sz300463,300463,迈克生物,9.480,0.01,0.106,9.480,9.490,9.470,9.420,9.610,9.280,9986660,94700213,15:08:30,-159.865,0.909,573223.959552,466035.793224,2.03146
sz300464,300464,星徽股份,7.340,0.35,5.007,7.330,7.340,6.990,7.120,7.540,7.110,26221000,190861378,15:09:00,692.453,24.097,342997.952642,260674.72345,7.38323
sz300465,300465,高伟达,12.660,-0.22,-1.708,12.660,12.670,12.880,12.960,13.180,12.660,12803300,165300681,15:08:30,195.672,8.406,561786.685962,561786.685962,2.88525
sz300466,300466,赛摩智能,7.370,-0.13,-1.733,7.370,7.380,7.500,7.480,7.550,7.360,4857726,36140876,15:08:45,-91.895,5.694,394685.542196,339418.588762,1.05479
sz300467,300467,迅游科技,35.630,-0.04,-0.112,35.630,35.640,35.670,36.510,37.300,35.610,5328029,192539882,15:09:00,274.077,11.144,724019.048011,611425.814482,3.10484
sz300468,300468,四方精创,21.520,-0.36,-1.645,21.520,21.530,21.880,22.000,22.220,21.520,21399534,467781264,15:08:30,153.714,6.911,1141957.2398,1140107.320344,4.03925
sz300469,300469,信息发展,61.290,-0.51,-0.825,61.280,61.290,61.800,62.010,62.990,61.180,5877278,364322841,15:08:30,-95.766,65.002,1521455.752296,1520698.667571,2.36877
sz300470,300470,中密控股,28.630,-0.8,-2.718,28.630,28.640,29.430,29.430,29.550,28.500,2994900,86919088,15:08:45,15.29,2.003,595317.152031,564969.203155,1.51768
sz300471,300471,厚普股份,9.850,0.11,1.129,9.850,9.860,9.740,9.770,10.080,9.660,10674671,105881749,15:09:00,529.57,2.805,463106.350035,369142.525225,2.84837
sz300472,300472,*ST新元,6.860,-0.16,-2.279,6.860,6.870,7.020,7.020,7.080,6.840,2345500,16335036,15:08:45,-5.318,82.156,188827.414006,181425.478808,0.88687
sz300473,300473,德尔股份,22.300,-0.79,-3.421,22.300,22.310,23.090,23.030,23.140,22.300,3950550,89744959,15:08:00,24.239,2.01,385037.11409,335651.21074,2.62467
sz300474,300474,景嘉微,52.800,-0.81,-1.511,52.790,52.800,53.610,53.610,54.200,52.800,8045270,431824112,15:09:15,-165.0,4.045,2759429.49744,2146212.73152,1.97926
sz300475,300475,香农芯创,157.430,-6.37,-3.889,157.430,157.440,163.800,167.800,169.290,157.000,38630780,6351420746,15:09:15,133.415,15.212,7391996.037881,7086442.103013,8.58208
sz300476,300476,胜宏科技,271.300,-8.09,-2.896,271.280,271.300,279.390,286.000,287.680,271.200,52204672,14553510911,15:09:15,54.152,15.32,26662951.97669,23472738.85785,6.03386
sz300477,300477,ST合纵,2.740,0.11,4.183,2.730,2.740,2.630,2.620,2.770,2.600,40149027,107795560,15:09:15,-3.283,35.401,293733.120238,272753.724152,4.03325
sz300478,300478,杭州高新,29.900,0.17,0.572,29.900,29.910,29.730,29.940,31.130,29.880,4228400,128502252,15:08:45,-138.49,120.711,378752.27,378752.27,3.33804
sz300479,300479,神思电子,14.080,-0.15,-1.054,14.080,14.100,14.230,14.450,14.550,14.080,4698731,67243990,15:09:00,156.444,5.253,277433.53792,277275.13792,2.38601
sz300480,300480,光力科技,34.040,-0.67,-1.93,34.040,34.050,34.710,35.100,35.530,33.980,18799416,655126837,15:08:45,309.455,7.433,1260237.7304,919631.148448,6.95857
sz300481,300481,濮阳惠成,13.910,-0.43,-2.999,13.910,13.920,14.340,14.400,14.430,13.910,8936167,126907365,15:09:15,30.911,1.662,405970.914258,403495.192984,3.08063
sz300482,300482,万孚生物,17.720,0.03,0.17,17.710,17.720,17.690,17.630,17.910,17.350,6615368,116804693,15:08:45,-136.308,1.533,829453.422708,762077.673204,1.53822
sz300483,300483,首华燃气,23.020,-0.08,-0.346,23.020,23.030,23.100,23.080,23.350,22.800,11190666,258271333,15:09:00,37.129,2.417,886518.01748,885896.47748,2.90789
sz300484,300484,蓝海华腾,13.520,-0.63,-4.452,13.520,13.530,14.150,14.150,14.200,13.520,7529000,103718482,15:09:00,54.08,4.044,280085.5928,224908.749,4.52593
sz300485,300485,赛升药业,10.130,0.22,2.22,10.120,10.130,9.910,9.890,10.330,9.740,16865200,171093728,15:09:15,337.667,1.446,487928.0632,277376.805366,6.15929
sz300486,300486,东杰智能,19.850,-0.14,-0.7,19.850,19.860,19.990,19.990,20.760,19.800,10022300,202366583,15:09:00,397.0,5.573,947140.63796,946855.971095,2.10109
sz300487,300487,蓝晓科技,66.580,-0.72,-1.07,66.560,66.580,67.300,67.980,68.870,66.410,6601514,446850173,15:09:15,37.616,7.612,3389825.637076,2050793.305018,2.14321
sz300488,300488,恒锋工具,31.540,-0.81,-2.504,31.540,31.550,32.350,32.570,32.860,31.500,4160000,134235076,15:09:15,31.228,2.756,603110.393738,511747.346606,2.56389
sz300489,300489,光智科技,242.630,-5.37,-2.165,242.620,242.630,248.000,250.000,252.660,239.030,12316376,3034694431,15:09:15,-1006.346,46.786,3376386.550605,3364028.094503,8.88317
sz300490,300490,华自科技,11.800,-0.2,-1.667,11.800,11.810,12.000,11.990,12.080,11.800,13759500,164578968,15:08:45,-18.154,2.114,470431.39532,464037.90516,3.4989
sz300491,300491,通合科技,29.220,0.28,0.968,29.220,29.250,28.940,30.020,30.760,29.090,13341260,397665198,15:08:45,127.043,4.299,519142.240578,460507.687974,8.46526
sz300492,300492,华图山鼎,25.950,-1.17,-4.314,25.950,25.970,27.120,26.980,27.200,25.900,5506360,145553947,15:09:15,21.098,27.96,714418.968795,714418.968795,2.00009
sz300493,300493,润欣科技,12.700,-0.25,-1.931,12.690,12.700,12.950,13.030,13.200,12.670,11184600,145173304,15:08:30,115.455,5.618,650901.72969,643396.34719,2.20773
sz300494,300494,盛天网络,8.700,-0.19,-2.137,8.700,8.710,8.890,8.900,9.050,8.700,12567580,111620139,15:09:00,188.72,2.946,426743.76612,346562.81916,3.15492
sz300496,300496,中科创达,59.810,-1.34,-2.191,59.810,59.820,61.150,61.340,62.200,59.790,14505177,885186683,15:09:00,61.08,2.653,2761529.699974,2210379.6289,3.92491
sz300497,300497,富祥股份,18.250,-0.07,-0.382,18.240,18.250,18.320,18.330,18.650,18.150,32610454,601498135,15:09:15,-182.5,4.159,983034.30455,832679.2158,7.1473
sz300498,300498,温氏股份,13.800,0.16,1.173,13.800,13.810,13.640,13.550,13.840,13.390,57357418,781115567,15:09:00,17.369,2.321,9182422.4409,8205314.35722,0.96466
sz300499,300499,高澜股份,28.310,-0.42,-1.462,28.310,28.320,28.730,29.220,29.600,28.300,17807227,518372431,15:08:45,314.556,6.206,864158.684684,768357.197386,6.56104
sz300500,300500,启迪设计,9.270,-0.24,-2.524,9.270,9.290,9.510,9.560,9.600,9.270,2483121,23261339,15:09:00,-17.408,1.619,161274.703563,155363.304285,1.48159
sz300501,300501,海顺新材,10.310,-0.28,-2.644,10.300,10.310,10.590,10.670,10.770,10.250,3085892,32278783,15:09:15,-79.308,2.061,286806.359576,285816.726389,1.11315
sz300502,300502,新易盛,429.900,1.7,0.397,429.900,429.910,428.200,444.400,452.880,428.270,43971553,19447498380,15:09:15,44.735,29.413,59939094.84516,53919913.36242,3.50582
sz300503,300503,昊志机电,72.310,-1.61,-2.178,72.300,72.310,73.920,74.580,75.290,72.200,17710156,1308584272,15:09:15,185.41,14.05,2228787.882335,1744215.03543,7.34211
sz300504,300504,天邑股份,15.200,0.35,2.357,15.200,15.210,14.850,14.950,15.850,14.700,12977350,198013399,15:08:45,-40.0,1.966,411957.3616,331742.32712,5.94605
sz300505,300505,川金诺,18.730,-0.45,-2.346,18.730,18.740,19.180,19.360,19.370,18.680,11923093,225882781,15:08:45,11.345,1.743,514826.870579,407002.195752,5.48694
sz300506,300506,名家汇,5.070,-0.2,-3.795,5.060,5.070,5.270,5.230,5.350,5.060,38849484,200819227,15:09:15,-50.7,5.289,722777.460483,357789.888846,5.5051
sz300507,300507,苏奥传感,6.490,-0.16,-2.406,6.490,6.500,6.650,6.640,6.700,6.490,7189048,47332891,15:08:45,43.267,2.426,521797.497243,505147.299052,0.92363
sz300508,300508,维宏股份,46.400,-1,-2.11,46.330,46.400,47.400,47.500,48.880,46.270,3150129,150642282,15:08:45,57.22,5.836,505046.9712,380118.69712,3.84527
sz300509,300509,新美星,8.540,-0.19,-2.176,8.530,8.540,8.730,8.740,8.770,8.530,4134115,35756422,15:09:15,20.333,3.694,253125.6,211026.408642,1.67303
sz300510,300510,金冠股份,3.470,-0.07,-1.977,3.460,3.470,3.540,3.520,3.540,3.470,22751718,79737462,15:08:15,-8.787,1.493,286167.6729,286167.6729,2.75882
sz300511,300511,雪榕生物,5.440,-0.01,-0.183,5.440,5.450,5.450,5.430,5.510,5.370,16415025,89494878,15:08:45,108.8,1.954,348620.776704,297028.727904,3.00637
sz300512,300512,中亚股份,7.140,-0.12,-1.653,7.130,7.140,7.260,7.250,7.270,7.120,3256963,23410052,15:09:00,102.0,1.787,292195.48575,233000.099094,0.99806
sz300513,300513,恒实科技,7.300,-0.12,-1.617,7.290,7.300,7.420,7.430,7.580,7.290,6179500,45666915,15:09:15,-3.274,4.245,228994.54315,209623.72013,2.15197
sz300514,300514,友讯达,9.700,-0.19,-1.921,9.700,9.710,9.890,9.920,9.920,9.670,2460803,24089234,15:08:30,27.714,1.904,194000.0,155450.57525,1.53552
sz300515,300515,三德科技,15.840,-0.13,-0.814,15.830,15.840,15.970,15.990,16.350,15.830,4892700,78355796,15:09:00,17.317,3.379,325915.128,320091.1956,2.4212
sz300516,300516,久之洋,31.900,-0.33,-1.024,31.900,31.910,32.230,32.500,33.050,31.900,6124410,197627910,15:09:00,237.705,6.244,803880.0,803880.0,2.43032
sz300517,300517,海波重科,10.160,-0.34,-3.238,10.160,10.180,10.500,10.570,10.570,10.100,3700000,38184339,15:09:15,1016.0,1.947,203624.1292,128252.5756,2.93109
sz300518,300518,新迅达,24.380,-0.77,-3.062,24.380,24.390,25.150,25.250,26.490,24.370,7423182,187790751,15:08:30,-46.0,7.354,486165.422288,486077.929782,3.72321
sz300519,300519,新光药业,14.540,0.31,2.178,14.540,14.550,14.230,14.180,14.820,14.010,6750200,98075799,15:08:45,42.765,2.691,232640.0,165901.4,5.91604
sz300520,300520,科大国创,25.840,-0.98,-3.654,25.830,25.840,26.820,26.870,26.950,25.830,10347200,273457452,15:09:15,-41.016,4.41,754608.150512,729254.30944,3.66637
sz300521,300521,爱司凯,24.820,-0.32,-1.273,24.820,24.830,25.140,25.050,25.600,24.750,2977100,74363174,15:09:15,-239.807,6.972,371629.86,366976.11,2.01353
sz300522,300522,世名科技,14.460,-0.15,-1.027,14.450,14.460,14.610,14.880,14.900,14.430,17853300,261827577,15:08:30,228.436,5.89,466264.879122,381303.032178,6.77043
sz300523,300523,辰安科技,19.640,-0.46,-2.289,19.640,19.660,20.100,20.090,20.250,19.640,1748399,34852617,15:08:45,-20.674,4.721,456900.321032,456886.180232,0.75158
sz300525,300525,博思软件,8.880,-0.01,-0.112,8.880,8.890,8.890,9.040,9.350,8.880,33033702,301414691,15:09:00,38.76,2.669,667452.393264,547575.823608,5.35705
sz300527,300527,ST应急,7.730,-0.14,-1.779,7.730,7.740,7.870,7.830,7.870,7.730,6098402,47490661,15:09:15,386.5,2.717,785963.497556,785963.497556,0.59978
sz300528,300528,幸福蓝海,14.270,-1.1,-7.157,14.270,14.280,15.370,15.020,15.190,14.200,32019384,469715520,15:09:15,-36.759,13.854,531711.693058,531711.693058,8.59332
sz300529,300529,健帆生物,16.370,0.04,0.245,16.360,16.370,16.330,16.410,16.650,16.090,11574505,189648995,15:09:00,23.725,3.915,1307316.835175,838802.196775,2.25887
sz300530,300530,领湃科技,20.170,-0.82,-3.907,20.170,20.180,20.990,21.100,21.100,20.080,8387160,171492532,15:09:15,-28.408,47.706,346825.881018,346825.881018,4.87764
sz300531,300531,优博讯,16.410,-0.53,-3.129,16.400,16.410,16.940,16.950,17.030,16.400,15585377,260616386,15:08:30,63.802,3.663,526890.581565,511349.282658,5.00159
sz300532,300532,今天国际,6.980,-0.11,-1.551,6.980,6.990,7.090,7.120,7.130,6.970,8936037,62965680,15:08:30,13.423,2.406,443676.9294,421997.89398,1.47805
sz300533,300533,冰川网络,15.210,-0.34,-2.186,15.200,15.210,15.550,15.600,15.730,15.200,6520900,100938859,15:08:45,7.383,3.282,499263.318918,351307.327527,2.82325
sz300534,300534,陇神戎发,18.920,3.15,19.975,18.920,0.000,15.770,15.500,18.920,14.680,103021489,1730725301,15:09:15,130.573,7.829,573928.74,571496.846448,34.10634
sz300535,300535,达威股份,15.270,-0.24,-1.547,15.270,15.280,15.510,15.510,15.570,15.200,1954400,30018414,15:09:15,44.767,1.708,163419.330801,123932.917242,2.40805
sz300536,300536,农尚环境,8.880,-0.21,-2.31,8.870,8.880,9.090,9.120,9.210,8.880,7331500,66291448,15:08:30,-11.443,9.246,260439.862104,260420.981448,2.49994
sz300537,300537,广信材料,19.680,-0.6,-2.959,19.670,19.680,20.280,20.450,20.510,19.670,8103600,163257016,15:08:45,288.141,4.497,407788.008672,298667.877744,5.33967
sz300538,300538,同益股份,15.150,-0.03,-0.198,15.130,15.150,15.180,15.280,15.700,15.050,4219000,64962579,15:09:00,-54.107,3.031,275606.638095,185537.767095,3.445
sz300539,300539,横河精密,19.150,-0.65,-3.283,19.150,19.160,19.800,19.800,19.880,19.130,6020500,117582184,15:08:30,87.045,4.302,513412.76773,417255.973855,2.76311
sz300540,300540,蜀道装备,32.400,-0.79,-2.38,32.400,32.410,33.190,33.690,33.850,32.380,15393820,510043333,15:08:00,122.034,6.441,737397.5292,669796.14744,7.44644
sz300541,300541,先进数通,10.660,0.02,0.188,10.650,10.660,10.640,10.630,10.890,10.630,12153468,130957494,15:09:15,38.071,2.626,458427.428472,413627.302062,3.13219
sz300542,300542,新晨科技,12.130,-0.2,-1.622,12.130,12.140,12.330,12.540,12.540,12.130,3491800,43006125,15:09:00,-303.25,6.791,362153.157487,305617.214381,1.3859
sz300543,300543,朗科智能,7.800,-0.16,-2.01,7.790,7.800,7.960,7.980,8.040,7.780,4659212,36717387,15:09:15,259.136,1.69,238969.64052,195155.07024,1.8622
sz300545,300545,联得装备,28.330,-0.52,-1.802,28.330,28.340,28.850,29.130,29.220,28.280,5985500,172473881,15:09:15,46.443,2.412,525412.078208,338710.462855,5.00632
sz300546,300546,雄帝科技,16.070,-0.35,-2.132,16.070,16.080,16.420,16.440,16.540,16.060,4450940,72684802,15:08:45,80.35,2.687,301553.053437,222092.539186,3.22058
sz300547,300547,川环科技,25.700,-0.99,-3.709,25.690,25.700,26.690,27.000,27.350,25.650,9170000,242586705,15:08:15,27.236,4.026,557448.86718,458034.64429,5.14522
sz300548,300548,长芯博创,180.080,-0.9,-0.497,180.060,180.080,180.980,185.000,188.960,180.010,16883609,3124865835,15:09:00,155.241,25.392,5308844.892424,5298107.65844,5.73865
sz300549,300549,优德精密,14.070,-0.2,-1.402,14.070,14.100,14.270,14.310,14.410,14.040,1450900,20605703,15:08:30,234.5,3.401,187609.38,142183.18905,1.43576
sz300550,300550,和仁科技,11.990,-0.07,-0.58,11.990,12.020,12.060,12.050,12.310,11.880,4525200,54731320,15:08:45,66.611,2.83,314809.609059,314517.316839,1.72509
sz300551,300551,古鳌科技,10.220,-0.25,-2.388,10.220,10.230,10.470,10.480,10.750,10.220,7622700,79648384,15:09:00,-13.273,11.342,347544.221458,334536.793108,2.32871
sz300552,300552,万集科技,21.510,-1.04,-4.612,21.500,21.510,22.550,22.300,22.510,21.420,11128883,244728490,15:09:15,-25.318,2.641,458449.323912,296747.068626,8.06688
sz300553,300553,集智股份,44.090,-1.27,-2.8,44.090,44.100,45.360,46.390,49.220,43.870,6032800,275592733,15:08:45,259.353,5.764,489509.432223,375158.335708,7.08997
sz300554,300554,三超新材,20.590,-0.49,-2.324,20.590,20.600,21.080,21.250,21.380,20.520,2158699,45418348,15:09:00,-14.784,4.749,235161.637043,162856.493814,2.72925
sz300555,300555,ST路通,12.730,-0.01,-0.078,12.690,12.730,12.740,12.740,13.000,12.670,996250,12757845,15:09:00,-27.572,6.18,254600.0,252101.563099,0.50306
sz300556,300556,丝路视觉,16.360,-0.26,-1.564,16.350,16.360,16.620,16.560,16.890,16.360,4457100,74070784,15:09:15,-32.72,4.945,198880.9126,177516.692896,4.10768
sz300557,300557,理工光科,26.390,-0.64,-2.368,26.390,26.440,27.030,27.240,27.780,26.390,2988940,80622101,15:08:30,69.447,4.091,414661.427999,412598.827823,1.91174
sz300558,300558,贝达药业,68.470,0.87,1.287,68.460,68.470,67.600,67.450,70.790,66.900,19659255,1357061429,15:08:30,93.795,4.266,2898552.047195,2889715.172055,4.65814
sz300559,300559,佳发教育,11.040,-0.22,-1.954,11.040,11.050,11.260,11.220,11.600,11.000,9100100,103229811,15:08:45,138.0,3.761,441064.081968,343495.063632,2.92479
sz300560,300560,中富通,16.200,-0.67,-3.972,16.190,16.200,16.870,17.020,17.150,16.090,12167150,202740938,15:09:00,-48.839,4.188,372184.66764,302882.9517,6.50772
sz300561,300561,汇金科技,16.840,-1,-5.605,16.840,16.850,17.840,17.740,18.350,16.810,33137408,582932139,15:08:45,-361.373,9.522,552533.8299,405940.954616,13.74668
sz300562,300562,乐心医疗,15.900,0.2,1.274,15.890,15.900,15.700,15.560,16.880,15.450,19173800,310518885,15:08:45,42.175,3.272,347532.16392,265415.96997,11.48625
sz300563,300563,神宇股份,23.380,-0.66,-2.745,23.360,23.380,24.040,24.180,24.430,23.350,2829378,67471834,15:08:45,57.024,3.695,425838.910532,296294.461778,2.23261
sz300564,300564,筑博设计,12.280,-0.23,-1.839,12.270,12.280,12.510,12.520,12.610,12.270,3029600,37689388,15:09:15,81.867,1.596,198095.0656,144997.2052,2.56581
sz300565,300565,科信技术,9.740,-0.18,-1.815,9.730,9.740,9.920,10.000,10.080,9.680,7508300,74294881,15:09:15,-24.974,4.664,243212.292088,222271.81123,3.29015
sz300566,300566,激智科技,26.900,-1.75,-6.108,26.890,26.900,28.650,29.200,29.580,26.880,26948959,757537388,15:09:15,34.487,3.166,705061.43587,609770.35939,11.88852
sz300567,300567,精测电子,224.240,-0.96,-0.426,224.230,224.500,225.200,228.000,238.000,222.430,7722580,1783701516,15:09:15,773.241,15.02,6273042.938344,5091363.0334,3.40127
sz300568,300568,星源材质,14.520,-0.26,-1.759,14.520,14.530,14.780,14.780,14.950,14.450,59816078,876256440,15:09:15,533.824,2.225,2171079.969828,1754831.942688,4.94936
sz300569,300569,天能重工,4.890,-0.06,-1.212,4.880,4.890,4.950,4.950,4.960,4.880,10633141,52285474,15:08:00,44.945,0.955,500113.096152,498607.843149,1.04282
sz300570,300570,太辰光,149.720,-0.04,-0.027,149.710,149.720,149.760,153.000,159.660,149.510,20002608,3086334070,15:09:15,113.424,19.223,3400543.452724,2877510.571656,10.40757
sz300571,300571,平治信息,33.880,-0.92,-2.644,33.870,33.880,34.800,35.900,36.630,33.860,14578598,517094529,15:08:15,-23.528,3.83,472721.860072,391778.7489,12.60719
sz300572,300572,安车检测,20.350,-0.72,-3.417,20.340,20.350,21.070,21.000,21.910,20.300,4914188,102892302,15:09:15,-23.125,2.896,465992.23242,368900.540745,2.71086
sz300573,300573,兴齐眼药,42.070,-0.12,-0.284,42.070,42.080,42.190,42.360,42.980,41.800,8797996,374058195,15:07:45,14.866,6.833,1493139.075218,1144294.012582,3.23459
sz300575,300575,中旗股份,5.640,-0.01,-0.177,5.630,5.640,5.650,5.650,5.740,5.550,14108158,79614474,15:08:45,-13.756,1.391,269922.1938,195310.642824,4.07402
sz300576,300576,容大感光,31.230,-0.98,-3.043,31.220,31.230,32.210,32.650,33.100,31.220,25513733,821791106,15:08:15,97.594,7.242,1260718.788879,808943.785047,9.84981
sz300577,300577,开润股份,18.540,0.26,1.422,18.520,18.540,18.280,18.380,18.870,18.220,5157900,95442899,15:08:30,13.435,2.031,444656.401938,264325.226814,3.6178
sz300578,300578,会畅科技,16.320,-0.27,-1.627,16.320,16.330,16.590,16.970,16.970,16.320,3324350,55250961,15:08:30,-233.143,2.806,323576.21568,323488.69968,1.67713
sz300579,300579,数字认证,22.080,-0.39,-1.736,22.080,22.110,22.470,22.610,22.900,22.080,2927951,65614066,15:08:45,-63.212,7.532,596160.0,575894.37984,1.12259
sz300580,300580,贝斯特,22.030,0.07,0.319,22.020,22.030,21.960,22.100,23.090,21.740,18408435,413076155,15:08:45,39.339,3.294,1106617.044686,1041121.215816,3.8952
sz300581,300581,晨曦航空,10.090,-0.19,-1.848,10.090,10.100,10.280,10.320,10.350,10.090,9685429,98957739,15:09:15,-76.151,6.062,555060.531914,555060.531914,1.76064
sz300582,300582,英飞特,11.480,-0.08,-0.692,11.470,11.480,11.560,11.640,11.820,11.450,6094600,70804940,15:08:30,-6.793,3.898,342719.888224,259807.485868,2.69299
sz300583,300583,赛托生物,12.900,-0.08,-0.616,12.900,12.910,12.980,12.980,13.140,12.810,2778380,36093087,15:08:45,-33.077,1.386,244715.74254,240132.11454,1.49256
sz300584,300584,海辰药业,35.140,0,0,35.140,35.150,35.140,34.700,36.280,34.390,5633259,200054062,15:09:00,100.257,3.939,421680.0,288610.164794,6.85883
sz300585,300585,奥联电子,16.520,0.01,0.061,16.510,16.520,16.510,16.900,17.360,16.480,7530600,127266635,15:09:15,-40.56,4.461,282675.555372,282675.555372,4.401
sz300586,300586,美联新材,9.140,-0.32,-3.383,9.130,9.140,9.460,9.500,9.690,9.130,19387959,182743410,15:08:30,-92.323,3.524,650052.01353,488621.171752,3.62665
sz300587,300587,天铁科技,5.370,0,0,5.360,5.370,5.370,5.370,5.490,5.300,47733658,257629313,15:08:45,-29.833,3.111,697170.343989,565252.918407,4.53478
sz300588,300588,熙菱信息,22.200,-0.26,-1.158,22.190,22.200,22.460,22.770,22.770,22.200,2623491,59052137,15:08:30,-109.36,16.592,425065.6866,392544.9066,1.48369
sz300589,300589,江龙船艇,13.100,-0.24,-1.799,13.100,13.130,13.340,13.400,13.410,13.100,14934404,197987422,15:08:45,-37.665,7.12,494745.07476,324565.15329,6.02778
sz300590,300590,移为通信,11.150,0,0,11.150,11.160,11.150,11.480,12.020,11.130,28735600,330374233,15:08:30,69.688,2.729,515393.73987,398963.271195,8.03086
sz300591,300591,万里马,7.650,-0.35,-4.375,7.640,7.650,8.000,7.980,8.110,7.610,20461000,160491562,15:08:30,-20.52,18.154,310340.439405,268132.291155,5.83767
sz300592,300592,华凯易佰,16.040,-0.51,-3.082,16.030,16.040,16.550,16.890,16.920,16.000,18175900,297718509,15:08:15,42.211,2.62,627531.843716,551593.342896,5.28544
sz300593,300593,新雷能,29.630,0.92,3.204,29.630,29.640,28.710,29.600,30.940,29.120,34685724,1050556420,15:08:45,-82.306,7.007,1607422.963647,1334130.753463,7.70343
sz300594,300594,ST朗进,14.900,-0.38,-2.487,14.900,14.920,15.280,15.300,15.300,14.830,1937380,29093277,15:08:30,-93.125,1.792,136891.4405,135579.38375,2.12916
sz300595,300595,欧普康视,11.750,0.05,0.427,11.740,11.750,11.700,11.680,11.920,11.540,13606215,159756070,15:08:15,21.881,2.079,1051964.719525,785481.343,2.03535
sz300596,300596,利安隆,41.300,0.17,0.413,41.280,41.300,41.130,41.280,41.820,40.580,3738705,153983599,15:09:00,19.098,1.912,948329.22471,948329.22471,1.62822
sz300597,300597,吉大通信,7.680,-0.15,-1.916,7.670,7.680,7.830,7.850,7.880,7.660,3779599,29377465,15:09:15,-24.0,2.235,209333.78304,208448.438784,1.39254
sz300598,300598,诚迈科技,28.930,-0.44,-1.498,28.920,28.930,29.370,29.550,29.800,28.920,4871727,142998788,15:08:15,-60.574,4.444,627728.176713,627595.341725,2.2457
sz300599,300599,雄塑科技,11.500,-0.49,-4.087,11.500,11.510,11.990,12.220,12.330,11.460,12079750,140914747,15:08:45,-50.0,2.107,411851.30205,364243.962,3.81385
sz300600,300600,国瑞科技,10.170,-0.21,-2.023,10.170,10.180,10.380,10.400,10.400,10.150,4456800,45814976,15:09:00,-53.526,2.494,299236.46616,299236.46616,1.51471
sz300601,300601,康泰生物,12.780,0.12,0.948,12.780,12.790,12.660,12.640,13.020,12.430,21920093,280978624,15:09:15,213.0,1.559,1427436.881226,1150707.611376,2.43449
sz300602,300602,飞荣达,37.560,0.14,0.374,37.550,37.560,37.420,37.880,38.940,37.550,19382723,741997357,15:09:15,59.619,5.308,2202682.278036,1506829.454556,4.83144
sz300603,300603,立昂技术,9.500,1.47,18.306,9.490,9.500,8.030,8.080,9.640,8.080,70455423,669213244,15:09:15,-25.676,3.501,441558.31945,355234.6438,18.84181
sz300604,300604,长川科技,281.690,-5.42,-1.888,281.690,281.700,287.110,293.000,301.140,281.000,22375855,6537531036,15:09:15,132.873,35.705,18185404.822786,13788110.993265,4.57137
sz300605,300605,恒锋信息,10.620,-0.28,-2.569,10.620,10.630,10.900,10.900,11.010,10.600,11957729,128959356,15:09:15,-70.8,4.017,175383.06075,134218.6929,9.4615
sz300606,300606,金太阳,37.170,-1.78,-4.57,37.170,37.180,38.950,38.720,39.500,37.100,12876800,492771484,15:08:30,265.5,7.492,514238.869242,437396.064462,10.94273
sz300607,300607,拓斯达,34.390,0.47,1.386,34.390,34.400,33.920,33.920,35.910,33.510,39816186,1391778495,15:09:15,229.267,5.621,1640308.124868,1175208.121912,11.65137
sz300608,300608,思特奇,10.540,-0.17,-1.587,10.530,10.540,10.710,10.700,10.970,10.540,12260500,132129687,15:09:00,-19.519,2.903,366822.684048,320801.825132,4.02821
sz300609,300609,汇纳科技,26.420,0.13,0.494,26.420,26.430,26.290,26.100,27.540,26.100,4735100,127049708,15:09:15,-38.025,3.458,317342.210454,316923.770494,3.94736
sz300610,300610,晨化股份,9.950,-0.15,-1.485,9.950,9.960,10.100,10.120,10.150,9.930,2212610,22147460,15:08:30,32.097,1.782,211026.8436,164749.73986,1.3363
sz300611,300611,美力科技,24.140,-0.26,-1.066,24.130,24.140,24.400,24.220,24.660,24.120,2992200,73046612,15:08:45,34.986,3.958,509534.27752,358003.39372,2.01763
sz300612,300612,宣亚国际,12.260,-0.21,-1.684,12.250,12.260,12.470,12.450,12.890,12.260,10267863,129357502,15:09:15,-30.65,5.238,224340.831096,223145.481096,5.64134
sz300613,300613,富瀚微,75.660,-2.15,-2.763,75.660,75.670,77.810,78.180,78.580,75.620,16607552,1276853144,15:08:45,120.095,6.043,1762084.55358,1662175.326864,7.55954
sz300614,300614,百川畅银,10.540,-0.16,-1.495,10.530,10.540,10.700,10.700,10.750,10.540,2192900,23300552,15:08:30,-4.222,2.341,169104.527312,169104.527312,1.3668
sz300615,300615,欣天科技,17.300,-1.7,-8.947,17.290,17.300,19.000,18.100,18.320,17.180,40428505,717905623,15:09:15,-432.5,7.085,333871.316,264840.96499,26.4088
sz300616,300616,尚品宅配,10.700,-0.39,-3.517,10.690,10.700,11.090,11.120,11.270,10.680,8097900,88647357,15:09:00,-7.81,0.834,240232.0986,166164.83894,5.21455
sz300617,300617,安靠智电,43.840,1.03,2.406,43.830,43.840,42.810,42.810,45.400,42.450,8853425,391111876,15:09:15,97.923,2.401,726462.398976,609041.606016,6.37287
sz300618,300618,寒锐钴业,36.080,-1.31,-3.504,36.080,36.090,37.390,37.000,37.020,36.020,13879926,506852517,15:09:00,44.0,2.008,1117387.104328,983167.942064,5.09361
sz300619,300619,金银河,25.940,-0.49,-1.854,25.930,25.940,26.430,26.710,27.680,25.940,7181913,192704178,15:08:45,234.751,3.715,586761.64567,493981.76233,3.77137
sz300620,300620,光库科技,314.150,5.15,1.667,314.150,314.160,309.000,318.500,330.890,312.220,14486687,4642638346,15:09:15,443.089,35.506,7828006.821175,7769920.486175,5.85719
sz300621,300621,维业股份,7.200,-0.13,-1.774,7.200,7.210,7.330,7.400,7.430,7.200,2608800,18998652,15:09:15,-3.673,2.79,149800.824,145820.88936,1.28811
sz300622,300622,博士眼镜,15.130,-0.51,-3.261,15.120,15.130,15.640,15.640,15.830,15.120,9045052,139960445,15:09:00,23.277,5.097,482640.681712,334065.490315,4.09655
sz300623,300623,捷捷微电,26.690,-0.29,-1.075,26.690,26.700,26.980,27.220,28.620,26.660,24440758,676380921,15:09:00,46.825,3.621,2220821.303811,2048756.13441,3.184
sz300624,300624,万兴科技,54.790,-1.01,-1.81,54.780,54.790,55.800,55.980,57.580,54.720,10771207,606212311,15:09:00,-116.574,10.847,1059289.719196,938186.790464,6.29037
sz300625,300625,三雄极光,9.590,-0.06,-0.622,9.570,9.590,9.650,9.710,9.740,9.540,1455200,14041195,15:09:15,-61.593,1.389,267878.429,155330.914004,0.89843
sz300626,300626,华瑞股份,34.230,-1.46,-4.091,34.220,34.230,35.690,35.300,35.700,34.160,7693900,269739074,15:08:15,570.5,11.577,616140.0,615802.920075,4.27673
sz300627,300627,华测导航,27.630,-0.54,-1.917,27.630,27.640,28.170,28.290,28.310,27.620,8714684,243310626,15:08:45,31.327,5.021,2193740.939106,1816774.333128,1.32535
sz300628,300628,亿联网络,39.480,0.52,1.335,39.480,39.490,38.960,39.120,39.950,38.820,12785177,504810634,15:08:45,19.211,5.01,5001793.752396,2865737.515704,1.76136
sz300629,300629,新劲刚,17.320,-0.52,-2.915,17.310,17.320,17.840,17.800,18.100,17.320,7808000,137432906,15:09:15,54.125,2.455,435465.370368,375712.432084,3.59942
sz300631,300631,久吾高科,21.760,-0.7,-3.117,21.760,21.780,22.460,22.520,22.570,21.710,2278818,50342696,15:08:30,36.194,2.006,272068.378624,264612.656256,1.87395
sz300632,300632,光莆股份,18.990,-0.61,-3.112,18.980,18.990,19.600,19.880,19.950,18.940,16565843,323042579,15:08:45,-454.306,3.346,579539.89638,432185.117067,7.27895
sz300633,300633,开立医疗,20.840,0.08,0.385,20.830,20.840,20.760,20.690,21.140,20.460,4740700,98898504,15:09:00,45.304,2.713,885361.36042,542082.40046,1.82253
sz300634,300634,彩讯股份,20.050,-0.49,-2.386,20.050,20.060,20.540,20.660,21.080,20.020,15820080,326051242,15:08:30,30.846,2.968,904677.8545,870718.3675,3.64288
sz300635,300635,中达安,11.810,-0.27,-2.235,11.810,11.820,12.080,12.090,12.180,11.810,2914600,34975884,15:08:30,-17.228,5.377,165356.534,142221.750212,2.42026
sz300636,300636,同和药业,7.090,0.02,0.283,7.080,7.090,7.070,7.050,7.180,6.940,8315370,59024777,15:08:45,40.747,1.249,297745.609955,260422.986393,2.26385
sz300637,300637,扬帆新材,8.860,-0.17,-1.883,8.860,8.870,9.030,9.210,9.250,8.860,4609100,41563921,15:09:00,136.94,2.968,207988.61518,207797.893934,1.96521
sz300638,300638,广和通,20.670,-0.59,-2.775,20.670,20.680,21.260,22.760,22.990,20.660,34601376,745684496,15:09:15,46.977,2.976,1858782.499548,1096319.612895,6.52374
sz300639,300639,凯普生物,6.270,-0.01,-0.159,6.260,6.270,6.280,6.350,6.450,6.180,30153723,190124674,15:08:30,-29.857,1.065,405355.922598,395136.745542,4.78477
sz300640,300640,德艺文创,6.900,-0.03,-0.433,6.900,6.910,6.930,6.980,7.220,6.890,12784100,90170019,15:08:45,166.265,2.641,214585.46463,157145.01945,5.6133
sz300641,300641,正丹股份,14.810,-0.12,-0.804,14.810,14.820,14.930,14.920,15.110,14.750,6132998,91554785,15:09:00,10.89,2.375,778331.86361,778331.86361,1.16698
sz300642,300642,透景生命,13.730,0.09,0.66,13.720,13.730,13.640,13.600,14.000,13.390,3834000,52813574,15:09:15,624.091,1.568,222799.786893,189069.748983,2.7842
sz300643,300643,万通智控,18.970,-0.48,-2.468,18.970,18.980,19.450,19.380,19.550,18.930,5465425,105161088,15:08:30,27.897,3.344,439310.777038,438395.377791,2.36497
sz300644,300644,南京聚隆,21.390,-0.46,-2.105,21.390,21.430,21.850,21.950,21.970,21.370,1593711,34533697,15:09:15,17.491,2.189,236743.463334,188687.790954,1.80666
sz300645,300645,正元智慧,12.950,-0.28,-2.116,12.950,12.980,13.230,13.200,13.360,12.920,3162400,41478579,15:09:00,143.889,1.749,184027.936925,180419.97498,2.26988
sz300647,300647,超频三,5.550,-0.1,-1.77,5.550,5.560,5.650,5.690,5.790,5.520,11213820,63072011,15:09:15,-17.903,5.777,253813.16832,253436.389365,2.45571
sz300648,300648,星云股份,39.810,-0.89,-2.187,39.800,39.810,40.700,41.010,41.700,39.570,1972638,80415297,15:08:30,-29.935,5.979,693814.2534,540582.446277,1.45271
sz300649,300649,杭州园林,25.020,-0.51,-1.998,25.020,25.030,25.530,25.690,26.600,25.020,5286700,136136473,15:08:45,-80.71,7.5,331306.355718,267981.934176,4.9359
sz300650,300650,太龙股份,11.350,-0.34,-2.908,11.350,11.360,11.690,11.810,11.830,11.350,4587635,53133514,15:09:00,63.056,1.909,273992.03272,193341.962035,2.69314
sz300651,300651,金陵体育,17.500,-0.5,-2.778,17.500,17.510,18.000,18.030,18.030,17.500,4506100,79774307,15:09:15,38.889,2.259,247116.954,180910.21375,4.35889
sz300652,300652,雷迪克,30.100,-0.98,-3.153,30.060,30.100,31.080,31.300,31.300,30.100,1793500,55130979,15:08:30,28.396,2.596,401505.62172,361378.12277,1.49385
sz300653,300653,正海生物,15.170,0.09,0.597,15.160,15.170,15.080,15.090,15.400,14.900,2188875,33306723,15:08:45,32.978,3.02,273060.0,273060.0,1.21604
sz300654,300654,世纪天鸿,10.510,-0.34,-3.134,10.500,10.510,10.850,10.800,11.030,10.470,20397621,219002626,15:09:00,150.143,4.483,384797.219452,370620.687189,5.78432
sz300655,300655,晶瑞电材,13.030,-0.33,-2.47,13.020,13.030,13.360,13.500,13.610,13.030,45886403,613471874,15:09:15,93.071,5.703,1467994.291713,1461304.161998,4.09155
sz300656,300656,民德电子,26.900,-0.48,-1.753,26.890,26.900,27.380,27.870,28.130,26.870,4584600,126717048,15:08:30,-44.976,5.355,460326.44368,357495.32948,3.44972
sz300657,300657,弘信电子,35.500,-0.86,-2.365,35.500,35.510,36.360,37.490,37.800,35.500,29041938,1065508763,15:09:15,114.516,12.047,1711546.0433,1663188.89115,6.19887
sz300658,300658,延江股份,10.790,-0.35,-3.142,10.790,10.800,11.140,11.220,11.220,10.790,6444700,71025304,15:09:00,89.917,2.658,359052.469295,238324.933171,2.91779
sz300659,300659,中孚信息,10.330,-0.22,-2.085,10.320,10.330,10.550,10.540,10.700,10.320,4868300,50979845,15:09:15,-25.825,2.302,268985.326474,196591.861107,2.55807
sz300660,300660,江苏雷利,26.930,-0.36,-1.319,26.920,26.930,27.290,27.330,27.620,26.930,6306296,172131016,15:08:30,40.278,4.372,1565380.339816,1564438.80777,1.08556
sz300661,300661,圣邦股份,118.700,2.68,2.31,118.690,118.700,116.020,118.370,122.590,115.100,15606266,1856543356,15:09:00,133.958,14.881,8137660.76385,7143587.12623,2.59318
sz300662,300662,科锐国际,20.620,-0.63,-2.965,20.620,20.630,21.250,21.450,21.990,20.600,6502903,136683826,15:09:00,12.943,1.727,405814.712258,404636.990648,3.31383
sz300663,300663,科蓝软件,9.320,-0.5,-5.092,9.320,9.330,9.820,9.830,10.010,9.320,48814491,469278895,15:09:15,-11.29,13.915,445917.549192,429081.622524,10.6029
sz300664,300664,鹏鹞环保,4.620,-0.06,-1.282,4.610,4.620,4.680,4.680,4.680,4.610,8971200,41599541,15:08:30,19.718,0.796,347821.473384,335033.107332,1.2371
sz300665,300665,飞鹿股份,9.610,-0.24,-2.437,9.610,9.620,9.850,9.870,10.010,9.600,8237500,80672082,15:08:45,-8.846,5.591,220588.64153,209508.521989,3.77848
sz300666,300666,江丰电子,251.020,-13.03,-4.935,251.020,251.030,264.050,268.890,269.840,250.880,17836007,4654199182,15:09:15,132.815,13.365,6927426.125466,5586844.57793,8.01382
sz300667,300667,必创科技,14.360,-0.41,-2.776,14.360,14.370,14.770,14.870,14.930,14.310,5783601,84423861,15:09:00,-26.593,2.843,293857.352004,254756.556828,3.26007
sz300668,300668,杰恩股份,35.930,-1.28,-3.44,35.930,35.950,37.210,37.000,38.990,35.910,11046319,413396077,15:08:30,299.417,5.547,432529.913889,358200.046166,11.08024
sz300669,300669,沪宁股份,22.820,-0.36,-1.553,22.820,22.830,23.180,23.440,23.800,22.800,1244100,28896264,15:09:00,227.972,4.994,439754.010332,416464.856234,0.6817
sz300670,300670,大烨智能,6.180,-0.04,-0.643,6.180,6.190,6.220,6.230,6.320,6.180,6309388,39318666,15:09:15,-9.404,4.627,195856.856022,138861.031668,2.80799
sz300671,300671,富满微,62.500,-1.42,-2.222,62.490,62.500,63.920,65.560,66.100,62.350,14178991,916576690,15:09:15,-74.405,8.259,1383665.375,1379905.96875,6.42208
sz300672,300672,国科微,166.440,-3.41,-2.008,166.440,166.450,169.850,173.360,175.000,166.400,10403468,1778637426,15:08:45,-154.929,9.37,3613453.211088,3500860.029684,4.94608
sz300673,300673,佩蒂股份,13.400,-0.27,-1.975,13.400,13.410,13.670,13.670,13.850,13.380,2751400,37304194,15:08:45,27.917,1.885,331389.8457,215018.10716,1.71468
sz300674,300674,宇信科技,16.010,-0.2,-1.234,16.000,16.010,16.210,16.290,16.530,16.000,17319651,281718876,15:08:15,25.413,2.436,1127195.35306,1125521.483545,2.46364
sz300675,300675,建科院,12.670,-0.2,-1.554,12.670,12.680,12.870,12.930,12.930,12.600,2202400,28033729,15:09:15,-20.169,3.777,185826.7089,185826.7089,1.50164
sz300676,300676,华大基因,41.940,1.6,3.966,41.940,41.950,40.340,40.300,43.100,39.900,17990472,751603957,15:08:30,-28.315,2.082,1754421.81255,1744854.7743,4.32426
sz300677,300677,英科医疗,49.570,-0.43,-0.86,49.560,49.570,50.000,49.860,50.300,49.100,7288992,361543005,15:08:45,31.373,1.778,3245611.924691,2308044.642314,1.56546
sz300678,300678,中科信息,23.140,-0.44,-1.866,23.140,23.150,23.580,23.580,23.830,23.120,5398935,126737055,15:09:00,479.089,7.969,685837.882002,675526.207434,1.84939
sz300679,300679,电连技术,42.030,-1.18,-2.731,42.030,42.050,43.210,43.390,44.350,42.030,17685146,766736820,15:09:15,65.672,3.568,1785518.46,1510859.819889,4.91976
sz300680,300680,隆盛科技,21.950,-0.26,-1.171,21.940,21.950,22.210,22.340,22.630,21.920,6828839,152412564,15:08:30,20.8,3.11,645579.98416,496872.507365,3.01673
sz300681,300681,英搏尔,21.510,-0.14,-0.647,21.510,21.520,21.650,21.600,22.300,21.510,10175829,223435403,15:08:45,30.296,2.13,658325.03634,496379.520162,4.40957
sz300682,300682,朗新科技,11.540,-0.17,-1.452,11.530,11.540,11.710,11.770,11.810,11.500,12924100,150483354,15:08:30,115.4,1.85,1244284.137434,1190148.261818,1.25316
sz300683,300683,海特生物,29.860,-0.02,-0.067,29.850,29.860,29.880,29.860,31.380,29.210,11455001,347345799,15:08:30,-16.87,1.828,390850.651526,364888.017544,9.37401
sz300684,300684,中石科技,56.130,4.27,8.234,56.130,56.150,51.860,52.610,59.290,51.860,24959510,1389137443,15:09:00,49.393,7.536,1681145.268699,1148280.468501,12.20065
sz300685,300685,艾德生物,19.750,1.07,5.728,19.750,19.760,18.680,18.580,20.000,18.500,21933174,427199331,15:08:30,21.703,3.744,770457.708775,769403.90605,5.63008
sz300686,300686,智动力,15.120,-0.87,-5.441,15.110,15.120,15.990,16.400,16.580,15.050,14723300,231561811,15:09:00,-28.894,5.213,394063.82064,391468.62384,5.6867
sz300687,300687,赛意信息,28.340,0,0,28.330,28.340,28.340,28.840,30.460,28.280,24514002,716885793,15:08:45,-109.0,4.324,1157438.50274,951838.686526,7.29879
sz300688,300688,创业黑马,31.710,-0.34,-1.061,31.710,31.720,32.050,32.150,32.580,31.710,11027006,354084850,15:09:15,-105.7,14.477,530760.280344,470508.090318,7.43168
sz300689,300689,澄天伟业,53.300,-1,-1.842,53.300,53.330,54.300,55.040,55.940,53.150,2186744,119524786,15:08:45,410.0,8.829,616148.0,542295.11492,2.14926
sz300690,300690,双一科技,21.380,-0.43,-1.972,21.380,21.390,21.810,21.810,21.850,21.360,2924355,63259723,15:08:45,22.041,2.182,353515.988822,238558.591604,2.62085
sz300691,300691,联合光电,14.050,0.05,0.357,14.040,14.050,14.000,13.980,14.340,13.980,4224830,59928293,15:09:15,468.333,2.298,378013.51623,310137.0586,1.91396
sz300692,300692,中赋科技,9.970,-0.37,-3.578,9.970,9.980,10.340,10.350,10.690,9.950,60637489,625838213,15:08:15,60.756,1.798,560589.287652,511562.734877,11.81782
sz300693,300693,盛弘股份,45.950,-0.82,-1.753,45.950,45.970,46.770,46.960,47.570,45.940,31411074,1466931483,15:09:00,30.06,6.399,1437296.806685,1238920.455785,11.64997
sz300694,300694,蠡湖股份,10.670,-0.21,-1.93,10.660,10.670,10.880,10.900,10.900,10.670,3351000,36199825,15:09:00,18.719,1.529,231614.091192,231334.003692,1.54561
sz300695,300695,兆丰股份,51.480,-1.45,-2.739,51.480,51.490,52.930,53.000,53.170,51.320,851900,44504384,15:09:15,14.836,1.828,526418.644752,526418.644752,0.8331
sz300696,300696,爱乐达,21.900,-0.95,-4.158,21.900,21.910,22.850,22.830,22.940,21.890,10916149,243912290,15:08:15,115.263,3.374,644405.27277,599802.46038,3.98571
sz300697,300697,电工合金,14.050,-0.26,-1.817,14.050,14.060,14.310,14.240,14.330,14.030,6982338,99253737,15:09:15,36.684,4.635,607859.2,465392.2,2.10794
sz300698,300698,万马科技,26.130,0,0,26.130,26.140,26.130,26.280,26.980,26.020,4766900,126480364,15:08:30,74.657,6.542,350142.0,313248.904059,3.97636
sz300699,300699,光威复材,25.500,-0.5,-1.923,25.490,25.500,26.000,26.130,26.190,25.460,10993849,283943721,15:09:00,34.865,3.652,2119947.6,2094597.79245,1.33841
sz300700,300700,岱勒新材,18.440,-0.62,-3.253,18.430,18.440,19.060,19.120,19.330,18.380,8866416,167357828,15:08:30,-37.864,9.49,732121.149612,655374.485508,2.49471
sz300701,300701,森霸传感,9.680,-0.19,-1.925,9.670,9.680,9.870,9.890,10.000,9.660,3440762,33929617,15:08:45,37.231,2.729,270646.340536,244084.814512,1.36455
sz300702,300702,天宇股份,22.610,0.19,0.847,22.610,22.620,22.420,22.420,22.800,22.010,3377447,76161473,15:09:00,55.146,2.137,786776.356499,475736.989651,1.60517
sz300703,300703,创源股份,13.580,-0.28,-2.02,13.570,13.580,13.860,13.810,13.870,13.550,3873700,52958483,15:09:15,39.941,3.17,244972.11872,225797.997964,2.32973
sz300705,300705,九典制药,11.690,0.33,2.905,11.680,11.690,11.360,11.280,11.860,11.130,17322422,200762236,15:09:00,12.177,2.204,584840.405786,432467.290164,4.68241
sz300706,300706,阿石创,52.570,-1.84,-3.382,52.570,52.580,54.410,55.090,55.460,52.570,10958573,595118076,15:09:15,-146.028,11.701,807140.323843,598407.196093,9.62709
sz300707,300707,威唐工业,12.010,-0.23,-1.879,12.010,12.020,12.240,12.280,12.290,11.980,2859500,34668436,15:09:00,72.568,1.866,208853.913211,172440.206922,1.99157
sz300708,300708,聚灿光电,8.270,0.21,2.605,8.260,8.270,8.060,8.060,8.410,7.940,43580807,357886477,15:08:45,29.536,2.65,780131.597708,590830.561678,6.10011
sz300709,300709,精研科技,38.100,-0.86,-2.207,38.100,38.120,38.960,39.150,39.740,38.010,7468904,289665738,15:08:30,136.071,3.299,711112.80561,570929.11341,4.98425
sz300710,300710,万隆光电,28.780,-0.25,-0.861,28.770,28.780,29.030,29.320,29.500,28.630,2994800,86943208,15:08:45,-97.758,6.607,286333.0834,214641.277414,4.01555
sz300711,300711,广哈通信,17.780,-0.85,-4.563,17.770,17.780,18.630,18.200,18.500,17.760,12253890,221806632,15:09:00,46.242,3.244,498610.997696,441700.883932,4.93262
sz300712,300712,永福股份,21.380,-0.39,-1.791,21.380,21.400,21.770,21.750,21.770,21.360,1326399,28631083,15:09:15,167.162,3.132,400973.42283,399249.23273,0.71029
sz300713,300713,英可瑞,13.050,-0.21,-1.584,13.030,13.070,13.260,13.270,13.320,13.030,1928740,25428880,15:08:30,-21.75,4.675,207287.25705,116676.566955,2.15725
sz300715,300715,凯伦股份,13.930,-0.49,-3.398,13.930,13.940,14.420,14.580,14.790,13.900,9271700,132675960,15:08:45,232.167,3.0,526631.21399,449157.354268,2.87549
sz300716,300716,*ST泉为,17.250,-0.47,-2.652,17.250,17.300,17.720,17.940,17.940,17.200,2049040,35922390,15:09:00,-12.467,-15.464,276034.5,276034.5,1.28049
sz300717,300717,华信新材,18.420,-0.23,-1.233,18.420,18.460,18.650,18.750,18.780,18.300,2436120,45254089,15:09:15,34.111,2.555,189311.55,187613.9628,2.39179
sz300718,300718,长盛轴承,65.220,-1.56,-2.336,65.200,65.220,66.780,66.520,67.330,65.080,9561303,634328118,15:08:00,76.729,10.807,1948636.83366,1282598.838858,4.86191
sz300719,300719,安达维尔,11.590,-0.21,-1.78,11.590,11.600,11.800,11.800,11.840,11.590,2350300,27553792,15:08:45,-517.411,2.918,294649.26685,208150.757988,1.30867
sz300720,300720,海川智能,86.300,1.35,1.589,86.290,86.300,84.950,84.940,89.220,84.510,14124844,1233524443,15:09:00,727.656,28.569,1681790.71928,1589173.25723,7.67049
sz300721,300721,怡达股份,23.090,-0.62,-2.615,23.090,23.100,23.710,23.880,23.980,23.030,7597800,178737189,15:09:00,-34.806,3.412,380631.120351,319454.003721,5.49166
sz300722,300722,新余国科,21.640,-0.37,-1.681,21.630,21.640,22.010,22.010,22.200,21.630,2362400,51523460,15:08:30,72.133,8.871,598901.02272,598901.02272,0.8536
sz300723,300723,一品红,38.490,1.38,3.719,38.490,38.500,37.110,36.690,39.950,36.460,21705432,832597110,15:09:15,-51.471,8.982,1738565.456334,1613457.529542,5.17796
sz300724,300724,捷佳伟创,58.800,-1.81,-2.986,58.790,58.800,60.610,60.660,60.700,58.760,8083419,483536283,15:09:00,7.819,1.506,2047956.99528,1707376.77012,2.78383
sz300725,300725,药石科技,54.790,5.27,10.642,54.790,54.800,49.520,49.080,56.710,48.500,49415514,2614978699,15:09:15,62.261,2.806,1281030.421339,1110704.808608,24.3762
sz300726,300726,宏达电子,54.040,-0.64,-1.17,54.040,54.050,54.680,55.480,56.800,54.000,15493731,859820965,15:08:45,55.477,4.277,2225582.52238,1158825.237892,7.22526
sz300727,300727,润禾材料,27.490,-0.35,-1.257,27.490,27.500,27.840,27.890,28.050,27.470,2416510,67016261,15:08:45,40.426,3.587,495194.831648,445656.958223,1.49061
sz300729,300729,乐歌股份,10.180,-0.16,-1.547,10.170,10.180,10.340,10.340,10.340,10.180,2175360,22287150,15:09:00,13.395,0.948,347762.44629,333989.98537,0.66305
sz300730,300730,科创信息,11.920,0.01,0.084,11.910,11.920,11.910,12.000,12.230,11.880,6923200,83286346,15:09:15,-20.912,18.077,287437.624824,246452.40104,3.3485
sz300731,300731,科创新源,37.870,-0.76,-1.967,37.870,37.900,38.630,39.250,39.880,37.870,5143380,200698927,15:08:30,135.25,10.858,671376.496175,637166.021968,3.05697
sz300732,300732,设研院,6.190,-0.11,-1.746,6.190,6.200,6.300,6.320,6.320,6.190,5425760,33826349,15:08:45,-12.633,0.82,229376.684568,229183.859878,1.46544
sz300733,300733,西菱动力,14.090,-0.47,-3.228,14.080,14.090,14.560,14.570,14.580,14.070,5229358,74969582,15:09:00,43.115,3.215,558812.694242,412019.701096,1.7883
sz300735,300735,光弘科技,20.970,0.22,1.06,20.970,20.980,20.750,20.820,21.720,20.750,17569989,373640781,15:09:15,55.184,3.417,1696715.163657,1588303.128159,2.31973
sz300736,300736,百邦科技,28.890,1.05,3.772,28.880,28.890,27.840,27.840,29.650,27.840,6820013,197993669,15:08:30,-125.609,56.163,369602.262036,360800.99865,5.46091
sz300737,300737,科顺股份,4.970,-0.21,-4.054,4.970,4.980,5.180,5.230,5.230,4.930,24165323,122447546,15:08:45,-10.354,1.378,551797.389549,440927.08331,2.72384
sz300738,300738,奥飞数据,22.180,-0.45,-1.989,22.180,22.190,22.630,22.920,23.440,22.160,80463790,1852520684,15:09:15,162.253,5.958,2185182.647222,2184495.155942,8.16979
sz300739,300739,明阳电路,22.750,-0.62,-2.653,22.750,22.760,23.370,23.600,23.770,22.730,9457232,221019471,15:09:00,94.792,3.064,849610.482175,689269.619675,3.12145
sz300740,300740,水羊股份,22.480,-0.45,-1.962,22.480,22.490,22.930,22.930,23.430,22.420,24024284,554264285,15:09:15,59.158,4.46,988900.547992,919380.176856,5.87424
sz300741,300741,华宝股份,13.340,-0.18,-1.331,13.300,13.340,13.520,13.410,13.520,13.300,1592591,21341727,15:08:45,95.286,1.202,821583.92,821579.4511,0.25859
sz300743,300743,天地数码,14.920,-0.23,-1.518,14.900,14.920,15.150,15.170,15.250,14.870,1843800,27804822,15:09:00,20.722,3.33,225596.849916,190097.056832,1.44713
sz300745,300745,欣锐科技,29.470,-0.14,-0.473,29.450,29.480,29.610,29.760,30.360,29.450,7568411,226380914,15:09:15,-40.37,2.243,496765.53444,419149.004456,5.32128
sz300746,300746,汉嘉数智,14.600,-0.46,-3.054,14.600,14.610,15.060,15.250,15.250,14.600,6352100,94173233,15:08:30,45.898,4.001,329577.95888,326376.357,2.84153
sz300747,300747,锐科激光,35.690,-0.25,-0.696,35.680,35.690,35.940,36.700,36.880,35.600,19356317,703649995,15:09:00,123.838,5.823,2004350.4,1862939.19648,3.70826
sz300748,300748,金力永磁,27.080,-0.6,-2.168,27.070,27.080,27.680,27.800,27.890,27.070,18914346,520820070,15:08:45,52.077,4.911,3742375.022676,3065147.255504,1.67105
sz300749,300749,顶固集创,23.300,-0.54,-2.265,23.230,23.300,23.840,24.200,24.200,22.790,8834160,207429967,15:09:15,582.5,8.681,478044.702,366731.748,5.61271
sz300750,300750,宁德时代,396.300,2.37,0.602,396.300,396.310,393.930,393.040,399.390,391.040,24429304,9665143597,15:09:15,24.554,4.833,183354334.43997,168827010.78297,0.57345
sz300751,300751,迈为股份,173.090,-5.41,-3.031,173.090,173.100,178.500,178.440,181.680,173.000,5791871,1027991815,15:08:45,66.83,5.998,4827510.425368,3338026.023895,3.00332
sz300752,300752,隆利科技,10.110,-0.3,-2.882,10.110,10.120,10.410,10.470,10.520,10.100,5351700,55186501,15:09:00,37.444,2.597,326421.042258,225626.86167,2.39802
sz300753,300753,爱朋医疗,24.880,-0.42,-1.66,24.880,24.890,25.300,25.300,25.900,24.470,20943242,524893382,15:09:15,-130.535,4.73,313607.424,220353.335064,23.64692
sz300755,300755,华致酒行,11.870,0.02,0.169,11.870,11.880,11.850,11.810,12.090,11.760,6094400,72844396,15:08:30,-13.189,1.763,494739.7008,494481.5283,1.46296
sz300756,300756,金马游乐,31.140,-0.45,-1.425,31.130,31.140,31.590,31.300,32.290,30.890,5241580,165706021,15:08:45,61.059,4.634,687065.006844,597875.447466,2.73005
sz300757,300757,罗博特科,507.540,-8.29,-1.607,507.540,507.560,515.830,523.050,534.000,507.500,7475237,3881486010,15:09:15,-1237.902,52.329,8506782.065694,8250915.214938,4.59826
sz300758,300758,七彩化学,10.820,-0.22,-1.993,10.820,10.830,11.040,11.000,11.120,10.820,6230698,68218210,15:09:15,72.133,2.416,431843.113824,389240.731472,1.73199
sz300759,300759,康龙化成,49.800,1.9,3.967,49.790,49.800,47.900,47.810,51.300,47.150,103197891,5158058651,15:09:15,52.737,5.559,9149672.46744,7071759.13092,7.26729
sz300760,300760,迈瑞医疗,153.390,-0.21,-0.137,153.350,153.390,153.600,152.800,155.740,151.200,9170949,1409082615,15:08:30,22.844,4.634,18587791.472109,18570346.642155,0.75752
sz300761,300761,立华股份,18.500,-0.15,-0.804,18.490,18.500,18.650,18.610,18.640,18.320,6886029,127284423,15:09:00,26.68,1.649,1565724.04385,1197329.916,1.06396
sz300762,300762,上海瀚讯,31.680,-0.03,-0.095,31.680,31.690,31.710,32.100,32.800,31.670,21509329,694577838,15:09:15,-166.737,9.065,2060323.775136,1989395.565696,3.42524
sz300763,300763,锦浪科技,64.920,-2.99,-4.403,64.920,64.930,67.910,68.570,68.570,64.800,17905022,1182883747,15:08:30,34.532,2.848,2575322.996808,2087793.337728,5.56757
sz300765,300765,石药创新,41.280,-1.47,-3.439,41.280,41.290,42.750,42.000,45.000,41.180,27860009,1193373955,15:09:15,-238.475,22.5,5798159.672832,5798159.672832,1.98349
sz300766,300766,每日互动,23.880,-0.75,-3.045,23.880,23.890,24.630,25.300,25.540,23.880,39895264,988022549,15:09:00,-265.333,6.019,942662.419716,854753.348244,11.14589
sz300767,300767,震安科技,18.290,-0.15,-0.813,18.290,18.300,18.440,18.320,18.880,18.280,4485824,83352532,15:09:15,-43.056,3.326,505336.290212,438762.155241,1.86994
sz300768,300768,迪普科技,16.540,0.11,0.67,16.530,16.540,16.430,16.370,16.760,16.300,13668444,226240823,15:08:45,57.034,3.014,1064893.230506,695783.274236,3.24923
sz300769,300769,德方纳米,46.660,-0.61,-1.29,46.660,46.670,47.270,47.820,47.940,46.610,10899227,515795504,15:09:15,-15.817,2.506,1307357.34798,1175181.643588,4.32748
sz300770,300770,新媒股份,34.030,-0.35,-1.018,34.030,34.070,34.380,34.500,34.850,33.980,2045220,70222571,15:09:15,11.775,2.088,775334.725173,775334.725173,0.89766
sz300771,300771,智莱科技,11.830,-0.19,-1.581,11.830,11.840,12.020,11.980,12.050,11.800,3415750,40682555,15:09:15,33.8,1.425,283920.0,223678.413959,1.80654
sz300772,300772,运达股份,12.400,-0.14,-1.116,12.390,12.400,12.540,12.550,12.610,12.360,11712662,145972913,15:08:30,28.182,1.448,975691.1542,865249.33528,1.67856
sz300773,300773,拉卡拉,15.550,-0.3,-1.893,15.540,15.550,15.850,15.880,16.030,15.540,32284588,509319021,15:09:15,10.298,3.649,1690799.57749,1599489.683595,3.13866
sz300774,300774,倍杰特,10.840,-0.21,-1.9,10.840,10.860,11.050,11.160,11.170,10.830,8269800,91403126,15:09:00,54.2,3.044,443099.80744,221219.983984,4.05228
sz300775,300775,三角防务,21.560,-0.38,-1.732,21.560,21.570,21.940,22.080,22.390,21.560,9469919,207174751,15:08:45,30.366,2.004,1180525.05494,1146223.172556,1.78125
sz300776,300776,帝尔激光,116.300,-3.21,-2.686,116.300,116.310,119.510,120.110,123.400,116.060,8341368,1002445053,15:09:15,60.89,8.428,3317276.72328,2085401.64195,4.65187
sz300777,300777,中简科技,24.170,-0.41,-1.668,24.170,24.180,24.580,24.580,24.760,24.150,6618800,161636388,15:08:45,33.569,2.316,1062773.116929,1041502.801497,1.53602
sz300778,300778,新城市,10.760,-0.37,-3.324,10.750,10.760,11.130,11.140,11.260,10.700,3644680,40000867,15:09:00,-76.204,1.824,219137.774792,219075.761684,1.7901
sz300779,300779,惠城环保,74.360,0.81,1.101,74.360,74.370,73.550,73.260,76.300,73.260,11829507,882951894,15:09:15,247.867,9.854,2210782.674672,1689252.828692,5.20729
sz300780,300780,德恩精工,20.230,-0.66,-3.159,20.220,20.230,20.890,20.890,21.300,20.220,5424300,112490924,15:08:45,-63.219,2.963,296713.41,217987.903756,5.03393
sz300781,300781,因赛集团,28.780,-0.58,-1.975,28.770,28.780,29.360,29.360,31.210,28.780,10666322,320807586,15:08:45,-52.327,8.584,472496.62852,348649.35254,8.80474
sz300782,300782,卓胜微,78.950,-1.17,-1.46,78.930,78.950,80.120,80.290,82.000,78.530,16125905,1304264315,15:08:45,-144.148,4.671,4539522.25447,3620374.36986,3.5166
sz300783,300783,三只松鼠,18.030,-0.07,-0.387,18.030,18.040,18.100,17.980,18.600,17.920,11544802,210610811,15:09:15,46.231,2.252,724240.5792,505349.1672,4.11899
sz300784,300784,利安科技,40.840,-0.27,-0.657,40.840,40.980,41.110,41.250,41.890,40.840,620700,25664641,15:08:30,42.989,2.817,229674.3584,69137.4234,3.66652
sz300785,300785,值得买,39.380,-0.79,-1.967,39.380,39.390,40.170,40.360,41.790,39.370,15129900,616243109,15:08:45,89.5,3.986,783091.946934,512390.21185,11.62816
sz300786,300786,国林科技,15.540,-0.51,-3.178,15.540,15.550,16.050,16.100,16.200,15.520,7352200,117101551,15:09:00,-141.273,2.557,285960.675966,227983.484526,5.01147
sz300787,300787,海能实业,10.160,0.52,5.394,10.150,10.160,9.640,9.760,10.620,9.580,17931489,183300954,15:09:15,33.631,2.067,318447.94832,199677.189672,9.12392
sz300788,300788,中信出版,26.620,0.83,3.218,26.620,26.640,25.790,25.800,28.740,25.610,10109106,275536408,15:08:30,39.147,2.255,506183.33293,506183.33293,5.31634
sz300789,300789,唐源电气,17.830,-0.52,-2.834,17.830,17.850,18.350,18.400,18.550,17.810,4499933,81884005,15:09:15,97.645,2.418,256482.868631,248869.76709,3.22393
sz300790,300790,宇瞳光学,20.010,1.06,5.594,20.010,20.020,18.950,20.290,21.910,19.490,77269559,1594329917,15:09:15,30.318,3.852,1046112.740973,919203.323976,16.8207
sz300791,300791,仙乐健康,17.130,0.08,0.469,17.130,17.140,17.050,17.050,17.500,16.920,1798252,31036546,15:09:15,38.339,1.895,527990.576136,440953.923192,0.69858
sz300792,300792,壹网壹创,25.000,-0.5,-1.961,24.990,25.000,25.500,25.390,26.110,24.980,7953400,203865315,15:08:15,55.556,2.0,594155.645,535462.8775,3.71333
sz300793,300793,佳禾智能,11.190,-0.11,-0.973,11.190,11.200,11.300,11.320,11.460,11.170,6153100,69708066,15:08:45,-22.837,1.524,425831.898294,416366.836794,1.65367
sz300795,300795,米奥会展,16.630,-0.24,-1.423,16.630,16.640,16.870,17.020,18.480,16.550,48542256,839010791,15:08:45,36.152,7.926,497060.50581,289337.322743,27.90023
sz300796,300796,贝斯美,6.640,-0.15,-2.209,6.640,6.660,6.790,6.790,6.790,6.640,4023660,26948507,15:09:15,83.0,1.397,239798.867008,239798.867008,1.11415
sz300797,300797,钢研纳克,12.890,-0.08,-0.617,12.880,12.890,12.970,12.930,13.090,12.870,2834350,36712684,15:08:30,31.302,3.657,493336.66269,492004.060976,0.74257
sz300798,300798,锦鸡股份,7.620,-0.25,-3.177,7.620,7.630,7.870,7.930,8.020,7.540,26147400,204579788,15:08:45,-101.6,2.284,375781.968018,309146.132532,6.44495
sz300800,300800,力合科技,9.870,-0.11,-1.102,9.870,9.890,9.980,10.010,10.030,9.820,2446900,24350856,15:09:00,54.833,1.135,233681.133,231334.5405,1.04398
sz300801,300801,泰和科技,23.330,-0.47,-1.975,23.320,23.330,23.800,23.900,24.040,23.330,6812800,161525017,15:08:45,67.098,1.971,509597.19,319834.383179,4.96953
sz300802,300802,矩子科技,22.490,-0.43,-1.876,22.480,22.490,22.920,22.840,23.440,22.490,7886768,180894294,15:08:15,70.281,4.206,638891.995495,455106.954055,3.8974
sz300803,300803,指南针,84.180,-0.6,-0.708,84.170,84.180,84.780,84.900,87.110,84.180,21143200,1816706130,15:09:15,221.526,17.913,5133228.34047,5095745.234076,3.49279
sz300804,300804,广康生化,42.650,-0.98,-2.246,42.650,42.680,43.630,43.700,44.750,42.360,1199236,51715408,15:09:00,77.545,2.309,315610.0,117287.5,4.36086
sz300805,300805,电声股份,8.430,-0.23,-2.656,8.430,8.440,8.660,8.650,8.790,8.430,12379900,106541191,15:09:15,105.375,2.292,357804.734136,243080.189736,4.29334
sz300806,300806,斯迪克,48.010,-1.89,-3.788,48.010,48.020,49.900,50.660,51.160,48.000,29689302,1477620382,15:07:45,369.308,13.032,3042546.923915,2192466.831984,6.50128
sz300807,300807,天迈科技,37.700,-0.34,-0.894,37.700,37.710,38.040,38.260,39.200,37.700,1418200,54507980,15:08:45,-91.951,5.718,256509.24299,195813.75853,2.73046
sz300808,300808,久量股份,19.680,-0.31,-1.551,19.680,19.690,19.990,20.100,20.300,19.600,2405498,48054347,15:09:00,-51.451,3.354,314880.0,233994.369504,2.02313
sz300809,300809,华辰装备,25.590,-1.41,-5.222,25.590,25.600,27.000,26.200,26.650,25.550,12663672,329357872,15:09:00,31.988,3.546,648806.8128,385307.360736,8.41052
sz300810,300810,中科海讯,24.180,-0.51,-2.066,24.180,24.190,24.690,24.670,24.870,24.180,1079000,26439490,15:09:00,-63.884,3.704,285444.9,275662.82055,0.94645
sz300811,300811,铂科新材,74.790,0.28,0.376,74.780,74.790,74.510,76.080,79.990,74.000,18341607,1418528815,15:09:00,51.579,9.75,3050159.261175,2503530.766062,5.47934
sz300812,300812,易天股份,19.460,-0.45,-2.26,19.450,19.460,19.910,20.100,20.200,19.460,5154720,102584276,15:08:30,149.692,4.867,381625.85664,346270.609496,2.89689
sz300813,300813,泰林生物,20.250,-0.21,-1.026,20.240,20.250,20.460,20.800,20.800,20.150,1795500,36675753,15:09:15,144.643,3.043,245428.418475,154003.422825,2.36091
sz300814,300814,中富电路,139.500,-2.9,-2.037,139.500,139.510,142.400,144.850,149.500,139.500,10017179,1444398982,15:08:30,871.875,16.306,2670450.3414,2670450.3414,5.23281
sz300815,300815,玉禾田,16.590,-0.07,-0.42,16.590,16.600,16.660,16.700,16.880,16.450,6339694,105739028,15:08:45,11.85,1.406,661264.128,650592.64368,1.61661
sz300816,300816,艾可蓝,52.190,-0.37,-0.704,52.190,52.200,52.560,53.350,56.110,52.030,3078060,166930978,15:09:00,43.236,4.367,417520.0,304608.678146,5.27378
sz300817,300817,双飞集团,15.510,-0.24,-1.524,15.510,15.520,15.750,15.830,15.860,15.510,1733200,27192956,15:09:15,51.7,3.211,338580.57024,195633.179478,1.3741
sz300818,300818,耐普矿机,21.180,-0.21,-0.982,21.180,21.190,21.390,21.400,21.770,21.170,4313825,92629275,15:08:30,45.48,2.603,464698.48743,301029.056796,3.03515
sz300819,300819,聚杰微纤,47.450,-1.65,-3.36,47.450,47.470,49.100,49.130,49.880,47.450,3922700,191958000,15:08:45,124.868,8.033,707977.725,639446.87625,2.91083
sz300820,300820,英杰电气,55.210,-0.85,-1.516,55.210,55.240,56.060,56.580,57.300,55.060,6237348,351053326,15:08:15,54.663,4.753,1226789.045898,617179.549398,5.57964
sz300821,300821,东岳硅材,16.440,-0.49,-2.894,16.440,16.450,16.930,17.010,17.280,16.440,46762031,788063980,15:09:15,-822.0,3.848,1972800.0,1972455.993,3.89752
sz300822,300822,贝仕达克,11.700,-0.26,-2.174,11.690,11.700,11.960,11.980,12.030,11.700,3901619,46262859,15:08:30,297.71,2.905,364497.354,338108.98329,1.35013
sz300823,300823,建科智能,14.630,-0.44,-2.92,14.630,14.650,15.070,15.000,15.100,14.610,2464200,36472009,15:08:45,56.269,1.974,191627.729601,124046.930238,2.90626
sz300824,300824,北鼎股份,7.860,-0.19,-2.36,7.860,7.880,8.050,8.050,8.050,7.850,3655300,29007383,15:09:00,22.457,3.271,256504.562052,250708.966686,1.14598
sz300825,300825,阿尔特,11.040,-0.26,-2.301,11.030,11.040,11.300,11.490,11.930,11.020,23898363,274070794,15:09:15,-21.575,2.689,546348.051024,534874.6416,4.93271
sz300826,300826,测绘股份,14.450,0.42,2.994,14.450,14.470,14.030,14.000,14.740,13.970,7526593,108556333,15:09:15,144.5,2.196,329777.941905,317241.52506,3.42828
sz300827,300827,上能电气,27.000,-0.54,-1.961,27.000,27.010,27.540,28.060,28.600,26.960,26936660,744178906,15:08:15,29.348,3.494,1503067.2633,1178658.7425,6.17049
sz300828,300828,锐新科技,15.630,-1.07,-6.407,15.630,15.640,16.700,16.500,16.500,15.400,17325150,276512482,15:09:00,78.15,3.295,260117.586,132082.759212,20.5017
sz300829,300829,金丹科技,14.800,-0.07,-0.471,14.800,14.810,14.870,14.880,15.190,14.780,3210217,47929957,15:09:15,26.909,1.379,336367.15836,246613.62988,1.92654
sz300830,300830,金现代,8.400,-0.19,-2.212,8.390,8.400,8.590,8.620,8.740,8.380,9264498,79317756,15:08:30,-46.667,2.885,379378.22748,283151.20848,2.74842
sz300831,300831,ST派瑞,15.040,-0.32,-2.083,15.020,15.040,15.360,15.500,15.660,14.890,6712000,103058012,15:08:45,108.828,4.944,481280.0,277464.29696,3.63825
sz300832,300832,新产业,49.640,1.63,3.395,49.640,49.650,48.010,47.690,50.230,47.510,8768260,432979688,15:09:00,24.073,4.111,3900308.04874,3391019.037632,1.28356
sz300833,300833,浩洋股份,38.030,0.83,2.231,38.030,38.040,37.200,36.990,38.470,36.870,856829,32507753,15:09:15,27.959,1.934,481043.3715,309024.253863,1.05445
sz300834,300834,星辉环材,39.090,-0.57,-1.437,39.080,39.090,39.660,39.700,40.800,39.080,1452000,57938335,15:08:30,144.778,2.63,757221.587877,750521.174886,0.75626
sz300835,300835,龙磁科技,155.000,2.05,1.34,155.000,155.080,152.950,154.410,164.360,154.000,3628054,580506509,15:08:45,107.639,14.53,1848336.87,1295419.0565,4.34105
sz300836,300836,佰奥智能,50.470,-1.78,-3.407,50.430,50.470,52.250,52.800,53.170,50.180,3095089,159830601,15:09:00,46.572,7.301,467784.27367,320232.462914,4.87799
sz300837,300837,浙矿股份,23.100,-0.7,-2.941,23.100,23.130,23.800,24.000,24.000,23.090,1415966,33204715,15:09:15,30.395,1.636,231015.62022,174622.74522,1.87311
sz300838,300838,浙江力诺,13.690,-0.08,-0.581,13.690,13.700,13.770,13.830,15.270,13.670,6985899,99880174,15:08:30,-68.45,1.986,188891.882,139374.296375,6.86188
sz300839,300839,博汇股份,10.620,-0.3,-2.747,10.610,10.620,10.920,10.980,11.150,10.610,5923900,64212481,15:08:45,-46.174,3.797,305998.245342,300738.644676,2.09191
sz300840,300840,酷特智能,19.780,-0.23,-1.149,19.780,19.800,20.010,20.070,20.460,19.720,5780800,116003824,15:09:00,131.867,3.696,474720.0,351125.33263,3.25651
sz300841,300841,康华生物,49.100,0.6,1.237,49.050,49.100,48.500,48.480,49.930,47.800,2764876,135408849,15:09:15,29.015,1.79,638039.27409,596880.10416,2.27442
sz300842,300842,帝科股份,61.630,-0.29,-0.468,61.630,61.640,61.920,63.800,65.800,61.520,7838734,501670498,15:08:30,-32.099,5.581,895359.056109,795775.43472,6.07082
sz300843,300843,胜蓝股份,122.760,-2.67,-2.129,122.700,122.760,125.430,129.000,132.000,122.410,9794513,1238166112,15:08:45,180.529,12.336,2009677.775292,1970291.837448,6.10252
sz300844,300844,山水比德,23.520,-0.69,-2.85,23.520,23.530,24.210,24.530,24.650,23.520,956935,22918038,15:09:00,-81.469,2.865,219231.98976,211329.26976,1.06503
sz300845,300845,捷安高科,11.350,0.12,1.069,11.340,11.350,11.230,11.260,11.790,11.180,5586414,64551414,15:08:30,56.75,2.839,233402.6485,168395.18981,3.7653
sz300846,300846,首都在线,20.630,-0.35,-1.668,20.620,20.630,20.980,21.450,21.910,20.600,46907940,1001167885,15:08:30,-60.873,13.599,1040321.730458,858583.732127,11.27101
sz300847,300847,中船汉光,14.290,-0.39,-2.657,14.280,14.290,14.680,14.610,14.690,14.280,7340100,106053609,15:08:30,36.973,2.785,422998.29,422998.29,2.47968
sz300848,300848,美瑞新材,12.730,-0.3,-2.302,12.730,12.740,13.030,13.000,13.020,12.710,2935800,37808548,15:09:00,67.0,3.491,544700.949171,322224.957776,1.15983
sz300849,300849,锦盛新材,22.380,-0.77,-3.326,22.370,22.380,23.150,23.560,23.990,22.360,3374500,76892759,15:09:15,-62.167,6.229,335700.0,246783.953394,3.06022
sz300850,300850,新强联,28.200,-0.76,-2.624,28.200,28.210,28.960,29.150,29.300,28.200,10681748,306408346,15:08:30,13.239,1.633,1167722.0547,867394.99596,3.47276
sz300851,300851,交大思诺,23.670,-0.37,-1.539,23.660,23.670,24.040,24.180,24.190,23.660,899000,21459954,15:08:45,27.523,1.537,205771.3578,134122.568409,1.58656
sz300852,300852,四会富仕,43.850,-1.18,-2.62,43.850,43.860,45.030,46.500,47.290,43.850,8714039,396475686,15:08:30,49.83,3.102,703885.308525,679483.423735,5.62355
sz300853,300853,申昊科技,27.430,-0.4,-1.437,27.430,27.440,27.830,28.190,28.550,27.400,5889100,165361996,15:09:15,-20.78,7.861,403081.3813,269675.513211,5.99009
sz300854,300854,中兰环保,17.740,-0.44,-2.42,17.740,17.760,18.180,18.270,18.480,17.720,6465818,117368590,15:08:30,-20.424,2.762,248034.6484,202202.72863,5.6727
sz300855,300855,图南股份,30.710,-0.37,-1.19,30.690,30.710,31.080,31.150,31.180,30.390,5683092,174569730,15:08:45,78.744,5.775,1214677.2365,899668.299798,1.93991
sz300856,300856,科思股份,11.750,0.76,6.915,11.740,11.750,10.990,11.000,12.280,10.820,20560162,239918061,15:09:00,51.739,2.047,558932.487025,540189.357025,4.47217
sz300857,300857,协创数据,256.000,6.2,2.482,256.000,256.010,249.800,266.990,277.500,255.330,31413486,8330288865,15:09:15,75.74,24.13,12527693.824,12463615.9488,6.45226
sz300858,300858,科拓生物,15.800,0.74,4.914,15.790,15.800,15.060,14.990,16.570,14.850,14400692,229294422,15:08:15,43.889,2.241,416322.28644,309269.44016,7.35705
sz300859,300859,西域旅游,27.540,-0.31,-1.113,27.530,27.540,27.850,27.700,28.250,27.500,2413753,67096773,15:08:45,57.375,5.653,426870.0,426870.0,1.55726
sz300860,300860,锋尚文化,26.930,-0.27,-0.993,26.930,26.940,27.200,27.130,27.910,26.930,2096616,57408102,15:09:00,-299.222,1.623,507497.797039,294659.735937,1.91617
sz300861,300861,美畅股份,17.070,-0.47,-2.68,17.070,17.080,17.540,17.690,17.690,17.070,12990444,225913577,15:09:15,46.973,1.735,1146831.63108,720123.36723,3.07929
sz300862,300862,蓝盾光电,39.410,6.57,20.006,39.410,0.000,32.840,39.410,39.410,39.410,10407455,410157802,15:09:00,-82.104,3.711,727579.151782,598726.600087,6.8505
sz300863,300863,卡倍亿,43.370,0.94,2.215,43.360,43.370,42.430,42.950,45.800,42.500,8811493,388848215,15:08:45,66.723,7.615,1133718.654704,1089108.78447,3.50887
sz300864,300864,南大环境,19.270,-0.37,-1.884,19.250,19.270,19.640,19.880,19.960,19.240,1593325,31106828,15:09:00,20.073,2.188,306593.731736,306593.731736,1.00144
sz300865,300865,大宏立,23.950,0.09,0.377,23.950,24.000,23.860,23.870,24.400,23.800,1615008,38791445,15:09:15,864.621,2.626,229153.6,148828.353625,2.59893
sz300866,300866,安克创新,118.420,-5.87,-4.723,118.420,118.430,124.290,125.000,127.500,118.420,3438582,418208598,15:09:00,24.818,6.236,6963739.233756,3662552.827896,1.11178
sz300867,300867,圣元环保,16.210,-0.38,-2.291,16.210,16.220,16.590,16.550,16.660,16.200,4176901,68555943,15:08:45,17.745,1.094,440492.246913,310628.699462,2.17969
sz300868,300868,杰美特,86.500,-3.08,-3.438,86.370,86.510,89.580,90.130,93.000,86.000,2632357,236392497,15:08:30,-192.094,7.493,1100095.5474,698559.51125,3.25955
sz300869,300869,康泰医学,11.580,-0.02,-0.172,11.570,11.580,11.600,11.610,11.780,11.400,5137463,59545079,15:09:15,-193.0,2.746,465289.091058,305405.032728,1.94796
sz300870,300870,欧陆通,221.670,4.67,2.152,221.670,221.800,217.000,225.000,241.300,221.340,11513200,2667171152,15:08:15,95.547,12.969,3383649.395514,3383276.989914,7.54337
sz300871,300871,回盛生物,23.210,-0.15,-0.642,23.200,23.210,23.360,23.360,23.560,22.870,5923858,137710854,15:08:45,17.387,2.077,468341.492597,468341.492597,2.93574
sz300872,300872,天阳科技,15.780,-0.06,-0.379,15.770,15.780,15.840,16.080,16.470,15.770,15554860,250888332,15:09:00,-54.414,2.074,770255.068974,665981.791554,3.68562
sz300873,300873,海晨股份,16.590,-0.86,-4.928,16.580,16.590,17.450,17.570,17.830,16.520,12304371,210303634,15:08:30,14.312,1.662,534607.98867,388086.550341,5.2599
sz300875,300875,捷强装备,33.700,-1.2,-3.438,33.700,33.710,34.900,34.560,34.780,33.600,6008722,204983236,15:08:15,-29.823,3.96,336443.11087,295857.92453,6.8443
sz300876,300876,蒙泰高新,15.580,-0.09,-0.574,15.570,15.580,15.670,15.910,15.940,15.530,1614680,25412136,15:08:45,-24.75,2.326,236874.509132,176681.568632,1.42384
sz300877,300877,金春股份,24.640,-0.73,-2.877,24.630,24.640,25.370,25.600,25.800,24.640,1066038,26808231,15:09:00,32.853,1.755,295680.0,295677.4128,0.88837
sz300878,300878,维康药业,35.590,0.28,0.793,35.590,35.610,35.310,35.100,37.300,34.030,5703067,204994144,15:09:15,-22.669,5.649,515308.755998,512937.170081,3.95706
sz300879,300879,大叶股份,17.200,-0.43,-2.439,17.200,17.220,17.630,17.540,17.700,17.200,2839051,49519017,15:08:30,-74.783,2.818,348125.99276,345768.93056,1.41226
sz300880,300880,迦南智能,19.750,-0.09,-0.454,19.750,19.760,19.840,19.990,20.200,19.730,2933411,58645468,15:08:45,47.798,3.592,385396.128,385396.128,1.50326
sz300881,300881,盛德鑫泰,32.750,-0.41,-1.236,32.750,32.770,33.160,33.220,33.530,32.750,1646195,54552337,15:09:00,14.524,2.91,360250.0,188005.46875,2.86762
sz300882,300882,万胜智能,14.950,-0.12,-0.796,14.950,14.960,15.070,15.200,15.300,14.930,2336700,35299933,15:09:15,34.767,3.314,427870.77606,398158.90985,0.87738
sz300883,300883,龙利得,6.190,0.04,0.65,6.190,6.200,6.150,6.180,6.280,6.070,10864552,67035479,15:08:30,-272.687,1.518,214174.0,204687.561925,3.28557
sz300884,300884,狄耐克,12.250,0.37,3.114,12.250,12.260,11.880,12.010,12.520,11.600,12467890,150560390,15:08:30,245.0,2.428,310981.9545,235250.8816,6.49229
sz300885,300885,海昌新材,20.840,-0.35,-1.652,20.840,20.860,21.190,21.240,21.430,20.810,3113999,65919607,15:09:00,94.128,5.653,517148.3512,348065.0431,1.86447
sz300886,300886,华业香料,24.390,-0.61,-2.44,24.390,24.400,25.000,25.090,25.090,24.310,2203000,54434572,15:09:15,60.297,3.073,183212.802,115241.16465,4.6625
sz300887,300887,谱尼测试,7.430,-0.14,-1.849,7.420,7.430,7.570,7.520,7.610,7.420,19573814,147037692,15:08:45,-16.485,1.474,405479.925859,270637.17046,5.37374
sz300888,300888,稳健医疗,29.340,-0.01,-0.034,29.330,29.340,29.350,29.360,29.760,29.040,3396189,99895680,15:08:45,22.227,1.456,1710436.702752,1702779.033168,0.58519
sz300889,300889,爱克股份,21.730,-0.7,-3.121,21.720,21.730,22.430,22.440,22.690,21.630,3668758,81243645,15:09:00,-61.022,3.38,478553.44484,323541.672792,2.46404
sz300890,300890,翔丰华,26.410,-0.53,-1.967,26.400,26.410,26.940,26.960,26.990,26.400,3542094,94581791,15:09:15,58.044,1.477,315810.737744,288657.599959,3.24075
sz300891,300891,惠云钛业,7.120,-0.15,-2.063,7.120,7.140,7.270,7.260,7.290,7.120,6072800,43767290,15:08:30,-44.5,2.358,284805.943064,237433.681664,1.82107
sz300892,300892,品渥食品,24.750,0.07,0.284,24.750,24.760,24.680,24.400,25.390,24.130,9502928,236256610,15:09:00,495.0,2.386,247500.0,163244.7927,14.40766
sz300893,300893,松原安全,16.200,-0.31,-1.878,16.200,16.230,16.510,16.470,16.550,16.200,1222376,19994062,15:09:00,20.217,3.625,766262.05092,406423.7289,0.48724
sz300894,300894,火星人,11.650,-0.27,-2.265,11.640,11.650,11.920,11.960,12.110,11.650,7357005,87321252,15:09:15,-15.959,4.868,471829.905815,342602.280815,2.50171
sz300895,300895,铜牛信息,55.360,0.59,1.077,55.360,55.370,54.770,55.700,58.970,55.090,12860160,731773857,15:09:15,-99.712,10.423,779472.437152,768463.719168,9.26444
sz300896,300896,爱美客,103.330,-0.64,-0.616,103.310,103.330,103.970,104.400,106.190,103.010,5852166,612073912,15:09:15,24.143,3.973,3126683.766313,2112595.551558,2.86238
sz300897,300897,山科智能,16.150,-0.02,-0.124,16.150,16.160,16.170,16.140,16.490,16.080,4518705,73427073,15:08:45,124.231,3.232,316291.66791,197443.574045,3.6961
sz300898,300898,熊猫乳品,22.370,0.57,2.615,22.350,22.370,21.800,21.920,23.090,21.660,7908066,177541801,15:09:15,25.68,2.668,277388.0,256681.316876,6.89195
sz300899,300899,上海凯鑫,29.000,-0.2,-0.685,29.000,29.030,29.200,29.140,29.330,28.600,465724,13469942,15:08:30,67.916,2.958,184972.0514,125651.0492,1.07488
sz300900,300900,广联航空,24.280,-0.4,-1.621,24.280,24.290,24.680,24.850,25.450,24.280,15555599,386690105,15:08:45,-69.371,4.11,795704.970952,623473.880452,6.05783
sz300901,300901,中胤时尚,15.790,-0.53,-3.248,15.780,15.790,16.320,16.320,16.550,15.750,3602585,58088448,15:09:00,789.5,3.9,378960.0,378960.0,1.50108
sz300902,300902,国安达,16.810,-1.11,-6.194,16.810,16.830,17.920,17.920,18.070,16.810,9766469,170552755,15:09:15,-4543.243,3.768,305611.463289,212938.721678,7.70993
sz300903,300903,科翔股份,77.400,-2.89,-3.599,77.400,77.410,80.290,80.500,81.180,77.000,32376954,2569741121,15:08:30,-130.128,18.454,3369891.99762,2719679.21856,9.21423
sz300904,300904,威力传动,41.780,-0.95,-2.223,41.770,41.780,42.730,42.610,42.980,41.780,644000,27341607,15:08:45,-31.893,5.176,302417.143296,144488.743296,1.86217
sz300905,300905,宝丽迪,38.600,-1.18,-2.966,38.600,38.620,39.780,39.700,39.940,38.600,4301900,168923484,15:09:00,45.412,3.486,691000.58656,539034.45166,3.08057
sz300906,300906,日月明,27.340,-0.57,-2.042,27.330,27.340,27.910,28.000,28.000,27.310,721100,19905169,15:09:15,38.131,2.335,218720.0,197539.77035,0.99802
sz300907,300907,康平科技,48.620,6.36,15.05,48.620,48.630,42.260,42.670,50.710,42.620,7317466,347534169,15:09:00,97.572,5.789,466752.0,466752.0,7.62236
sz300908,300908,仲景食品,25.080,0.16,0.642,25.070,25.080,24.920,24.730,25.470,24.700,2527453,63649290,15:08:45,19.145,1.977,366168.0,309787.467792,2.04619
sz300909,300909,汇创达,51.650,-0.4,-0.768,51.650,51.690,52.050,52.750,53.390,51.600,3097100,162863259,15:09:00,607.647,4.484,893405.436535,667004.33988,2.39826
sz300910,300910,瑞丰新材,28.260,-0.67,-2.316,28.260,28.270,28.930,29.050,29.070,28.100,4570091,130282372,15:09:15,11.304,2.735,1082477.474802,758148.275556,1.7035
sz300911,300911,亿田智能,22.610,0.71,3.242,22.610,22.620,21.900,22.290,25.360,22.230,21351652,502620810,15:08:15,-23.992,3.825,414537.602773,387407.710025,12.46131
sz300912,300912,凯龙高科,21.040,-0.96,-4.364,21.040,21.050,22.000,21.960,21.980,21.000,7497085,160867454,15:09:00,-22.624,5.352,239613.6192,180889.7694,8.72015
sz300913,300913,兆龙互连,35.680,-0.71,-1.951,35.670,35.680,36.390,36.680,36.930,35.600,8396087,305683135,15:08:15,48.216,4.617,1223043.03616,1019928.21376,2.93719
sz300915,300915,海融科技,20.720,-0.34,-1.614,20.700,20.720,21.060,21.010,21.130,20.600,1061010,22176490,15:09:15,-138.133,1.697,260738.963296,119217.053536,1.84404
sz300916,300916,朗特智能,25.360,-1.04,-3.939,25.360,25.370,26.400,26.420,26.700,25.300,6490350,166822034,15:08:30,35.718,2.681,366817.201752,252062.215248,6.52995
sz300917,300917,特发服务,27.020,-1.21,-4.286,27.010,27.020,28.230,27.940,28.100,27.020,11422831,313250122,15:08:45,36.862,3.718,456638.0,456638.0,6.75907
sz300918,300918,南山智尚,10.550,-0.2,-1.86,10.540,10.550,10.750,10.780,10.870,10.550,4227893,45272772,15:09:00,37.679,1.378,533971.820485,533971.820485,0.83533
sz300919,300919,中伟新材,40.880,-0.68,-1.636,40.880,40.890,41.560,41.400,41.700,40.700,9764948,402864589,15:09:15,24.776,1.799,4269777.874656,3739325.666272,1.06755
sz300920,300920,润阳科技,33.990,-0.29,-0.846,33.990,34.000,34.280,34.200,35.470,33.910,2155080,74973601,15:07:45,125.889,3.749,441870.0,293499.996075,2.49578
sz300921,300921,南凌科技,15.430,-0.23,-1.469,15.430,15.450,15.660,15.840,16.140,15.400,8609104,136503653,15:09:00,128.583,4.768,396158.215463,249788.417673,5.31804
sz300922,300922,天秦装备,18.040,0.33,1.863,18.040,18.050,17.710,17.830,18.530,17.580,8461029,153738558,15:09:00,66.593,2.913,290177.69352,227684.611528,6.70388
sz300923,300923,研奥股份,23.400,-0.44,-1.846,23.400,23.460,23.840,23.840,24.280,23.400,1171716,27978280,15:08:30,53.182,1.606,183924.0,178603.425,1.53514
sz300925,300925,法本信息,15.050,-0.28,-1.826,15.040,15.050,15.330,15.320,15.570,15.030,7820270,119577870,15:08:30,60.2,2.873,645206.962225,526015.781235,2.23748
sz300926,300926,博俊科技,17.880,-0.38,-2.081,17.880,17.900,18.260,18.270,18.280,17.870,3178299,57365498,15:08:45,9.076,2.147,776575.21878,532811.46612,1.06657
sz300927,300927,江天化学,22.080,-0.46,-2.041,22.080,22.090,22.540,22.540,22.760,22.080,2672370,59504112,15:09:00,163.434,3.239,318746.88,310995.026976,1.89733
sz300928,300928,华安鑫创,25.100,-0.59,-2.297,25.050,25.100,25.690,25.870,25.930,25.030,1186500,30231095,15:09:15,-16.513,1.983,200800.0,125968.30325,2.36418
sz300929,300929,华骐环保,14.020,0.04,0.286,14.000,14.020,13.980,13.950,14.330,13.860,3656960,51550490,15:08:30,-46.733,2.413,185250.404312,175764.465302,2.917
sz300930,300930,屹通新材,24.890,-0.67,-2.621,24.880,24.890,25.560,26.000,26.000,24.860,1163446,29456463,15:08:45,44.446,2.631,248900.0,117294.127489,2.46885
sz300931,300931,通用电梯,13.870,1.77,14.628,13.860,13.870,12.100,12.280,14.490,12.100,12761544,173240121,15:09:15,-61.535,5.713,337278.177,271160.445961,6.5276
sz300932,300932,三友联众,10.200,-0.08,-0.778,10.190,10.200,10.280,10.400,10.480,10.120,11662631,120157952,15:09:15,44.348,2.569,457108.50894,325575.14334,3.65381
sz300933,300933,中辰股份,6.650,-0.11,-1.627,6.640,6.650,6.760,6.760,6.900,6.650,13225577,89533351,15:08:15,-221.667,1.713,363815.15191,363815.15191,2.41744
sz300935,300935,盈建科,35.180,0.18,0.514,35.180,35.270,35.000,35.020,36.480,34.900,6258595,222682687,15:08:00,-35.535,3.802,279437.13224,211992.85064,10.38608
sz300936,300936,中英科技,77.400,-4.19,-5.135,77.400,77.420,81.590,82.840,83.720,77.000,4167135,335544409,15:09:00,2734.982,5.774,582048.0,367040.088,8.78749
sz300937,300937,药易购,31.700,5.28,19.985,31.700,0.000,26.420,26.000,31.700,25.710,19087749,553077433,15:09:15,-236.039,3.707,303263.38194,205619.45694,29.42726
sz300938,300938,信测标准,28.530,-0.57,-1.959,28.530,28.540,29.100,29.610,30.180,28.350,14598469,428608994,15:09:00,33.365,5.069,972479.380149,844060.346712,4.93441
sz300939,300939,秋田微,65.380,0.4,0.616,65.230,65.380,64.980,65.970,67.650,65.070,3458869,230065193,15:08:45,97.582,5.421,784560.0,784560.0,2.88239
sz300940,300940,南极光,14.030,-0.28,-1.957,14.020,14.030,14.310,14.320,14.490,14.030,3888300,55488329,15:09:15,35.287,2.661,312370.053916,220943.629066,2.46908
sz300941,300941,创识科技,14.660,-0.35,-2.332,14.660,14.670,15.010,14.950,15.170,14.660,6388360,95380041,15:08:45,91.625,2.323,300163.5,181459.518492,5.16112
sz300942,300942,易瑞生物,6.890,0.15,2.226,6.890,6.900,6.740,6.750,7.050,6.660,9551967,65862422,15:08:30,229.667,3.354,279098.669655,279098.669655,2.35806
sz300943,300943,春晖智控,28.300,0.13,0.461,28.300,28.310,28.170,30.310,32.150,28.290,19613517,580511485,15:08:45,97.586,5.646,576810.6,380183.01221,14.59988
sz300945,300945,曼卡龙,11.990,-0.53,-4.233,11.980,11.990,12.520,12.450,12.670,11.970,13966198,170779160,15:09:00,27.25,1.811,314223.883171,286205.852603,5.85085
sz300946,300946,恒而达,41.000,-0.74,-1.773,41.000,41.040,41.740,41.750,42.400,41.000,950798,39514547,15:09:15,170.833,5.353,639631.98,310797.63,1.25428
sz300947,300947,德必集团,14.330,-0.22,-1.512,14.330,14.340,14.550,14.480,14.600,14.260,2670596,38437162,15:08:30,-37.711,1.827,216580.318368,216498.419552,1.76766
sz300948,300948,冠中生态,20.740,-1.09,-4.993,20.720,20.740,21.830,22.040,22.260,20.600,5135861,109838416,15:08:45,-58.063,3.567,340918.207026,321786.724688,3.3102
sz300949,300949,奥雅股份,22.040,-0.37,-1.651,22.030,22.060,22.410,22.530,22.640,22.000,860570,19193070,15:09:00,-10.299,3.405,191748.0,109619.336364,1.73026
sz300950,300950,德固特,16.770,-0.35,-2.044,16.770,16.790,17.120,17.270,17.270,16.770,1430700,24286954,15:09:15,27.492,3.109,257660.988,164427.376425,1.45918
sz300951,300951,博硕科技,70.590,-0.91,-1.273,70.590,70.660,71.500,71.110,73.170,69.450,4384860,310226229,15:08:30,82.081,5.183,1195798.814223,1068665.235963,2.89639
sz300952,300952,恒辉安防,17.110,-0.27,-1.554,17.110,17.120,17.380,17.500,17.630,17.110,3443684,59809477,15:08:45,26.734,2.437,413414.393344,254217.342975,2.31776
sz300953,300953,震裕科技,104.360,0.26,0.25,104.360,104.370,104.100,106.500,107.180,104.280,8446789,893080032,15:09:15,34.329,5.37,2541569.330528,1826823.448888,4.82535
sz300955,300955,嘉亨家化,31.470,-0.24,-0.757,31.410,31.470,31.710,31.870,32.340,31.310,1329600,42243497,15:09:15,-85.054,3.664,317217.6,317217.6,1.31905
sz300956,300956,英力股份,11.500,0.26,2.313,11.500,11.510,11.240,11.360,12.170,11.200,14631284,170528941,15:09:15,191.667,1.84,247741.809,242020.25425,6.9523
sz300957,300957,贝泰妮,33.420,-0.48,-1.416,33.420,33.430,33.900,33.800,34.340,33.360,7757828,262585529,15:08:30,27.85,2.262,1415671.2,1415671.2,1.8314
sz300958,300958,建工修复,11.530,-0.32,-2.7,11.530,11.540,11.850,11.780,11.850,11.520,2714900,31658797,15:09:00,-21.352,1.495,180717.275587,104979.989331,2.98179
sz300959,300959,线上线下,100.600,-0.95,-0.935,100.530,100.600,101.550,102.120,113.300,100.600,6114112,650375679,15:09:15,-718.571,7.316,808500.068,526599.17052,11.68022
sz300960,300960,通业科技,16.130,-0.31,-1.886,16.130,16.140,16.440,16.550,16.550,16.130,976700,15896315,15:08:30,43.595,3.687,234119.5302,212237.5722,0.74229
sz300961,300961,深水海纳,11.770,-0.15,-1.258,11.770,11.780,11.920,11.890,12.150,11.720,4882400,58254727,15:08:45,-11.77,3.773,208658.56,178818.003672,3.21365
sz300962,300962,中金辐照,13.230,0,0,13.220,13.230,13.230,13.240,13.400,13.090,2259515,30022626,15:09:00,29.459,3.32,349274.509731,349274.509731,0.85587
sz300963,300963,中洲特材,11.910,-0.24,-1.975,11.910,11.920,12.150,12.110,12.270,11.910,8013991,96868660,15:09:15,99.25,4.865,546240.24,405648.145971,2.35294
sz300964,300964,本川智能,56.950,-0.91,-1.573,56.940,56.950,57.860,58.850,59.290,56.860,4415191,256990328,15:08:00,138.666,5.963,608565.404915,446566.346115,5.63063
sz300965,300965,恒宇信通,43.700,-0.97,-2.171,43.700,43.770,44.670,44.880,44.880,43.700,628249,27812217,15:08:45,72.7,2.118,262200.0,240322.6875,1.1424
sz300966,300966,共同药业,26.710,-0.47,-1.729,26.710,26.740,27.180,27.270,27.490,26.710,2291691,62209548,15:09:00,-41.734,4.2,307915.852823,204776.672899,2.98916
sz300967,300967,晓鸣股份,16.200,-0.14,-0.857,16.190,16.200,16.340,16.340,16.520,16.100,4337295,70697811,15:09:15,35.217,4.352,303871.39794,202170.68316,3.47549
sz300968,300968,格林精密,10.800,-0.06,-0.552,10.800,10.810,10.860,10.890,11.100,10.800,12320451,134960954,15:09:15,-216.0,2.502,446450.4,446450.4,2.98042
sz300969,300969,恒帅股份,77.560,-1.28,-1.624,77.560,77.570,78.840,78.830,81.200,77.500,2441620,193942584,15:08:45,52.054,8.762,1272913.603136,607103.219044,3.11927
sz300970,300970,华绿生物,17.290,-0.33,-1.873,17.280,17.290,17.620,17.680,17.690,17.250,3386830,59272470,15:09:00,18.591,1.572,274371.29265,211768.979877,2.7652
sz300971,300971,博亚精工,18.830,-0.39,-2.029,18.830,18.840,19.220,19.210,19.320,18.830,1711740,32628320,15:09:15,22.687,2.045,221440.8,173711.941431,1.85549
sz300972,300972,万辰集团,198.720,-3.48,-1.721,198.720,198.730,202.200,201.740,202.510,198.020,1970718,393862592,15:08:30,27.211,19.448,3921412.663296,3602814.76368,1.08699
sz300973,300973,立高食品,25.670,-0.42,-1.61,25.670,25.680,26.090,26.000,26.250,25.650,2786518,72251554,15:08:45,14.045,1.721,434697.438282,304353.182188,2.35023
sz300975,300975,商络电子,26.680,-0.73,-2.663,26.680,26.690,27.410,27.910,28.330,26.680,56506151,1568331768,15:09:15,60.199,6.903,1832930.951472,1319395.005152,11.42633
sz300976,300976,达瑞电子,56.270,-1.34,-2.326,56.260,56.270,57.610,58.180,58.830,56.200,4226821,243877938,15:09:15,26.294,2.872,1052991.454515,677298.823641,3.51164
sz300977,300977,深圳瑞捷,15.850,-0.34,-2.1,15.840,15.850,16.190,16.230,16.380,15.850,1236625,19909207,15:08:30,79.25,1.745,241279.362295,150261.301555,1.30443
sz300978,300978,东箭科技,8.650,-0.07,-0.803,8.630,8.650,8.720,8.690,8.750,8.620,2973316,25826190,15:08:45,25.441,2.19,365637.869235,248332.174435,1.03568
sz300979,300979,华利集团,34.850,-1.88,-5.118,34.850,34.940,36.730,36.520,36.520,34.710,5427263,190618566,15:08:30,12.673,2.481,4066995.0,4066968.33975,0.46506
sz300980,300980,祥源新材,22.310,-0.5,-2.192,22.310,22.330,22.810,22.940,23.030,22.310,3257023,74020215,15:09:15,60.297,2.164,308023.456738,223119.405238,3.25674
sz300981,300981,中红医疗,15.650,0.37,2.421,15.650,15.660,15.280,15.100,16.350,15.010,29901036,469572589,15:09:15,-60.192,1.276,671173.660835,615040.898135,7.60846
sz300982,300982,苏文电能,15.580,-0.39,-2.442,15.580,15.590,15.970,15.980,16.040,15.560,2816588,44421012,15:08:45,-103.867,1.132,322451.697468,302091.753468,1.45262
sz300983,300983,尤安设计,38.380,-4.62,-10.744,38.350,38.380,43.000,43.580,43.750,36.970,3776707,151751278,15:09:00,-77.504,2.398,663206.4,586485.693444,2.4715
sz300984,300984,金沃股份,33.850,-0.5,-1.456,33.850,33.870,34.350,34.200,34.990,33.820,2753040,94704608,15:09:15,84.625,6.042,651452.30149,419839.847345,2.21967
sz300985,300985,致远新能,35.550,0.03,0.084,35.540,35.550,35.520,35.350,36.830,35.350,4198988,151599462,15:08:30,-154.565,7.501,663051.8664,663051.8664,2.25132
sz300986,300986,志特新材,14.430,0.79,5.792,14.430,14.440,13.640,13.620,14.430,13.460,98826263,1377488014,15:09:15,33.558,3.726,830768.059563,830182.392039,17.17771
sz300987,300987,川网传媒,13.570,-0.22,-1.595,13.560,13.570,13.790,13.770,14.100,13.570,4191700,57970574,15:09:00,113.083,2.916,235260.376,235260.376,2.4178
sz300988,300988,津荣天宇,14.700,-0.37,-2.455,14.700,14.720,15.070,15.070,15.150,14.690,2993200,44671780,15:09:15,22.615,2.214,289528.40553,238289.32995,1.8465
sz300989,300989,蕾奥规划,14.040,0.84,6.364,14.040,14.050,13.200,13.280,14.500,13.070,11237337,157192627,15:08:45,156.0,3.058,295623.806868,228703.585968,6.89855
sz300990,300990,同飞股份,73.150,-0.73,-0.988,73.150,73.170,73.880,74.860,77.250,73.080,5744233,433891226,15:08:45,49.094,5.846,1252449.35585,607021.310665,6.92217
sz300991,300991,创益通,28.510,-0.85,-2.895,28.510,28.550,29.360,29.100,30.080,28.500,2576898,75747361,15:09:00,-1425.5,6.544,410544.0,299658.6315,2.4517
sz300992,300992,泰福泵业,24.690,-0.79,-3.1,24.660,24.690,25.480,25.480,25.790,24.660,1639527,41297679,15:09:15,123.45,2.723,235296.978942,192552.416442,2.10228
sz300993,300993,玉马科技,10.020,-0.05,-0.497,10.010,10.030,10.070,10.080,10.130,10.000,2230901,22453346,15:08:30,20.875,1.934,308747.4624,242339.054688,0.92241
sz300994,300994,久祺股份,11.210,-0.24,-2.096,11.210,11.230,11.450,11.450,11.500,11.210,1558200,17663942,15:08:45,17.516,2.12,261291.648,132740.03136,1.31591
sz300995,300995,奇德新材,26.460,-0.52,-1.927,26.440,26.460,26.980,27.300,27.300,26.450,921500,24724934,15:09:00,112.644,3.819,243725.571054,160690.897332,1.51738
sz300996,300996,普联软件,17.700,-2.08,-10.516,17.700,17.710,19.780,19.450,20.800,17.500,109499944,2084862401,15:09:15,67.3,5.296,700549.71954,589661.87808,32.86882
sz300997,300997,欢乐家,18.570,0.04,0.216,18.570,18.580,18.530,18.220,19.020,18.000,25394445,469981324,15:08:45,175.852,7.487,807745.743075,732756.131379,6.43563
sz300998,300998,宁波方正,25.830,-0.26,-0.997,25.830,25.840,26.090,26.350,26.400,25.750,3717400,96828942,15:08:45,128.635,2.75,354308.12109,278138.93814,3.45225
sz300999,300999,金龙鱼,25.280,-0.66,-2.544,25.280,25.290,25.940,25.510,25.560,25.180,13135988,333397327,15:09:00,43.586,1.406,13705783.403008,1371811.861216,2.42072
sz301000,301000,肇民科技,25.800,-0.35,-1.338,25.790,25.800,26.150,26.330,26.530,25.800,4154639,108817947,15:09:15,41.613,4.769,627509.24088,592400.60088,1.80941
sz301001,301001,凯淳股份,23.920,-0.46,-1.887,23.920,23.970,24.380,24.440,24.790,23.920,1229500,29922533,15:08:30,-170.857,2.489,191360.0,121752.8,2.41552
sz301002,301002,崧盛股份,29.180,-0.24,-0.816,29.160,29.180,29.420,29.850,30.440,29.100,5017598,149558973,15:08:45,-972.667,3.59,393745.226404,247984.555068,5.90414
sz301003,301003,江苏博云,51.800,-0.82,-1.558,51.800,51.820,52.620,52.000,53.150,51.700,1757800,92454518,15:09:00,49.333,4.383,503150.61314,389227.03372,2.33936
sz301004,301004,嘉益股份,34.400,-0.88,-2.494,34.400,34.410,35.280,35.050,35.500,34.400,618220,21506330,15:09:15,11.391,2.793,501573.54128,468209.37,0.45421
sz301005,301005,超捷股份,83.230,0.78,0.946,83.230,83.240,82.450,83.510,85.000,82.500,12216885,1024259547,15:08:30,693.583,20.012,1564436.149045,1532564.7603,6.6347
sz301006,301006,迈拓股份,13.450,-0.19,-1.393,13.430,13.450,13.640,13.640,13.740,13.410,1193500,16212344,15:08:45,20.054,1.421,187331.6,115987.75625,1.38399
sz301007,301007,德迈仕,28.700,-0.77,-2.613,28.690,28.700,29.470,29.470,29.560,28.640,4173975,121139786,15:09:00,84.412,6.687,440085.8,434303.10875,2.75828
sz301008,301008,宏昌科技,41.210,-3.47,-7.766,41.210,41.220,44.680,43.630,45.160,40.010,20102217,853266192,15:09:15,152.63,3.576,539699.487314,476555.464814,17.38334
sz301009,301009,可靠股份,9.170,-0.06,-0.65,9.170,9.190,9.230,9.230,9.310,9.110,3029400,27889046,15:08:30,65.5,1.856,249295.62,138499.120676,2.00576
sz301010,301010,晶雪节能,17.250,-0.3,-1.709,17.250,17.260,17.550,17.570,17.770,17.250,1743100,30412689,15:08:45,223.446,2.248,186300.0,186300.0,1.61398
sz301011,301011,华立科技,15.070,-0.37,-2.396,15.050,15.070,15.440,15.500,15.500,15.050,1593500,24285118,15:09:00,32.064,2.448,232766.888882,221033.989682,1.08644
sz301012,301012,扬电科技,26.330,-0.22,-0.829,26.330,26.340,26.550,26.880,27.300,26.300,15562985,417479637,15:08:45,131.98,4.353,518596.106546,518596.106546,7.90159
sz301013,301013,利和兴,43.580,-2.01,-4.409,43.580,43.590,45.590,45.680,46.980,43.520,37884081,1717885508,15:09:15,-60.528,15.22,1018652.238048,824715.058404,20.01889
sz301015,301015,百洋医药,25.200,1.12,4.651,25.190,25.200,24.080,23.900,25.480,23.690,14840134,369819244,15:09:15,28.0,5.322,1324572.67404,1324402.57404,2.8237
sz301016,301016,雷尔伟,12.660,-0.35,-2.69,12.650,12.660,13.010,12.980,13.080,12.650,3156329,40661761,15:09:00,39.038,3.76,387913.826916,371981.143488,1.07422
sz301017,301017,漱玉平民,13.990,0.13,0.938,13.980,13.990,13.860,13.780,14.300,13.490,13284022,185404668,15:09:15,49.964,2.783,567444.367875,361914.4449,5.13501
sz301018,301018,申菱环境,90.000,-1.85,-2.014,90.000,90.010,91.850,93.720,96.500,89.880,19424152,1827180197,15:09:00,111.111,12.206,3368532.051,2545406.091,6.86796
sz301019,301019,宁波色母,15.080,-0.31,-2.014,15.060,15.080,15.390,15.350,15.430,15.020,1533880,23355812,15:08:45,22.507,2.618,298517.752052,218881.160264,1.05678
sz301020,301020,密封科技,20.600,-0.7,-3.286,20.590,20.600,21.300,21.240,21.400,20.560,2457567,51507407,15:09:00,34.333,2.987,301584.0,301584.0,1.67867
sz301021,301021,英诺激光,70.630,1.44,2.081,70.620,70.630,69.190,71.190,74.300,70.250,11435334,829633031,15:09:00,221.133,10.329,1079720.393283,1078521.251269,7.48875
sz301022,301022,海泰科,23.130,-0.43,-1.825,23.130,23.140,23.560,23.480,23.680,23.130,968400,22641460,15:08:30,38.998,1.641,230106.783438,154939.284144,1.44567
sz301023,301023,奕帆传动,29.750,-0.25,-0.833,29.740,29.750,30.000,30.000,30.880,29.710,1609100,48689622,15:08:45,32.337,3.352,277628.904,154000.033075,3.10849
sz301024,301024,霍普股份,32.300,-0.71,-2.151,32.300,32.360,33.010,33.280,34.410,32.110,820567,27286199,15:09:00,-24.625,6.076,205379.55,198838.8,1.33295
sz301025,301025,读客文化,9.760,0.76,8.444,9.760,9.770,9.000,9.050,10.800,8.950,39522465,396819044,15:09:15,488.0,6.261,390701.9744,270499.12224,14.26028
sz301026,301026,浩通科技,21.550,-0.83,-3.709,21.530,21.550,22.380,22.880,23.100,21.550,11753027,260194193,15:08:30,19.414,2.817,477512.617055,344870.684,7.34414
sz301027,301027,华蓝集团,21.000,0.36,1.744,20.990,21.000,20.640,20.750,21.390,20.550,6042375,127002701,15:08:45,-87.5,3.433,308700.0,265588.4238,4.77769
sz301028,301028,鼎熔岩,12.980,-0.15,-1.142,12.980,12.990,13.130,13.150,13.360,12.910,7463400,97821373,15:09:00,21.279,2.927,501450.18748,325278.668902,2.97821
sz301029,301029,怡合达,26.900,-0.58,-2.111,26.890,26.900,27.480,27.580,27.780,26.890,8908502,243339691,15:09:00,33.21,3.805,1710266.25528,1218200.95352,1.96715
sz301030,301030,*ST仕净,8.540,0.09,1.065,8.530,8.540,8.450,8.390,8.840,8.350,7873180,67690444,15:08:30,-1.28,-4.35,172835.36382,172598.27634,3.89558
sz301031,301031,中熔电气,89.810,-0.54,-0.598,89.800,89.810,90.350,90.980,93.790,89.740,2497513,229336849,15:08:45,21.693,8.026,1312612.244293,1031905.610883,2.17366
sz301032,301032,新柴股份,9.930,-0.19,-1.877,9.920,9.930,10.120,10.130,10.140,9.930,3006400,30180636,15:08:15,22.568,1.879,239445.4662,162491.3424,1.83724
sz301033,301033,迈普医学,59.720,-0.28,-0.467,59.720,59.780,60.000,59.410,61.180,58.580,1970098,117867626,15:09:15,34.924,4.886,400617.938148,336741.665028,3.4939
sz301035,301035,润丰股份,51.180,-1.28,-2.44,51.180,51.190,52.460,52.860,52.860,51.000,1532850,78895251,15:09:15,13.648,2.427,1865537.951388,1862759.056518,0.42116
sz301036,301036,双乐股份,22.030,-0.4,-1.783,22.020,22.050,22.430,22.840,22.840,22.030,861600,19230274,15:08:45,44.06,1.335,220300.0,155166.399405,1.22327
sz301037,301037,保立佳,13.000,-0.22,-1.664,13.000,13.010,13.220,13.150,13.300,12.940,1432770,18838614,15:09:00,-32.655,3.313,180741.1918,88382.5449,2.10743
sz301038,301038,深水规院,16.430,-0.37,-2.202,16.430,16.440,16.800,16.670,16.800,16.390,3039370,50396129,15:08:45,69.53,4.09,366520.44,366520.44,1.36246
sz301039,301039,中集车辆,7.820,-0.17,-2.128,7.820,7.830,7.990,7.960,8.050,7.820,12020213,95047888,15:08:30,16.292,0.997,1465565.29644,1135798.305,0.82759
sz301040,301040,中环海陆,27.900,0.28,1.014,27.790,27.900,27.620,27.970,28.690,27.510,3164398,88922620,15:08:45,-35.569,3.981,279003.07458,263276.10684,3.35339
sz301041,301041,金百泽,24.780,-0.19,-0.761,24.780,24.800,24.970,25.100,25.710,24.720,3935096,99751287,15:09:00,130.421,3.886,264353.04,195690.792192,4.98295
sz301042,301042,安联锐视,33.880,-0.84,-2.419,33.880,33.900,34.720,34.620,35.770,33.880,8061162,282235490,15:08:45,86.872,3.048,327880.997752,312546.469312,8.73829
sz301043,301043,绿岛风,44.110,0.56,1.286,44.110,44.170,43.550,44.010,46.050,43.680,1153700,51872165,15:08:30,43.673,3.471,299948.0,250314.32525,2.03303
sz301045,301045,天禄科技,67.110,-1.73,-2.513,67.110,67.160,68.840,70.230,70.500,67.000,5172051,356376264,15:09:15,231.414,7.132,740346.500538,481422.356277,7.20981
sz301046,301046,能辉科技,19.910,-0.59,-2.878,19.900,19.910,20.500,20.590,20.770,19.800,2378347,48473569,15:09:00,497.75,2.864,335657.77223,259218.30473,1.82676
sz301047,301047,义翘神州,120.000,3.7,3.181,119.990,120.000,116.300,114.890,128.620,113.000,15443528,1863048474,15:08:30,98.798,2.734,1459640.904,1434967.452,12.91474
sz301048,301048,金鹰重工,9.080,-0.12,-1.304,9.070,9.080,9.200,9.200,9.230,9.040,2813300,25641189,15:08:30,23.895,1.69,484266.7272,484266.7272,0.52749
sz301049,301049,超越科技,19.510,-0.36,-1.812,19.510,19.540,19.870,19.820,19.990,19.500,772300,15179657,15:08:45,-13.007,3.488,183888.254634,83554.226409,1.80333
sz301050,301050,雷电微力,31.650,-0.38,-1.186,31.620,31.650,32.030,32.060,32.290,31.600,2920200,93234139,15:09:00,47.239,2.56,783588.14268,667408.617165,1.38482
sz301051,301051,信濠光电,21.410,-1.24,-5.475,21.400,21.410,22.650,23.000,23.410,21.310,31399930,703127746,15:09:15,-14.466,3.12,608602.454158,483517.265356,13.9038
sz301052,301052,果麦文化,24.550,-0.21,-0.848,24.550,24.560,24.760,24.770,26.500,24.550,7344629,185805997,15:08:15,-1169.048,3.724,242945.177245,196988.69427,9.15335
sz301053,301053,远信工业,40.390,0.79,1.995,40.390,40.400,39.600,39.370,40.960,38.980,5586854,223236830,15:08:45,201.95,5.948,532684.795363,494668.277362,4.5617
sz301055,301055,张小泉,30.350,-0.57,-1.843,30.350,30.390,30.920,30.910,31.360,30.320,2637098,81446233,15:09:00,84.306,6.757,473460.0,463346.39666,1.72735
sz301056,301056,森赫股份,10.680,-0.61,-5.403,10.660,10.680,11.290,11.300,11.300,10.640,3714088,40567193,15:09:15,38.143,3.584,284928.160356,187963.54644,2.11033
sz301057,301057,汇隆新材,21.360,-0.33,-1.521,21.360,21.390,21.690,21.840,21.870,21.350,1534700,33215370,15:08:30,71.2,3.182,249846.719568,176405.752968,1.85828
sz301058,301058,中粮科工,8.360,-0.09,-1.065,8.360,8.370,8.450,8.450,8.450,8.350,3936514,33069199,15:08:45,18.174,1.86,435391.31218,428261.26882,0.76844
sz301059,301059,金三江,11.350,-0.23,-1.986,11.330,11.350,11.580,11.610,11.650,11.350,1817450,20880693,15:09:00,34.394,4.005,262359.79,234428.09149,0.87993
sz301060,301060,兰卫医学,11.960,1.99,19.96,11.960,0.000,9.970,9.840,11.960,9.840,38362945,426154367,15:09:15,-149.5,3.021,479018.332,430759.022772,10.65145
sz301061,301061,匠心家居,35.080,-0.64,-1.792,35.070,35.080,35.720,35.720,35.920,35.060,1902627,67400313,15:09:00,8.904,2.288,997666.854468,662449.513248,1.00754
sz301062,301062,上海艾录,6.960,-0.12,-1.695,6.940,6.960,7.080,7.150,7.170,6.920,6889699,48436124,15:08:45,-24.857,2.225,301571.33292,191574.864432,2.50306
sz301063,301063,海锅股份,17.710,-0.3,-1.666,17.710,17.720,18.010,18.180,18.180,17.700,1259900,22587795,15:09:00,35.42,1.169,184822.842204,171162.373613,1.30361
sz301065,301065,本立科技,18.830,-0.14,-0.738,18.810,18.830,18.970,18.970,19.130,18.710,1722700,32675780,15:09:15,24.776,1.44,199635.66,162479.3625,1.99647
sz301066,301066,万事利,12.300,-0.25,-1.992,12.290,12.300,12.550,12.560,12.600,12.280,3277000,40744022,15:08:30,76.875,2.243,288955.42653,286733.5041,1.40573
sz301067,301067,显盈科技,31.690,-0.96,-2.94,31.690,31.700,32.650,33.010,33.130,31.510,2870340,92886042,15:08:45,-54.638,4.005,308140.884,209206.76385,4.3479
sz301068,301068,大地海洋,28.950,-1.1,-3.661,28.940,28.950,30.050,29.150,30.500,28.600,1115545,32972703,15:09:00,-125.87,5.081,409109.07309,290430.814875,1.11197
sz301069,301069,凯盛新材,16.850,-0.4,-2.319,16.850,16.860,17.250,17.300,17.350,16.800,5496904,94023535,15:08:30,55.21,3.313,763598.575865,719114.575865,1.28801
sz301070,301070,开勒股份,65.050,-1.41,-2.122,65.050,65.060,66.460,67.070,68.460,65.050,2811041,187579319,15:08:30,-6505.0,11.318,820764.05568,551714.22435,3.31436
sz301071,301071,力量钻石,59.020,-1.36,-2.252,59.010,59.020,60.380,61.390,61.600,59.000,11659867,706577144,15:09:00,137.256,2.821,1501765.629286,1103963.770494,6.23359
sz301072,301072,中捷精工,35.640,-0.16,-0.447,35.470,35.640,35.800,36.080,36.390,35.150,1845500,65778995,15:09:00,-68.538,5.241,374383.89054,242074.624572,2.71708
sz301073,301073,君亭酒店,18.360,-0.24,-1.29,18.360,18.370,18.600,18.500,18.980,18.360,5144732,95855741,15:09:15,153.0,4.031,357012.120456,327137.562,2.88739
sz301075,301075,多瑞医药,55.210,-1.87,-3.276,55.210,55.220,57.080,57.080,57.850,55.050,1054100,59801849,15:08:30,-42.798,7.158,441680.0,441680.0,1.31763
sz301076,301076,新瀚新材,22.400,-0.31,-1.365,22.400,22.410,22.710,22.680,22.970,22.270,3155870,71587504,15:08:45,58.947,4.244,511099.5344,341702.50464,2.0688
sz301077,301077,星华新材,24.610,2.96,13.672,24.600,24.610,21.650,22.030,25.980,22.030,11889400,290346753,15:08:45,32.382,3.492,418979.631537,235201.225244,12.44033
sz301078,301078,孩子王,7.380,-0.09,-1.205,7.370,7.380,7.470,7.480,7.580,7.360,14195000,105765360,15:09:15,31.021,2.168,933307.697088,932339.474298,1.12362
sz301079,301079,邵阳液压,29.210,-0.64,-2.144,29.210,29.220,29.850,29.850,30.050,29.180,2486542,73794510,15:08:30,584.2,6.609,316805.041014,224722.496452,3.23207
sz301080,301080,百普赛斯,88.210,6.01,7.311,88.210,88.250,82.200,82.440,94.000,81.000,24815886,2189108205,15:09:15,89.2,5.474,1479096.970618,1118832.317276,19.56512
sz301081,301081,严牌股份,12.180,-0.29,-2.326,12.140,12.180,12.470,12.430,12.540,12.100,2543347,31422331,15:09:00,152.25,2.634,284663.02473,273419.70327,1.13298
sz301082,301082,久盛电气,10.560,-0.51,-4.607,10.560,10.570,11.070,10.930,11.060,10.560,19554028,210519985,15:09:15,66.0,3.008,310677.233856,287979.491712,7.17032
sz301083,301083,百胜智能,13.830,-0.37,-2.606,13.820,13.830,14.200,14.270,14.350,13.790,1950700,27336382,15:08:30,80.641,2.934,245989.600461,118398.515211,2.27859
sz301085,301085,亚康股份,62.850,1.37,2.228,62.850,62.860,61.480,62.890,65.580,62.400,6504113,416113206,15:08:45,-38.091,5.709,545385.117375,376520.15847,10.85688
sz301086,301086,鸿富瀚,117.730,-0.81,-0.683,117.730,117.750,118.540,120.500,123.190,117.570,3041677,367149352,15:09:00,104.186,7.444,1481799.2266,821294.640099,4.36015
sz301087,301087,可孚医疗,50.000,0.05,0.1,49.980,50.000,49.950,49.900,50.960,49.400,1836363,92223255,15:09:15,27.322,2.493,1179485.0,969956.35,0.94662
sz301088,301088,戎美股份,12.740,0.08,0.632,12.740,12.750,12.660,12.650,12.760,12.490,1086400,13702440,15:08:30,37.471,1.149,290344.6,239512.0,0.57787
sz301089,301089,拓新药业,25.950,1.28,5.188,25.940,25.950,24.670,24.680,26.700,24.210,7137432,183650635,15:08:45,-47.182,2.226,328382.9775,236083.532235,7.84537
sz301090,301090,华润材料,6.440,-0.11,-1.679,6.440,6.450,6.550,6.550,6.550,6.430,6721600,43648789,15:09:00,-110.463,1.437,948265.158344,947274.602624,0.45696
sz301091,301091,深城交,19.200,0.04,0.209,19.180,19.200,19.160,19.180,19.480,19.000,7455003,144033830,15:09:15,160.0,4.177,1012377.6,1012377.6,1.41386
sz301092,301092,争光股份,45.590,-0.9,-1.936,45.580,45.590,46.490,46.840,47.400,45.510,3220967,149211738,15:08:30,60.787,3.102,613346.359756,278024.615356,5.28169
sz301093,301093,华兰股份,81.500,1.6,2.003,81.500,81.550,79.900,80.000,84.000,79.280,7568244,625247228,15:08:45,222.071,7.882,1737020.68995,1658394.73855,3.71933
sz301095,301095,广立微,73.600,-1.79,-2.374,73.600,73.660,75.390,75.990,77.460,73.500,5592443,424060864,15:09:00,163.556,4.692,1474068.80768,1273429.26816,3.23225
sz301096,301096,百诚医药,49.360,1.25,2.598,49.360,49.370,48.110,47.610,50.650,46.660,5109428,251430570,15:09:00,-59.47,2.155,539150.809824,410262.382576,6.14732
sz301097,301097,天益医疗,34.700,-0.27,-0.772,34.610,34.700,34.970,35.000,35.610,34.370,673276,23608674,15:08:30,-123.929,2.54,283184.59371,135910.2187,1.71898
sz301098,301098,金埔园林,8.790,-0.09,-1.014,8.790,8.800,8.880,8.920,9.200,8.750,7265566,65084192,15:08:45,-6.71,1.968,203446.062759,169635.327759,3.7648
sz301099,301099,雅创电子,50.120,-0.83,-1.629,50.120,50.130,50.950,51.730,52.450,49.930,8015980,412097717,15:08:45,55.689,6.598,946894.651108,576252.138868,6.97196
sz301100,301100,风光股份,16.000,-0.53,-3.206,16.000,16.010,16.530,16.420,16.570,16.000,2240070,36392722,15:09:15,-66.667,1.601,321963.2,141963.2,2.52468
sz301101,301101,明月镜片,29.470,-0.4,-1.339,29.450,29.470,29.870,29.870,30.040,29.420,1653424,49137132,15:08:30,30.663,3.265,593856.1587,572021.962421,0.85183
sz301102,301102,兆讯传媒,9.780,-0.07,-0.711,9.750,9.780,9.850,9.860,10.030,9.730,2523933,24924427,15:08:45,326.0,1.339,397068.0,397068.0,0.62166
sz301103,301103,何氏眼科,17.560,0.48,2.81,17.560,17.580,17.080,16.950,17.970,16.860,4435460,77514267,15:09:15,101.503,1.445,277494.483076,213588.629696,3.64657
sz301105,301105,鸿铭股份,47.770,-0.52,-1.077,47.770,47.860,48.290,47.810,48.800,47.540,499152,23998737,15:09:15,-129.108,2.923,238850.0,94644.302946,2.51938
sz301106,301106,骏成科技,17.030,-0.27,-1.561,17.020,17.030,17.300,17.480,17.540,17.010,1701230,29426349,15:08:30,19.034,1.876,243462.189607,243462.189607,1.19
sz301107,301107,瑜欣电子,21.100,-1.3,-5.804,21.100,21.110,22.400,22.260,22.580,20.960,4109667,88581702,15:08:45,28.514,3.115,300018.34268,173464.6403,4.99894
sz301108,301108,洁雅股份,36.800,-1.19,-3.132,36.780,36.800,37.990,38.110,38.110,36.800,1810784,67982099,15:09:00,54.118,2.184,414207.00736,238586.9672,2.79298
sz301109,301109,军信股份,13.620,-0.06,-0.439,13.610,13.620,13.680,13.660,13.720,13.560,2745020,37424491,15:09:15,14.869,1.392,1074755.346804,850281.356496,0.4397
sz301110,301110,青木科技,37.280,-0.01,-0.027,37.280,37.290,37.290,37.500,38.560,37.200,3977956,151104464,15:08:30,28.036,3.134,482960.409248,339689.846288,4.36569
sz301111,301111,粤万年青,20.330,0.39,1.956,20.330,20.340,19.940,19.940,20.960,19.560,5502741,112380602,15:08:45,-677.667,4.352,325280.0,325280.0,3.43921
sz301112,301112,信邦智能,31.680,-1.11,-3.385,31.680,31.700,32.790,32.790,33.280,31.680,1217600,39337033,15:09:00,-45.913,3.137,349324.5888,349324.5888,1.10423
sz301113,301113,雅艺科技,16.160,-0.3,-1.823,16.150,16.160,16.460,16.690,16.690,16.000,882413,14391855,15:09:15,202.0,2.805,191172.8,115809.364976,1.23132
sz301115,301115,联检科技,30.150,-1.67,-5.248,30.150,30.170,31.820,32.210,32.450,30.140,5938600,184160504,15:08:30,251.25,2.215,548902.6992,449844.48225,3.98024
sz301116,301116,益客食品,9.090,0.01,0.11,9.090,9.100,9.080,9.020,9.300,8.850,4379500,39956408,15:08:45,-14.661,2.605,408122.450037,408120.404787,0.97544
sz301117,301117,佳缘科技,20.250,-0.74,-3.525,20.250,20.260,20.990,21.290,21.990,20.190,15634539,330979895,15:09:00,-61.364,2.955,366193.0377,234606.344625,13.49492
sz301118,301118,恒光股份,22.010,-0.63,-2.783,21.990,22.010,22.640,22.750,22.850,21.930,2775000,61882304,15:09:15,-149.018,1.782,242354.311,233159.318757,2.61957
sz301119,301119,正强股份,21.680,-0.67,-2.998,21.680,21.700,22.350,22.310,22.330,21.680,2914002,64288140,15:08:30,20.074,2.957,315660.8,255290.672,2.47465
sz301120,301120,新特电气,16.210,0.42,2.66,16.210,16.220,15.790,15.770,17.000,15.750,24404530,398679338,15:09:00,135.083,3.874,604837.010955,365957.62461,10.80992
sz301121,301121,紫建电子,36.360,0.93,2.625,36.350,36.360,35.430,35.430,37.390,35.200,1929644,70365111,15:09:00,519.429,2.171,359331.543252,279101.810664,2.51384
sz301122,301122,采纳股份,35.260,2.1,6.333,35.260,35.280,33.160,33.300,36.660,32.700,5700764,200189253,15:09:15,705.2,2.328,431038.190108,266708.960108,7.53664
sz301123,301123,奕东电子,72.020,-0.53,-0.731,72.020,72.030,72.550,74.000,75.300,72.000,9182677,681182135,15:08:30,-248.345,6.028,1689877.28,1188629.862472,5.56385
sz301125,301125,腾亚精工,13.380,-0.31,-2.264,13.370,13.380,13.690,13.690,13.850,13.360,2892000,39358270,15:08:45,387.826,4.565,265345.480704,235193.516904,1.64524
sz301126,301126,达嘉维康,10.060,0.06,0.6,10.060,10.080,10.000,10.040,10.280,9.780,5624100,56474965,15:09:00,-8.525,1.377,206635.6192,140317.050014,4.03219
sz301127,301127,武汉天源,15.290,0.53,3.591,15.290,15.300,14.760,14.950,15.770,14.800,37015069,569749636,15:09:15,44.971,3.045,1030661.098533,1000611.823607,5.65614
sz301128,301128,强瑞技术,111.700,-1.55,-1.369,111.690,111.700,113.250,115.000,117.000,111.600,7103668,814204518,15:08:15,81.569,16.855,1617614.58026,1422939.40811,5.57634
sz301129,301129,瑞纳智能,23.140,-1.74,-6.994,23.140,23.150,24.880,24.180,24.200,22.720,7424633,172370987,15:09:00,28.925,1.726,314397.1636,156131.365,11.00394
sz301130,301130,西点药业,25.710,0.3,1.181,25.710,25.720,25.410,25.540,26.150,25.040,1515900,38818027,15:09:00,89.801,2.229,196667.835135,151733.63256,2.56857
sz301131,301131,聚赛龙,33.530,-0.7,-2.045,33.520,33.530,34.230,34.240,34.360,33.510,672904,22853100,15:09:15,48.963,1.654,183283.137849,131286.302581,1.71857
sz301132,301132,满坤科技,34.230,-0.62,-1.779,34.220,34.230,34.850,35.420,36.190,34.210,3977882,139631826,15:08:30,42.259,2.761,506899.230327,324297.559866,4.1987
sz301133,301133,金钟股份,28.060,-0.65,-2.264,28.060,28.100,28.710,28.880,29.000,28.010,2416932,68758464,15:09:00,-400.857,2.481,340835.346944,311847.529014,2.17475
sz301135,301135,瑞德智能,16.510,-0.35,-2.076,16.510,16.530,16.860,16.860,17.000,16.500,1581150,26459628,15:09:00,61.148,1.745,214281.417766,166724.669852,1.56574
sz301136,301136,招标股份,11.600,-0.22,-1.861,11.590,11.600,11.820,11.850,11.920,11.600,4394100,51507657,15:09:15,-338.192,2.206,319237.5912,318880.8912,1.59845
sz301137,301137,哈焊华通,34.250,-1.79,-4.967,34.250,34.270,36.040,35.860,35.930,34.250,8313682,292783674,15:09:15,163.095,4.483,622710.895,622710.895,4.57265
sz301138,301138,华研精机,26.980,-0.35,-1.281,26.960,26.980,27.330,27.470,27.510,26.980,848593,23148047,15:08:45,32.902,2.814,323760.0,184975.25772,1.23774
sz301139,301139,*ST元道,4.060,0.33,8.847,4.060,4.070,3.730,3.680,4.150,3.630,22563490,87309506,15:09:00,58.0,0.254,49361.8048,30923.862088,29.62365
sz301141,301141,中科磁业,41.900,-1.33,-3.077,41.900,41.910,43.230,43.310,43.400,41.820,3731295,159232301,15:09:15,155.185,4.051,519696.61495,186507.81495,8.38256
sz301148,301148,嘉戎技术,55.890,-3.87,-6.476,55.890,55.910,59.760,59.870,61.300,55.400,3417728,199830544,15:08:45,127.023,3.697,651102.18012,329023.619595,5.80557
sz301149,301149,隆华新材,7.860,-0.14,-1.75,7.850,7.860,8.000,8.080,8.250,7.860,9299942,74729088,15:08:45,23.818,2.08,439374.018078,267327.059718,2.73439
sz301150,301150,中一科技,39.000,-0.27,-0.688,38.990,39.000,39.270,42.000,42.560,38.880,27892823,1133491696,15:09:00,139.286,3.443,1263225.1983,1184972.1234,9.18013
sz301151,301151,冠龙节能,17.010,-0.37,-2.129,17.000,17.010,17.380,17.380,17.390,17.000,3351421,57700309,15:09:15,47.421,1.387,287475.9741,287095.686633,1.98567
sz301152,301152,天力锂能,19.950,-0.56,-2.73,19.950,19.960,20.510,20.570,20.690,19.920,3375800,68284591,15:08:15,-11.735,1.956,236886.313965,141678.107025,4.75354
sz301153,301153,中科江南,17.500,-0.33,-1.851,17.500,17.510,17.830,17.830,18.060,17.490,4477691,79708607,15:08:45,60.345,3.349,622412.91,580566.609,1.34971
sz301155,301155,海力风电,46.970,0.24,0.514,46.970,46.980,46.730,46.770,48.170,46.510,4554649,216326277,15:09:15,29.356,1.766,1021087.772166,584954.732362,3.65724
sz301156,301156,美农生物,11.480,-0.06,-0.52,11.480,11.490,11.540,11.540,11.940,11.390,5278508,61450330,15:09:15,29.519,2.825,211354.844036,135799.89906,4.46225
sz301157,301157,华塑科技,60.620,-1.77,-2.837,60.600,60.620,62.390,62.660,63.450,60.220,684000,42597470,15:08:30,126.292,3.271,363720.0,125227.61391,3.3111
sz301158,301158,德石股份,14.960,-0.25,-1.644,14.960,14.970,15.210,15.100,15.220,14.840,7341630,110261770,15:08:45,18.937,2.083,291742.683848,284474.144944,3.86084
sz301159,301159,三维天地,33.910,-0.82,-2.361,33.880,33.910,34.730,34.650,35.240,33.900,3590007,124070001,15:09:00,308.273,4.04,262293.85,179773.783616,6.77168
sz301160,301160,翔楼新材,37.810,-1.19,-3.051,37.800,37.810,39.000,39.000,39.490,37.800,2938012,113395793,15:09:15,21.006,3.383,630356.655615,418848.566733,2.65218
sz301161,301161,唯万密封,27.260,-0.84,-2.989,27.260,27.290,28.100,28.320,28.400,27.250,4241785,118471390,15:08:30,37.342,3.406,327120.0,210440.58945,5.49471
sz301162,301162,国能日新,40.690,-0.84,-2.023,40.680,40.690,41.530,41.790,41.880,40.690,1410558,58216100,15:08:45,39.125,4.727,759582.064254,492883.825291,1.16449
sz301163,301163,宏德股份,23.000,-0.51,-2.169,23.000,23.010,23.510,23.510,23.600,22.970,1200294,27963477,15:09:00,46.037,1.638,187680.0,125868.9697,2.19329
sz301165,301165,锐捷网络,143.300,17.07,13.523,143.290,143.300,126.230,129.000,148.800,128.000,39410767,5401589749,15:09:15,163.697,31.09,15958409.08179,15958409.08179,3.53893
sz301166,301166,优宁维,29.080,0.33,1.148,29.080,29.130,28.750,28.770,29.750,28.300,1608600,46845660,15:08:30,-111.846,1.257,250577.904944,164070.720944,2.85109
sz301167,301167,建研设计,13.750,-0.29,-2.066,13.750,13.770,14.040,14.070,14.070,13.750,1739720,24132659,15:08:45,72.368,1.603,154000.0,145357.463625,1.64568
sz301168,301168,通灵股份,41.640,-1.26,-2.937,41.610,41.640,42.900,43.000,43.440,41.600,1469900,62201828,15:09:00,189.273,2.35,499680.0,396884.731104,1.54218
sz301169,301169,零点有数,52.740,-0.48,-0.902,52.730,52.790,53.220,53.980,55.200,52.590,1710800,92132179,15:09:15,-97.667,8.766,379941.786864,379775.655864,2.37581
sz301170,301170,锡南科技,22.660,-0.45,-1.947,22.660,22.670,23.110,23.090,23.160,22.630,672100,15395494,15:07:45,22.347,1.256,226600.0,86116.44085,1.76851
sz301171,301171,易点天下,37.400,-0.47,-1.241,37.400,37.410,37.870,37.970,41.040,37.380,122818809,4799597386,15:08:45,110.0,6.326,2313268.51008,1877048.63214,24.47152
sz301172,301172,君逸数码,18.000,-0.32,-1.747,18.000,18.010,18.320,18.400,18.970,17.980,6471022,119558740,15:09:00,89.197,2.716,404637.4764,299318.1372,3.89146
sz301173,301173,毓恬冠佳,31.800,0.04,0.126,31.800,31.810,31.760,31.930,31.930,31.340,666741,21095442,15:09:15,15.469,1.804,279314.57496,98035.13562,2.16273
sz301175,301175,中科环保,5.460,-0.05,-0.907,5.460,5.470,5.510,5.510,5.530,5.460,10415619,57101956,15:08:30,21.0,2.116,803646.48,339546.48,1.67486
sz301176,301176,逸豪新材,47.770,-1.38,-2.808,47.770,47.780,49.150,49.470,50.260,47.740,8076529,395407668,15:09:15,-134.867,5.43,807631.468259,783684.090193,4.9231
sz301177,301177,迪阿股份,23.000,-0.53,-2.252,23.000,23.010,23.530,23.540,23.620,22.950,732014,17044723,15:09:00,65.714,1.462,920631.465,920023.0,0.183
sz301178,301178,天亿马,36.200,-1.12,-3.001,36.190,36.200,37.320,37.370,38.120,36.100,2705434,100715498,15:09:15,329.091,4.317,337037.43568,248649.19526,3.93875
sz301179,301179,泽宇智能,20.400,0.45,2.256,20.400,20.410,19.950,20.200,20.860,20.120,6209070,127682469,15:09:15,55.135,3.25,824991.44076,484449.05916,2.61462
sz301180,301180,万祥科技,11.650,-0.24,-2.019,11.630,11.650,11.890,11.950,12.180,11.610,3555266,42241202,15:08:15,0.0,3.561,466011.65,191220.77233,2.16602
sz301181,301181,标榜股份,22.550,-0.52,-2.254,22.540,22.550,23.070,23.580,23.580,22.480,1656030,37891913,15:09:00,21.893,2.278,338708.36032,264366.253195,1.41257
sz301182,301182,凯旺科技,70.000,-1.43,-2.002,70.000,70.010,71.430,71.290,73.980,70.000,3417673,246337026,15:09:15,-57.851,10.119,670751.9,611689.4,3.91109
sz301183,301183,东田微,196.930,-3.76,-1.874,196.930,197.000,200.690,205.000,208.510,196.910,7984930,1616255137,15:09:00,156.294,15.995,1576943.56055,1155959.722088,13.60318
sz301185,301185,鸥玛软件,16.460,-0.42,-2.488,16.450,16.460,16.880,16.810,16.970,16.450,2701490,45012059,15:08:45,43.316,2.322,252525.3696,228246.495958,1.94818
sz301186,301186,超达装备,36.060,0.15,0.418,36.040,36.060,35.910,36.050,36.320,35.350,1113418,39980740,15:09:00,21.593,2.56,413765.075424,389026.433358,1.03206
sz301187,301187,欧圣电气,15.380,-0.28,-1.788,15.370,15.380,15.660,15.740,15.740,15.350,2074400,32154011,15:09:15,37.512,2.677,392087.76145,392087.76145,0.8137
sz301188,301188,力诺药包,42.500,2.76,6.945,42.500,42.510,39.740,40.230,45.450,39.680,33467109,1416825733,15:09:00,250.0,5.8,1137030.61375,1137030.61375,12.50936
sz301189,301189,奥尼电子,50.490,0.42,0.839,50.440,50.490,50.070,49.800,53.710,49.800,5004892,259270319,15:08:45,-36.854,3.985,826218.011619,797445.507573,3.16883
sz301190,301190,善水科技,18.430,-0.36,-1.916,18.420,18.430,18.790,18.790,18.970,18.300,6730950,125928795,15:08:45,52.717,1.997,395575.0695,263740.672,4.70354
sz301191,301191,菲菱科思,96.110,1.49,1.575,96.110,96.120,94.620,97.000,100.030,94.800,9114221,891064242,15:08:30,102.245,5.47,931277.83588,702157.881474,12.47537
sz301192,301192,泰祥股份,19.600,-0.57,-2.826,19.600,19.700,20.170,20.340,20.340,19.580,1074312,21410991,15:08:30,36.296,3.04,198434.32,99314.38188,2.12019
sz301193,301193,家联科技,18.360,0.15,0.824,18.320,18.360,18.210,18.210,19.000,18.120,4200660,78028098,15:08:45,-46.753,3.205,442258.490916,338157.066924,2.28072
sz301195,301195,北路智控,26.800,-0.85,-3.074,26.800,26.810,27.650,27.370,27.500,26.800,2378889,64636120,15:09:00,23.304,1.433,353947.1712,235008.73904,2.71284
sz301196,301196,唯科科技,85.700,-0.5,-0.58,85.690,85.700,86.200,85.690,89.550,85.460,6588500,574751146,15:09:15,41.61,4.21,1407309.02654,923809.11472,6.11203
sz301197,301197,工大科雅,24.760,-0.24,-0.96,24.750,24.760,25.000,25.410,25.660,24.640,2596700,65252334,15:08:30,91.704,2.259,298457.04,269263.143,2.38779
sz301198,301198,喜悦智行,12.570,-0.18,-1.412,12.560,12.570,12.750,12.790,12.910,12.500,2701839,34316171,15:08:45,-157.125,2.347,212433.0,203982.41526,1.66495
sz301199,301199,迈赫股份,18.370,-0.39,-2.079,18.360,18.370,18.760,18.970,18.970,18.260,1371836,25495218,15:09:00,31.629,1.766,342923.812,330064.582375,0.76351
sz301200,301200,大族数控,287.060,5.9,2.098,287.060,287.090,281.160,285.860,302.850,285.860,3689335,1088736940,15:08:30,147.21,12.533,14037456.213146,12206884.123538,0.86759
sz301201,301201,诚达药业,37.580,1.83,5.119,37.570,37.580,35.750,35.010,39.240,34.760,26042014,961672926,15:09:15,-477.51,2.767,581414.550592,407909.494432,23.99206
sz301202,301202,朗威股份,33.510,-0.22,-0.652,33.510,33.550,33.730,34.150,34.800,33.500,2434722,83304015,15:08:45,68.388,3.761,457076.4,266798.2425,3.05802
sz301203,301203,国泰环保,33.510,-0.59,-1.73,33.500,33.510,34.100,34.390,34.460,33.500,538350,18298168,15:09:00,23.599,1.921,268080.0,146916.2175,1.22792
sz301205,301205,联特科技,293.500,-8.3,-2.75,293.500,293.760,301.800,307.000,308.000,293.500,8905433,2681010919,15:09:00,369.415,23.451,3817980.075,2457921.9135,10.63396
sz301206,301206,三元生物,23.980,0.16,0.672,23.970,23.980,23.820,23.820,24.150,23.540,1582460,37762151,15:08:30,52.13,1.138,485177.0286,312418.928954,1.21463
sz301207,301207,华兰疫苗,18.150,0.23,1.283,18.150,18.160,17.920,17.920,18.340,17.630,6847636,123921666,15:08:45,59.044,1.9,1090864.9125,1090185.17322,1.14003
sz301208,301208,中亦科技,29.300,-0.41,-1.38,29.300,29.320,29.710,29.670,30.250,29.300,1268120,37868098,15:09:00,65.111,2.247,351600.1758,197543.1198,1.8809
sz301209,301209,联合化学,56.440,-4.03,-6.664,56.440,56.570,60.470,60.500,65.000,55.700,8820621,532510523,15:09:00,120.085,11.452,884979.2,756048.7928,6.58471
sz301210,301210,金杨精密,24.240,-0.46,-1.862,24.240,24.250,24.700,24.680,25.000,24.240,2726721,67255336,15:08:00,53.867,2.074,390649.542048,149193.49128,4.4302
sz301211,301211,亨迪药业,11.860,0.15,1.281,11.850,11.860,11.710,11.650,12.170,11.410,13604542,161503978,15:08:45,148.25,2.17,495273.6,495267.9072,3.25783
sz301212,301212,联盛化学,22.800,-0.27,-1.17,22.800,22.820,23.070,23.300,23.500,22.620,1254300,28819102,15:09:00,175.385,1.825,246240.0,213750.0,1.33792
sz301213,301213,观想科技,44.200,-0.66,-1.471,44.180,44.200,44.860,45.450,45.450,44.110,1511200,67543218,15:09:15,265.625,6.156,495039.99116,319987.96856,2.08742
sz301215,301215,中汽股份,5.200,-0.1,-1.887,5.200,5.210,5.300,5.280,5.310,5.180,8552900,44828208,15:08:30,32.5,2.318,688428.0,687648.0,0.64677
sz301216,301216,万凯新材,16.650,-0.3,-1.77,16.650,16.670,16.950,16.890,17.200,16.650,10393663,175757884,15:08:45,52.031,1.477,966040.257735,906776.94204,1.90846
sz301217,301217,铜冠铜箔,119.230,-1.28,-1.062,119.230,119.240,120.510,121.500,126.350,118.880,49553357,6088600203,15:09:15,1490.375,17.968,9884352.331112,9884352.331112,5.97737
sz301218,301218,华是科技,47.300,0.31,0.66,47.300,47.350,46.990,47.000,49.490,45.710,10954278,521268591,15:09:00,-203.179,5.943,539409.2,339155.95153,15.27726
sz301219,301219,腾远钴业,48.310,-1.31,-2.64,48.310,48.320,49.620,49.510,49.570,48.300,9661726,473399524,15:08:45,12.814,1.874,1849458.237357,1320023.145326,3.53598
sz301220,301220,亚香股份,27.920,-0.4,-1.412,27.920,28.040,28.320,28.380,28.590,27.900,926780,26163243,15:08:45,27.107,1.809,315515.248048,218116.797104,1.18632
sz301221,301221,光庭信息,28.900,-0.46,-1.567,28.880,28.900,29.360,29.360,29.660,28.830,1448143,42428710,15:09:00,35.776,1.864,379746.8092,258194.90044,1.62092
sz301222,301222,浙江恒威,24.550,-0.66,-2.618,24.530,24.550,25.210,25.300,25.450,24.550,1647080,41127494,15:09:15,29.578,2.346,344530.3792,261703.36334,1.5451
sz301223,301223,中荣股份,16.720,-0.23,-1.357,16.720,16.750,16.950,16.960,17.080,16.660,817500,13810494,15:08:30,20.9,1.067,322909.28032,322909.28032,0.4233
sz301225,301225,恒勃股份,63.520,4.89,8.34,63.520,63.530,58.630,58.500,66.660,58.500,5695103,359784079,15:08:15,47.403,5.713,915273.533712,279411.655312,12.94695
sz301226,301226,祥明智能,29.600,-0.49,-1.628,29.570,29.600,30.090,30.200,30.600,29.600,1950400,58748683,15:09:00,197.333,3.543,322048.0,322048.0,1.79265
sz301227,301227,森鹰窗业,25.560,-0.45,-1.73,25.540,25.560,26.010,26.010,26.300,24.980,2418640,62296808,15:09:15,-48.226,2.095,336009.042972,188909.964972,3.27248
sz301228,301228,实朴检测,64.870,-2.42,-3.596,64.800,64.870,67.290,67.290,67.590,62.580,5823876,379342153,15:08:30,-111.845,12.992,778440.0,774809.187178,4.87597
sz301229,301229,纽泰格,12.220,-0.21,-1.689,12.220,12.230,12.430,12.480,12.500,12.200,2191100,27028726,15:08:45,50.917,1.791,222135.772222,157980.94208,1.69484
sz301230,301230,泓博医药,39.060,-0.54,-1.364,39.060,39.070,39.600,39.880,41.050,37.600,34421617,1367805446,15:09:00,156.24,6.862,706756.038156,635693.371614,21.15027
sz301231,301231,荣信文化,27.220,-0.43,-1.555,27.210,27.220,27.650,27.770,28.950,27.220,4291827,120191525,15:09:15,-123.727,2.828,229736.8,178103.182,6.55932
sz301232,301232,飞沃科技,112.600,1.2,1.077,112.580,112.600,111.400,111.940,115.290,111.000,3732197,423795615,15:09:15,225.2,8.377,1185525.3707,704800.90706,5.96261
sz301233,301233,盛帮股份,33.710,-0.71,-2.063,33.710,33.730,34.420,34.430,35.120,33.710,836340,28815733,15:08:45,19.631,2.409,241925.8828,132736.961198,2.12398
sz301234,301234,五洲医疗,90.620,3.04,3.471,90.620,90.790,87.580,86.000,98.000,86.000,4876313,446261985,15:08:30,326.206,8.013,616216.0,365361.951612,12.09462
sz301235,301235,华康洁净,45.530,-1.76,-3.722,45.520,45.530,47.290,47.210,47.640,45.250,13579319,627720565,15:09:00,39.939,3.353,634005.600581,474506.079255,13.02968
sz301236,301236,软通动力,39.370,-0.7,-1.747,39.360,39.370,40.070,40.240,40.600,39.360,26600217,1063892340,15:09:00,178.955,3.053,4075540.19536,3093337.332998,3.3855
sz301237,301237,和顺科技,53.640,-1.82,-3.282,53.630,53.640,55.460,55.630,56.220,53.380,1495900,82322580,15:08:45,-23.121,3.709,429120.0,312453.0,2.56807
sz301238,301238,瑞泰新材,16.420,-0.29,-1.735,16.420,16.450,16.710,16.810,16.810,16.420,6481103,107689193,15:09:00,54.733,1.63,1204133.2786,1204133.2786,0.88379
sz301239,301239,普瑞眼科,36.700,0.21,0.576,36.670,36.700,36.490,36.500,37.990,35.900,5922227,218636006,15:09:15,-89.512,2.599,549101.90616,521301.65616,4.16929
sz301246,301246,宏源药业,21.240,0.06,0.283,21.230,21.240,21.180,21.240,21.650,21.020,9391636,200999097,15:08:30,70.824,1.844,849614.4432,367487.8956,5.42816
sz301248,301248,杰创智能,64.660,-0.02,-0.031,64.660,64.700,64.680,70.270,72.120,64.600,9532039,658242096,15:08:45,718.444,6.589,993856.53,726317.3742,8.48584
sz301251,301251,威尔高,43.580,-0.09,-0.206,43.580,43.590,43.670,44.200,44.870,43.250,9635361,424312782,15:09:00,87.16,5.285,821762.286788,329420.034624,12.74692
sz301252,301252,同星科技,33.390,-0.07,-0.209,33.390,33.420,33.460,33.590,34.450,32.900,3805356,128227170,15:09:15,51.369,4.173,565043.74416,453125.80656,2.8041
sz301255,301255,通力科技,20.790,-0.37,-1.749,20.780,20.790,21.160,21.160,21.950,20.780,1260600,26582539,15:08:30,71.69,2.965,316673.28,277914.250152,0.94302
sz301256,301256,华融化学,10.620,-0.28,-2.569,10.600,10.630,10.900,10.940,11.050,10.570,5794347,62478950,15:08:45,70.8,2.921,509760.0,509760.0,1.20716
sz301257,301257,普蕊斯,52.800,2.49,4.949,52.800,52.820,50.310,49.960,54.860,49.360,9504123,498336487,15:09:00,38.261,3.255,417145.1856,397616.6568,12.62064
sz301258,301258,富士莱,26.220,-0.08,-0.304,26.220,26.300,26.300,26.200,26.900,25.750,1441100,38107441,15:09:15,36.93,1.291,240358.74,238958.592,1.58126
sz301259,301259,艾布鲁,24.700,-0.38,-1.515,24.700,24.720,25.080,24.880,25.420,24.650,6269388,157317120,15:08:30,127.979,6.311,558714.0,358296.70812,4.32195
sz301260,301260,格力博,13.980,-0.31,-2.169,13.980,13.990,14.290,14.290,14.340,13.950,1614500,22792088,15:08:45,-18.892,1.566,675730.952652,287012.81811,0.7864
sz301261,301261,恒工精密,58.930,-0.66,-1.108,58.920,58.940,59.590,59.660,60.600,58.880,2102577,125884347,15:09:00,58.347,3.846,621524.308855,616286.905105,2.01051
sz301262,301262,海看股份,19.900,-0.04,-0.201,19.890,19.900,19.940,19.940,20.840,19.860,11335422,230549536,15:09:15,19.9,2.178,829830.0,242930.03008,9.28559
sz301263,301263,泰恩康,20.580,-0.18,-0.867,20.580,20.590,20.760,20.700,21.400,20.250,6354122,132715604,15:09:15,294.0,6.193,1050808.626,749736.121428,1.74418
sz301265,301265,华新科技,19.950,-0.5,-2.445,19.940,19.950,20.450,20.700,21.180,19.910,6049400,124661359,15:08:45,99.7,2.842,604431.49809,486646.55844,2.47994
sz301266,301266,宇邦新材,21.550,-0.47,-2.134,21.540,21.550,22.020,22.190,22.330,21.520,2610620,56982823,15:09:00,79.815,1.702,308109.972075,292287.785365,1.92478
sz301267,301267,华厦眼科,16.490,0.04,0.243,16.480,16.490,16.450,16.450,16.720,16.250,6019839,99342488,15:08:45,31.113,2.545,1385160.0,1069284.787567,0.92835
sz301268,301268,铭利达,13.440,-0.3,-2.183,13.420,13.460,13.740,13.810,13.830,13.440,2490347,33993581,15:08:30,-22.78,3.608,538740.671616,487247.636736,0.68693
sz301269,301269,华大九天,95.740,-2.61,-2.654,95.730,95.740,98.350,99.600,99.600,95.700,8325776,813305623,15:09:15,870.364,10.082,5245351.879952,5245329.859752,1.51966
sz301270,301270,汉仪股份,34.300,0.1,0.292,34.300,34.320,34.200,34.200,35.970,34.050,6597964,229174243,15:09:00,236.226,3.544,343000.0,324110.45492,6.9825
sz301272,301272,英华特,33.760,-0.53,-1.546,33.760,33.870,34.290,34.140,34.470,33.760,551300,18850452,15:09:15,54.452,1.932,197503.7648,124958.528032,1.48945
sz301273,301273,瑞晨环保,41.380,2.05,5.212,41.370,41.380,39.330,39.200,43.000,39.000,6492105,265626887,15:08:30,-43.421,4.747,415035.226104,318545.859354,8.43343
sz301275,301275,汉朔科技,43.010,-1.17,-2.648,43.010,43.020,44.180,44.380,44.840,43.010,5611258,246539344,15:08:45,39.1,4.37,1816742.4,1293995.561133,1.86508
sz301276,301276,嘉曼服饰,20.720,-0.15,-0.719,20.600,20.720,20.870,20.880,21.130,20.560,1450900,30261140,15:09:00,25.58,1.236,268531.2,149738.485848,2.00768
sz301277,301277,新天地,10.910,0.16,1.488,10.900,10.910,10.750,10.780,11.080,10.500,8753384,95165370,15:09:15,35.194,2.695,427757.5344,427757.5344,2.23256
sz301278,301278,快可电子,27.430,-0.71,-2.523,27.430,27.440,28.140,28.150,28.230,27.400,1043562,29034469,15:08:30,119.261,1.728,246069.436249,140995.587252,2.0302
sz301279,301279,金道科技,20.790,-0.37,-1.749,20.790,20.810,21.160,21.360,21.500,20.720,2209047,46409482,15:08:45,41.58,2.546,350362.930302,271308.955302,1.69276
sz301280,301280,珠城科技,40.560,-0.42,-1.025,40.510,40.560,40.980,41.200,42.090,40.500,1452412,60244673,15:08:15,26.338,3.93,776692.346976,403302.056976,1.46069
sz301281,301281,科源制药,44.660,-1.53,-3.312,44.660,44.670,46.190,45.800,46.650,44.280,3344494,151957196,15:09:15,297.733,3.474,483623.14,316871.632,4.71374
sz301282,301282,金禄电子,27.960,1.51,5.709,27.950,27.960,26.450,26.600,29.160,26.020,24703467,698167866,15:08:30,46.6,3.415,589771.1145,493711.7385,13.99013
sz301283,301283,聚胶股份,25.660,-0.54,-2.061,25.660,25.740,26.200,26.240,26.310,25.610,1097000,28427936,15:08:45,10.647,1.739,298227.591896,234432.844332,1.20073
sz301285,301285,鸿日达,79.430,-0.19,-0.239,79.390,79.430,79.620,81.050,82.550,79.340,2165777,175488279,15:09:00,-240.697,17.393,1641579.81,1042404.116624,1.6503
sz301286,301286,侨源股份,42.080,-1.62,-3.707,42.080,42.090,43.700,44.410,44.720,42.000,2046379,88590787,15:09:15,71.809,8.31,1683620.8,678698.422784,1.26878
sz301287,301287,康力源,37.370,1.5,4.182,37.300,37.370,35.870,36.480,42.000,36.210,2422705,93299792,15:08:30,35.933,2.113,249145.79,63646.15495,14.22497
sz301288,301288,清研环境,16.680,-0.45,-2.627,16.660,16.680,17.130,17.130,17.380,16.640,3079203,52128368,15:08:45,-79.429,2.299,180160.68,130286.847828,3.94216
sz301289,301289,国缆检测,43.570,-0.71,-1.603,43.570,43.600,44.280,44.010,44.680,43.520,435650,19182400,15:09:00,39.252,3.284,339846.0,337671.4213,0.56212
sz301290,301290,东星医疗,29.020,0.17,0.589,29.020,29.080,28.850,29.210,29.350,28.640,1706281,49688890,15:09:15,-76.368,1.342,290703.015268,230936.905668,2.14415
sz301291,301291,明阳电气,41.080,1.54,3.895,41.070,41.080,39.540,39.550,43.460,39.210,16135615,666233182,15:09:15,21.851,2.552,1292131.462024,683199.150764,9.70216
sz301292,301292,海科新源,68.120,-0.99,-1.432,68.120,68.130,69.110,68.240,70.060,67.390,10927018,753023276,15:08:45,-84.099,5.307,1517684.839736,580308.537484,12.82677
sz301293,301293,三博脑科,59.040,0.97,1.67,59.030,59.040,58.070,57.790,59.700,56.810,19066085,1115481191,15:09:15,144.0,5.159,1216147.171248,1216147.171248,9.25597
sz301295,301295,美硕科技,46.590,-0.86,-1.812,46.590,46.690,47.450,48.360,48.360,46.390,2558784,120689729,15:09:15,211.773,4.81,469627.2,136974.6,8.70335
sz301296,301296,新巨丰,6.350,-0.08,-1.244,6.340,6.350,6.430,6.440,6.440,6.340,2501800,15973676,15:08:30,63.5,1.021,271488.86139,271482.67014,0.58517
sz301297,301297,富乐德,34.540,-0.98,-2.759,34.530,34.540,35.520,36.000,36.160,34.480,16993581,602397168,15:09:15,54.825,4.421,2398144.536348,1824496.545014,3.2171
sz301298,301298,东利机械,12.500,-0.22,-1.73,12.490,12.500,12.720,12.790,12.800,12.500,1246120,15752940,15:09:00,26.87,1.924,183500.0,135255.615,1.15163
sz301299,301299,卓创资讯,44.240,-0.88,-1.95,44.210,44.240,45.120,45.220,46.000,44.220,1082290,48734270,15:09:15,40.587,4.408,268371.43088,198103.220616,2.41695
sz301300,301300,远翔新材,31.060,-0.55,-1.74,31.050,31.150,31.610,31.650,31.880,31.000,576500,18071820,15:08:30,21.72,2.416,203222.474,121366.213878,1.47538
sz301301,301301,川宁生物,8.960,0,0,8.950,8.960,8.960,8.940,9.110,8.810,17111499,153614576,15:08:45,26.353,2.441,2000134.528,555503.967872,2.76
sz301302,301302,华如科技,23.840,-0.43,-1.772,23.840,23.850,24.270,24.280,24.530,23.840,4202822,101547705,15:08:45,-15.893,2.533,371582.16,331352.16,3.02383
sz301303,301303,真兰仪表,14.510,-0.35,-2.355,14.500,14.510,14.860,14.900,14.900,14.500,5783494,84854650,15:09:15,17.274,1.695,593168.8,148292.2,5.659
sz301305,301305,朗坤科技,23.830,0.53,2.275,23.780,23.830,23.300,23.310,24.840,23.310,8766598,211872654,15:08:30,21.632,1.483,576592.595932,296329.753182,7.04985
sz301306,301306,西测测试,96.000,-0.8,-0.826,96.000,96.010,96.800,98.800,98.800,95.890,2346296,228219616,15:08:15,-62.338,9.637,810240.0,559320.0,4.02711
sz301307,301307,美利信,52.400,-1.1,-2.056,52.400,52.410,53.500,53.740,55.380,52.350,6837391,369224572,15:09:00,-19.473,4.52,1103544.0,573918.6766,6.24268
sz301308,301308,江波龙,397.000,-17.3,-4.176,397.000,397.010,414.300,423.200,425.680,396.990,22277747,9197256452,15:09:15,116.422,9.038,16795521.9779,11189520.1124,7.90406
sz301309,301309,万得凯,31.800,-0.25,-0.78,31.800,31.810,32.050,31.990,32.630,31.510,1135575,36206783,15:08:30,27.895,1.908,319699.392,192633.429,1.87461
sz301310,301310,鑫宏业,51.150,-1.17,-2.236,51.150,51.200,52.320,52.590,55.830,51.050,9790757,524275023,15:08:45,52.419,4.126,976754.34384,311940.315885,16.05426
sz301311,301311,昆船智能,13.690,-0.17,-1.227,13.690,13.700,13.860,13.820,13.900,13.680,1706200,23490210,15:09:00,-35.103,1.917,328560.0,328560.0,0.71092
sz301312,301312,智立方,69.100,-3.08,-4.267,69.100,69.110,72.180,72.560,74.180,69.000,7305261,520180177,15:08:30,109.683,9.427,1164476.01928,585787.4417,8.61735
sz301313,301313,凡拓数创,36.850,-0.91,-2.41,36.850,36.860,37.760,37.980,39.080,36.850,7517524,286403992,15:09:00,-28.566,5.907,381225.779,289469.813325,9.56994
sz301314,301314,科瑞思,43.000,-0.75,-1.714,43.000,43.050,43.750,44.980,46.670,43.000,1491747,66136523,15:08:45,126.471,2.255,237575.0,78506.6566,8.17066
sz301315,301315,威士顿,44.580,-1.58,-3.423,44.580,44.620,46.160,43.600,48.450,43.600,9730105,443425284,15:09:00,135.749,3.796,392304.0,392304.0,11.05694
sz301316,301316,慧博云通,40.000,-0.32,-0.794,40.000,40.010,40.320,40.800,41.590,40.000,13051405,536140379,15:09:15,164.136,14.564,1614404.0,1564989.508,3.33584
sz301317,301317,鑫磊股份,44.910,-0.97,-2.114,44.890,44.910,45.880,46.170,47.380,44.810,2195344,101224248,15:08:30,24.408,5.755,705940.29,234415.527903,4.2059
sz301318,301318,维海德,20.850,-0.31,-1.465,20.810,20.850,21.160,21.270,21.820,20.810,1089125,23055569,15:08:45,32.578,1.493,282098.175225,194282.791575,1.16882
sz301319,301319,唯特偶,109.800,-3.86,-3.396,109.800,109.810,113.660,115.800,118.880,109.500,13830659,1588416971,15:08:45,172.506,16.656,2003380.8795,1509900.50286,10.05766
sz301320,301320,豪江智能,12.860,-0.27,-2.056,12.860,12.910,13.130,13.180,13.190,12.860,1503600,19582389,15:09:15,214.333,2.221,234064.86,146872.99905,1.31653
sz301321,301321,翰博高新,35.880,-1.15,-3.106,35.850,35.880,37.030,37.420,38.110,35.790,4689374,174211529,15:08:00,-65.236,6.856,668928.78,529645.720032,3.17674
sz301322,301322,绿通科技,38.200,-1.12,-2.848,38.180,38.200,39.320,39.470,40.500,38.060,5827265,230427683,15:08:45,123.226,1.924,544945.45396,367532.4376,6.05665
sz301323,301323,新莱福,73.650,-1.92,-2.541,73.650,73.660,75.570,75.730,76.970,73.600,1070900,80778110,15:09:00,54.963,3.488,784994.03235,504964.012995,1.56193
sz301325,301325,曼恩斯特,31.500,-0.86,-2.658,31.490,31.500,32.360,32.580,32.580,31.500,1108907,35503580,15:09:15,-40.909,1.713,453261.879,453261.879,0.77065
sz301326,301326,捷邦科技,99.770,-1.53,-1.51,99.750,99.770,101.300,101.710,104.930,99.530,1624914,167178953,15:08:30,-155.891,5.874,725424.956256,719091.407001,2.25448
sz301327,301327,华宝新能,45.240,-0.41,-0.898,45.240,45.280,45.650,45.780,45.780,45.200,949400,43201859,15:09:15,452.4,1.295,788901.254544,645905.3913,0.66497
sz301328,301328,维峰电子,59.000,-1.25,-2.075,58.990,59.000,60.250,59.870,61.490,58.800,2396965,144640508,15:09:00,64.835,4.716,940139.6949,679467.9717,2.08135
sz301329,301329,信音电子,19.700,-0.32,-1.598,19.700,19.710,20.020,20.100,20.340,19.700,4844400,97249875,15:09:15,54.722,2.112,335294.0,130098.8,7.33555
sz301330,301330,熵基科技,24.340,-0.38,-1.537,24.340,24.350,24.720,24.800,25.080,24.320,2276900,56330467,15:08:30,26.497,1.65,572845.6727,472942.437214,1.17181
sz301331,301331,恩威医药,22.050,0.19,0.869,22.030,22.050,21.860,21.980,22.450,21.520,2023332,44645858,15:08:45,43.681,2.089,226876.610835,226315.04805,1.97134
sz301332,301332,德尔玛,7.820,-0.18,-2.25,7.820,7.830,8.000,8.000,8.010,7.810,6703234,52999520,15:09:00,27.929,1.214,360941.875,207105.06768,2.53105
sz301333,301333,诺思格,63.570,-0.39,-0.61,63.570,63.600,63.960,64.600,66.080,61.700,7094101,452759395,15:09:15,44.455,3.076,613967.044392,613186.519218,7.35456
sz301335,301335,天元宠物,22.370,-0.37,-1.627,22.370,22.380,22.740,22.710,22.860,22.310,2014000,45421428,15:08:30,49.711,1.475,285883.9023,197732.785439,2.27849
sz301336,301336,趣睡科技,45.400,-0.74,-1.604,45.350,45.400,46.140,46.450,46.960,45.300,1618952,74502143,15:08:45,58.961,2.797,235646.6116,182353.30404,4.03066
sz301337,301337,亚华电子,25.710,-0.17,-0.657,25.710,25.770,25.880,25.720,26.460,25.700,1074045,28028358,15:09:00,-183.643,2.471,267898.2,262071.7998,1.05367
sz301338,301338,凯格精机,98.600,-2,-1.988,98.600,98.610,100.600,102.450,104.740,98.450,5743461,585557679,15:08:30,56.343,8.649,1468745.6,1070155.1,5.29181
sz301339,301339,通行宝,11.370,-0.18,-1.558,11.360,11.370,11.550,11.550,11.650,11.340,3512340,40328976,15:08:30,29.85,2.346,659707.1838,651771.312654,0.61272
sz301345,301345,涛涛车业,255.930,4.97,1.98,255.920,255.930,250.960,250.960,262.000,248.530,1518373,392003785,15:08:45,34.124,7.386,2790892.874103,896521.407978,4.3345
sz301348,301348,蓝箭电子,20.150,-0.56,-2.704,20.140,20.150,20.710,20.890,21.050,20.140,8714067,179821013,15:09:15,-125.938,3.291,483600.0,389859.340715,4.50389
sz301349,301349,信德新材,43.330,-0.09,-0.207,43.330,43.350,43.420,43.800,44.350,43.140,3328860,146120226,15:09:15,113.251,2.234,617445.91384,487532.525613,2.95856
sz301353,301353,普莱得,19.450,-0.3,-1.519,19.450,19.510,19.750,19.700,19.880,19.380,1795286,35223851,15:08:30,26.284,1.878,247047.817985,79408.267985,4.39731
sz301355,301355,南王科技,9.990,-0.15,-1.479,9.990,10.020,10.140,10.140,10.160,9.980,1946900,19558708,15:08:45,-71.357,1.321,194902.830072,139578.210072,1.39345
sz301356,301356,天振股份,19.880,-0.44,-2.165,19.840,19.880,20.320,20.590,20.760,19.810,1902998,38587652,15:09:00,50.974,1.436,429408.0,251874.63,1.502
sz301357,301357,北方长龙,103.180,-3.62,-3.39,103.180,103.200,106.800,107.270,107.790,103.000,5598641,585627251,15:09:15,343.933,8.61,982273.6,982273.6,5.88093
sz301358,301358,湖南裕能,66.390,-1.11,-1.644,66.390,66.400,67.500,67.000,67.730,66.300,15020248,1005749289,15:09:15,39.518,2.956,5628090.477462,5074384.048425,1.96515
sz301359,301359,东南电子,16.480,-0.25,-1.494,16.470,16.480,16.730,17.000,17.030,16.460,1705520,28552363,15:08:45,48.471,2.304,198050.048,117250.300496,2.39718
sz301360,301360,荣旗科技,52.500,-1,-1.869,52.500,52.540,53.500,54.060,54.250,52.500,2144355,114638937,15:09:00,65.625,3.065,366374.19,178786.167,6.29683
sz301361,301361,众智科技,28.190,-0.31,-1.088,28.180,28.190,28.500,28.400,28.920,28.140,1265138,36141221,15:09:15,33.964,2.617,327951.184,158811.184,2.2457
sz301362,301362,民爆光电,128.000,-2.74,-2.096,128.000,128.010,130.740,133.350,137.790,128.000,5005146,665136284,15:08:45,71.508,7.324,1868091.8528,524091.8528,12.22417
sz301363,301363,美好医疗,17.490,0.1,0.575,17.490,17.500,17.390,17.370,17.850,17.170,13684325,240929945,15:09:15,34.98,3.679,1392145.989168,913031.068158,2.62137
sz301365,301365,矩阵股份,38.420,-0.52,-1.335,38.420,38.480,38.940,39.500,39.800,38.410,1709400,66781926,15:09:00,109.771,3.979,700891.453442,473038.139538,1.38837
sz301366,301366,一博科技,56.900,2.1,3.832,56.900,56.950,54.800,55.480,60.000,54.380,21440651,1211888933,15:09:15,406.138,5.407,1192260.98369,665709.2884,18.32591
sz301367,301367,瑞迈特,46.250,-0.5,-1.07,46.240,46.250,46.750,46.740,47.640,46.120,2050732,96138342,15:08:15,18.209,1.883,579440.141875,453708.97575,2.09047
sz301368,301368,丰立智能,42.500,-1.06,-2.433,42.500,42.510,43.560,44.020,44.100,42.500,1931570,83554762,15:08:00,-193.182,5.415,510425.0,510425.0,1.6083
sz301369,301369,联动科技,142.210,-2.34,-1.619,142.200,142.240,144.550,146.430,150.970,141.850,3415780,502913379,15:09:00,296.271,9.588,1454918.925159,780011.056261,6.22758
sz301370,301370,国科恒泰,9.190,0.19,2.111,9.180,9.190,9.000,8.960,9.390,8.810,8483700,77352328,15:09:15,65.643,1.724,432481.4,432481.4,1.80274
sz301371,301371,敷尔佳,25.210,-0.4,-1.562,25.210,25.220,25.610,25.490,25.850,25.190,3750344,95508534,15:08:30,30.373,2.235,1311182.184,196575.7313,4.80966
sz301372,301372,科净源,29.200,-1.7,-5.502,29.200,29.240,30.900,30.830,31.500,29.180,1815400,54359275,15:08:45,-53.091,2.702,200228.5756,120217.6994,4.40947
sz301373,301373,凌玮科技,102.350,4.55,4.652,102.350,102.360,97.800,104.160,111.880,102.000,12869088,1377426062,15:08:30,80.591,6.532,1110211.851385,712923.192995,18.47536
sz301376,301376,致欧科技,20.450,0.12,0.59,20.440,20.450,20.330,20.380,20.770,20.050,3728900,76709094,15:09:15,24.345,2.395,823049.053875,395999.67733,1.92566
sz301377,301377,鼎泰高科,445.000,-4.57,-1.017,444.910,445.000,449.570,460.000,479.880,443.500,3980155,1840072971,15:09:15,419.811,65.031,18869999.563,4399311.563,4.02601
sz301378,301378,通达海,26.000,-0.63,-2.366,26.000,26.010,26.630,26.930,27.080,26.000,3310404,87769038,15:09:15,-20.0,2.114,251160.0,119650.7806,7.19348
sz301379,301379,天山电子,22.160,-0.44,-1.947,22.150,22.160,22.600,23.000,23.250,22.150,14615807,333528788,15:09:00,30.511,4.201,614899.487088,484594.219632,6.68366
sz301380,301380,挖金客,31.490,-0.01,-0.032,31.470,31.490,31.500,31.500,32.070,31.210,3198014,101200781,15:09:15,74.976,4.226,319284.771517,259324.064207,3.88338
sz301381,301381,赛维时代,22.960,0.07,0.306,22.950,22.960,22.890,22.700,23.560,22.700,4891503,113292409,15:08:30,32.6,3.333,933289.417648,932421.529648,1.20449
sz301382,301382,蜂助手,43.250,1.27,3.025,43.240,43.250,41.980,43.220,45.550,43.210,34771633,1541703343,15:09:15,79.212,6.466,1235193.630475,1022243.84335,14.71149
sz301383,301383,天键股份,22.670,-0.08,-0.352,22.660,22.670,22.750,23.000,23.990,22.460,3705984,85940612,15:09:00,-113.35,1.898,370162.561,160082.18737,5.24822
sz301386,301386,未来电器,19.950,-0.19,-0.943,19.940,19.950,20.140,20.270,20.310,19.910,869400,17513891,15:09:15,28.955,1.834,279300.0,89775.0,1.932
sz301387,301387,光大同创,58.170,-0.56,-0.954,58.170,58.180,58.730,59.300,61.490,58.170,2923087,174998540,15:08:15,342.378,3.826,624333.979668,248284.695834,6.84843
sz301388,301388,欣灵电气,24.160,-0.34,-1.388,24.160,24.170,24.500,24.520,24.830,24.150,1052500,25625593,15:08:45,115.048,2.513,247513.4016,175602.214976,1.44807
sz301389,301389,隆扬电子,52.550,-0.2,-0.379,52.550,52.560,52.750,53.610,57.330,52.000,10744403,588983325,15:08:45,142.027,6.635,1489792.5,1489792.5,3.78991
sz301390,301390,经纬股份,31.410,0.67,2.18,31.410,31.420,30.740,30.680,32.050,30.410,1522800,47599339,15:09:15,357.745,2.007,188460.0,154085.46138,3.1042
sz301391,301391,卡莱特,49.620,-0.89,-1.762,49.620,49.720,50.510,51.180,51.190,49.550,614830,31048175,15:08:30,236.286,2.25,471463.492182,460650.351402,0.66228
sz301392,301392,汇成真空,167.470,-9.57,-5.406,167.430,167.490,177.040,180.000,183.000,165.500,5227240,911860400,15:08:45,761.227,22.115,1674700.0,683209.121517,12.81315
sz301393,301393,昊帆生物,69.090,2.08,3.104,69.050,69.090,67.010,66.210,71.090,66.210,3795032,262592967,15:09:00,64.6,3.124,746172.0,303773.357475,8.63139
sz301395,301395,仁信新材,12.260,-0.21,-1.684,12.240,12.260,12.470,12.620,13.000,12.120,2681200,33625551,15:09:15,88.841,2.065,297734.636988,158583.943488,2.07281
sz301396,301396,宏景科技,204.320,9.47,4.86,204.320,204.330,194.850,209.670,225.500,201.000,35442430,7606809213,15:09:15,1187.907,35.466,4391338.71208,2891266.83544,25.04645
sz301397,301397,溯联股份,26.920,-1.63,-5.709,26.920,26.940,28.550,28.530,28.700,26.900,5006645,138996769,15:09:15,29.582,2.689,544234.619264,248899.267272,5.415
sz301398,301398,星源卓镁,34.070,-1.06,-3.017,34.070,34.080,35.130,35.130,35.560,34.010,1411973,49180215,15:09:00,83.098,3.462,381588.108842,371982.924092,1.29323
sz301399,301399,英特科技,17.600,0.34,1.97,17.590,17.600,17.260,17.450,18.000,17.200,5298153,93417865,15:09:00,97.778,2.468,325635.2,96243.11136,9.68874
sz301408,301408,华人健康,16.840,0.33,1.999,16.840,16.850,16.510,16.370,17.250,16.050,34395474,574425719,15:09:00,35.083,3.095,673616.84,385567.63802,15.02252
sz301413,301413,安培龙,69.100,-3.31,-4.571,69.100,69.130,72.410,72.390,73.990,68.930,8440883,605570460,15:09:15,75.109,6.959,883945.0278,527750.06839,11.05192
sz301418,301418,协昌科技,37.390,-0.71,-1.864,37.380,37.390,38.100,38.200,38.690,37.390,1850800,70536492,15:09:00,534.143,1.698,274193.335826,110062.452826,6.28747
sz301419,301419,阿莱德,31.350,-0.57,-1.786,31.350,31.360,31.920,32.280,32.820,31.350,3319875,106762014,15:09:15,59.151,4.836,470250.0,310861.11375,3.34806
sz301421,301421,波长光电,79.310,-2.35,-2.878,79.300,79.310,81.660,83.000,83.120,79.190,6040316,490611081,15:09:00,255.839,7.567,917759.458,367272.594535,13.04365
sz301428,301428,世纪恒通,30.520,0.31,1.026,30.520,30.530,30.210,31.800,33.320,30.330,10693246,340457417,15:08:45,-82.777,2.499,301130.667684,212502.99266,15.3578
sz301429,301429,森泰股份,16.960,-0.28,-1.624,16.930,16.960,17.240,17.330,17.330,16.930,1334142,22907952,15:09:00,38.336,1.478,200501.12,74659.634656,3.03069
sz301439,301439,泓淋电力,16.040,0.75,4.905,16.030,16.040,15.290,15.380,16.360,15.360,16654998,264498936,15:09:00,30.846,2.05,624119.301636,293928.066096,9.08883
sz301446,301446,福事特,38.020,-1.05,-2.687,38.020,38.040,39.070,39.070,39.380,37.900,715600,27593688,15:08:30,52.082,3.259,395408.0,120797.144,2.2523
sz301448,301448,开创电气,45.850,1.42,3.196,45.790,45.850,44.430,45.010,47.220,44.010,2682330,123900627,15:08:45,-2292.5,6.93,479591.0,324998.555,3.78417
sz301449,301449,天溯计量,39.500,-2.19,-5.253,39.500,39.510,41.690,41.600,41.600,39.380,3195689,128460337,15:09:00,18.72,3.13,360652.1746,81146.74205,15.55573
sz301456,301456,盘古智能,23.330,-0.39,-1.644,23.320,23.330,23.720,23.780,23.860,23.300,974500,22968458,15:09:15,41.661,1.595,354824.395225,159931.438054,1.42155
sz301458,301458,钧崴电子,37.990,-0.63,-1.631,37.990,38.000,38.620,39.030,39.850,37.990,8231635,321835493,15:08:45,75.98,5.956,1013066.7933,446314.068613,7.00672
sz301459,301459,丰茂股份,35.240,-0.31,-0.872,35.230,35.240,35.550,35.630,36.080,35.110,1026401,36519655,15:08:45,40.064,2.881,366925.29368,91972.844284,3.93272
sz301468,301468,博盈特焊,33.060,-0.68,-2.015,33.060,33.090,33.740,33.570,34.470,33.060,3507820,118261869,15:09:00,80.634,2.423,559203.42024,322346.200728,3.59764
sz301469,301469,恒达新材,28.330,-0.34,-1.186,28.330,28.350,28.670,28.600,28.950,28.230,658500,18816270,15:09:15,31.478,1.797,253496.84,130484.254605,1.4297
sz301479,301479,弘景光电,50.930,1.29,2.599,50.910,50.930,49.640,50.100,51.890,49.660,3362573,171477472,15:08:15,22.436,4.85,634340.616338,363135.544816,4.71603
sz301486,301486,致尚科技,168.040,-2,-1.176,168.040,168.050,170.040,173.600,179.900,167.900,10168505,1768748711,15:08:45,227.081,8.471,2164165.06274,1225080.866088,13.94778
sz301487,301487,盟固利,16.420,-0.29,-1.735,16.420,16.430,16.710,16.800,16.960,16.420,8830984,146982703,15:09:00,277.365,3.909,754690.191196,754690.191196,1.92138
sz301488,301488,豪恩汽电,102.950,-0.91,-0.876,102.950,102.980,103.860,103.360,107.580,102.650,1768343,186335097,15:09:15,127.099,7.526,1044043.72591,427787.012845,4.25564
sz301489,301489,思泉新材,104.210,0.81,0.783,104.210,104.260,103.400,104.800,108.320,103.700,6466630,687751960,15:08:30,138.947,11.075,1211895.855704,725101.172907,9.2937
sz301491,301491,汉桑科技,39.470,-0.62,-1.547,39.470,39.500,40.090,40.060,40.880,39.460,766498,30697948,15:08:45,19.443,2.339,509163.0,150976.06548,2.00387
sz301498,301498,乖宝宠物,42.550,-1.23,-2.81,42.550,42.560,43.780,43.790,43.950,42.510,6226030,269055002,15:09:00,25.327,3.591,1704011.9342,763102.90767,3.47158
sz301499,301499,维科精密,25.080,-0.68,-2.64,25.060,25.080,25.760,25.980,25.980,25.080,1708800,43523094,15:09:15,64.308,2.654,346743.203928,346743.203928,1.23598
sz301500,301500,飞南资源,23.180,-0.93,-3.857,23.170,23.180,24.110,24.010,24.330,23.070,10789302,255168879,15:08:30,45.194,2.507,1300589.853906,333909.448424,7.48994
sz301501,301501,恒鑫生活,29.930,1.54,5.424,29.920,29.930,28.390,28.400,30.200,28.110,4488986,131417761,15:08:15,18.539,2.087,442664.7,130195.5,10.31951
sz301502,301502,华阳智能,51.850,-1.47,-2.757,51.850,52.040,53.320,53.550,54.200,51.730,552991,29349366,15:09:00,138.859,3.535,295977.9475,122732.968375,2.33618
sz301503,301503,智迪科技,21.630,-0.26,-1.188,21.620,21.630,21.890,22.010,22.120,21.580,734038,16085149,15:09:15,16.263,2.05,224952.0,124735.884,1.27287
sz301505,301505,苏州规划,16.340,-0.27,-1.626,16.300,16.340,16.610,16.700,16.700,16.300,1441300,23732123,15:08:30,86.0,1.917,186929.585294,148970.801234,1.5809
sz301507,301507,民生健康,13.050,-0.01,-0.077,13.050,13.060,13.060,13.040,13.270,12.750,5810155,75866652,15:08:45,39.545,2.829,465303.40065,143793.84969,5.273
sz301508,301508,中机认检,23.700,-0.42,-1.741,23.680,23.700,24.120,24.050,24.120,23.670,1182867,28299624,15:09:00,35.341,2.585,535821.924,139442.268,2.01043
sz301509,301509,金凯生科,33.020,0.91,2.834,33.020,33.040,32.110,32.110,33.850,31.610,7843559,258581174,15:09:15,37.954,1.789,397714.901038,187358.544256,13.82346
sz301510,301510,固高科技,26.390,-0.66,-2.44,26.380,26.390,27.050,27.050,27.200,26.370,6622585,177869910,15:08:30,164.938,7.355,1067261.42432,736701.28714,2.37233
sz301511,301511,德福科技,89.900,0.04,0.045,89.900,89.910,89.860,90.360,98.580,89.690,41139499,3858096373,15:09:00,503.641,13.63,5666594.78,3367273.05774,10.98349
sz301512,301512,智信精密,30.980,-0.47,-1.494,30.940,30.980,31.450,31.490,31.930,30.850,991346,31045341,15:09:00,47.662,2.192,231317.62248,150938.46348,2.03473
sz301513,301513,尚水智能,49.400,-0.38,-0.763,49.390,49.400,49.780,49.880,50.950,49.400,1263799,63607926,15:09:15,23.084,6.485,494000.0,99536.00566,6.27227
sz301515,301515,港通医疗,18.940,-0.32,-1.661,18.940,18.970,19.260,19.260,19.320,18.750,1624631,31050938,15:08:30,-691.241,1.546,189400.0,127953.9997,2.40481
sz301516,301516,中远通,15.950,-0.22,-1.361,15.950,15.960,16.170,16.180,16.360,15.950,4627229,74926160,15:08:45,-78.34,3.534,447719.299225,111929.825205,6.5938
sz301517,301517,陕西华达,40.810,-0.97,-2.322,40.800,40.810,41.780,41.780,42.270,40.810,2297033,95773135,15:08:15,-92.33,4.851,617199.74778,398222.26598,2.35401
sz301518,301518,长华化学,26.920,0.48,1.815,26.920,26.930,26.440,26.430,28.680,26.150,10016126,275051714,15:09:15,39.014,2.355,391603.93438,158126.838988,17.05176
sz301519,301519,舜禹股份,11.790,-0.26,-2.158,11.780,11.790,12.050,12.110,12.130,11.750,2459500,29211504,15:08:30,-69.353,1.385,190576.954341,89713.504341,3.23223
sz301520,301520,万邦医药,88.680,14.78,20,88.680,0.000,73.900,74.000,88.680,70.070,16115367,1276425647,15:09:15,161.236,5.451,826243.735764,289969.792524,49.28481
sz301522,301522,上大股份,23.410,-0.46,-1.927,23.410,23.420,23.870,24.100,24.100,23.410,4111900,97315859,15:09:00,86.607,4.463,870539.867447,647945.882447,1.48561
sz301525,301525,儒竞科技,41.700,-1.06,-2.479,41.700,41.730,42.760,42.780,42.930,41.700,859540,36408157,15:09:15,31.353,1.691,550592.10075,288404.18892,1.2428
sz301526,301526,国际复材,36.440,-2.31,-5.961,36.440,36.450,38.750,39.510,40.300,36.310,207271712,7885977512,15:09:15,504.011,16.098,13741079.606912,5117607.811412,14.75881
sz301528,301528,多浦乐,53.780,-0.52,-0.958,53.780,53.790,54.300,54.070,55.620,53.520,1175678,64049803,15:08:45,50.065,3.084,482702.39,248766.558874,2.54166
sz301529,301529,福赛科技,106.320,7.31,7.383,106.280,106.320,99.010,98.500,109.550,97.410,6288914,655794609,15:09:00,66.868,8.941,1259081.671488,675840.877968,9.89341
sz301531,301531,春光集团,50.680,-0.57,-1.112,50.680,50.690,51.250,51.790,52.680,50.660,2979864,154808120,15:09:15,67.573,10.364,1113608.56712,237606.353404,6.35587
sz301533,301533,威马农机,26.140,-0.6,-2.244,26.140,26.200,26.740,27.000,27.050,26.140,1023860,27145463,15:08:30,84.323,2.282,256973.7138,74627.6088,3.5863
sz301535,301535,浙江华远,15.860,0.02,0.126,15.850,15.860,15.840,15.770,16.330,15.560,4324389,68763516,15:08:15,66.083,5.793,674516.471148,269296.643148,2.54681
sz301536,301536,星宸科技,122.300,-2.11,-1.696,122.300,122.310,124.410,126.500,127.990,122.300,15661665,1967201354,15:09:15,167.534,15.998,5157577.28736,2289373.59426,8.36658
sz301538,301538,骏鼎达,39.260,-0.98,-2.435,39.260,39.270,40.240,40.280,40.880,39.210,1626589,65216450,15:09:15,15.777,2.93,430917.76,171595.798114,3.72153
sz301539,301539,宏鑫科技,14.650,-0.27,-1.81,14.650,14.660,14.920,15.070,15.070,14.640,1192800,17679051,15:08:30,77.105,2.81,216820.0,109965.46082,1.58909
sz301548,301548,崇德科技,63.730,-0.86,-1.331,63.730,63.740,64.590,64.550,65.680,63.720,1590204,103141148,15:08:00,41.116,3.505,554451.0,186039.647304,5.44742
sz301550,301550,斯菱智驱,91.100,2.41,2.717,91.090,91.100,88.690,88.710,93.660,87.000,17628393,1610900707,15:09:15,121.467,16.354,3055027.1125,1869819.49231,8.58878
sz301551,301551,无线传媒,21.930,0.36,1.669,21.930,21.940,21.570,21.700,23.310,21.400,17305521,386486935,15:08:45,33.537,3.478,877221.93,338936.30796,11.19709
sz301552,301552,科力装备,25.270,-0.56,-2.168,25.250,25.270,25.830,25.850,26.000,25.270,2100182,53834905,15:08:00,15.503,2.587,312741.52,78185.38,6.78792
sz301555,301555,惠柏新材,31.030,-0.52,-1.648,31.020,31.030,31.550,31.840,31.890,31.030,1451933,45636738,15:08:45,39.278,2.534,286303.5701,150013.75925,3.00329
sz301556,301556,托普云农,60.150,-1.35,-2.195,60.150,60.160,61.500,61.680,62.500,60.150,1323702,81202797,15:08:15,48.12,5.182,512959.2,177322.2,4.49017
sz301557,301557,常友科技,80.590,-0.88,-1.08,80.530,80.590,81.470,82.480,83.000,80.100,716110,58358029,15:09:15,38.56,4.82,499907.982121,200435.203643,2.8793
sz301558,301558,三态股份,6.600,-0.12,-1.786,6.590,6.600,6.720,6.700,6.780,6.580,4228700,28239895,15:08:30,106.969,3.764,520641.80718,144858.02232,1.92667
sz301559,301559,中集环科,13.150,-0.14,-1.053,13.150,13.160,13.290,13.290,13.350,13.140,1589075,21022971,15:08:45,69.211,1.72,789000.0,118350.0,1.76564
sz301560,301560,众捷汽车,23.820,-0.41,-1.692,23.820,23.840,24.230,24.540,24.550,23.810,1380789,33372958,15:09:00,41.789,3.004,289651.2,145444.92,2.26136
sz301563,301563,云汉芯城,125.380,-2.88,-2.245,125.370,125.380,128.260,130.000,131.790,125.350,1771124,228592827,15:09:15,67.048,8.388,1061353.335264,239923.34391,9.2556
sz301565,301565,中仑新材,19.500,-0.26,-1.316,19.490,19.500,19.760,19.800,19.840,19.480,3432077,67518885,15:08:30,97.5,3.194,780019.5,249619.5,2.6811
sz301566,301566,达利凯普,27.260,-1.43,-4.984,27.260,27.270,28.690,29.000,29.130,27.180,43011388,1212043732,15:09:15,68.15,7.16,1090427.26,588570.229292,19.92099
sz301567,301567,贝隆精密,35.550,-1.06,-2.895,35.530,35.560,36.610,36.720,37.300,35.520,1369425,49685622,15:09:00,-323.182,3.522,255960.0,75507.66675,6.44743
sz301568,301568,思泰克,67.310,-1.25,-1.823,67.300,67.310,68.560,69.250,71.330,67.210,3118200,216453048,15:09:15,61.86,6.502,695032.2904,321593.718,6.52643
sz301571,301571,国科天成,67.360,0.7,1.05,67.330,67.360,66.660,66.640,68.770,65.700,4616300,310024423,15:08:30,59.088,5.854,1208612.916288,802706.15024,3.87382
sz301575,301575,艾芬达,27.400,-0.36,-1.297,27.400,27.410,27.760,27.760,28.120,27.400,753613,20944273,15:08:45,16.707,2.34,332466.12,66779.143,3.09213
sz301577,301577,美信科技,55.410,-1.23,-2.172,55.410,55.450,56.640,57.000,57.830,55.340,1584412,90195303,15:09:00,-503.727,3.391,249508.4595,104398.839855,8.40931
sz301578,301578,辰奕智能,22.750,-0.24,-1.044,22.700,22.750,22.990,22.950,23.300,22.670,1365461,31466200,15:09:15,73.387,2.589,240993.0432,68524.97925,4.53327
sz301580,301580,爱迪特,52.600,-0.62,-1.165,52.600,52.610,53.220,53.280,55.220,52.600,7324403,396443683,15:08:30,28.587,3.618,784741.24626,530216.03728,7.26616
sz301581,301581,黄山谷捷,36.430,-0.63,-1.7,36.430,36.470,37.060,37.200,37.500,36.400,509000,18853387,15:08:45,52.797,2.864,291440.0,154078.8635,1.20347
sz301583,301583,托伦斯,155.100,-8.9,-5.427,155.100,155.200,164.000,166.350,167.780,155.000,10761482,1743527739,15:09:15,218.451,31.623,2876696.96292,478194.59523,34.90432
sz301584,301584,建发致新,23.640,0.55,2.382,23.640,23.650,23.090,23.090,24.190,22.580,8144884,191805384,15:09:15,32.833,4.592,995926.035276,126980.56974,15.16335
sz301585,301585,蓝宇股份,27.700,-0.25,-0.894,27.680,27.700,27.950,28.010,28.400,27.680,1753179,49243657,15:08:30,40.735,2.869,288080.0,188661.73887,2.57408
sz301586,301586,佳力奇,31.870,-0.4,-1.24,31.850,31.870,32.270,32.400,32.400,31.820,527450,16922418,15:08:45,46.188,2.04,264442.928061,168627.58009,0.99686
sz301587,301587,中瑞股份,21.200,-0.37,-1.715,21.200,21.230,21.570,21.500,21.610,21.200,2368266,50703395,15:08:30,60.972,1.565,312335.4448,155720.4448,3.22419
sz301588,301588,美新科技,31.460,-0.61,-1.902,31.460,31.490,32.070,32.080,32.590,31.430,6303862,201916557,15:09:15,121.0,3.948,373957.954084,230787.989718,8.59315
sz301589,301589,诺瓦星云,143.330,2.44,1.732,143.330,143.360,140.890,141.290,144.170,141.000,603992,86361425,15:08:30,22.153,3.461,1325057.184,493986.27168,1.75248
sz301590,301590,优优绿能,77.000,-0.63,-0.812,77.000,77.090,77.630,78.000,80.660,77.000,809096,63976034,15:08:45,27.018,2.339,453332.7183,187669.02,3.3197
sz301591,301591,肯特股份,34.810,3.32,10.543,34.810,34.850,31.490,32.050,36.360,31.980,15597740,538687242,15:09:15,44.628,4.139,380668.236,155582.414307,34.89837
sz301592,301592,六九一二,106.630,-1.78,-1.642,106.630,106.700,108.410,108.540,110.190,105.040,1327210,143218774,15:09:15,140.192,7.949,746410.0,249070.875112,5.68193
sz301595,301595,太力科技,40.180,-1.02,-2.476,40.150,40.180,41.200,41.460,41.890,40.180,779034,32012921,15:08:30,63.778,4.755,435069.04,164064.985,1.90788
sz301596,301596,瑞迪智驱,54.680,-2.04,-3.597,54.640,54.680,56.720,56.990,56.990,54.680,3691666,205647696,15:09:15,34.466,6.601,590715.80456,239734.934744,8.42015
sz301598,301598,博科测试,47.880,-0.83,-1.704,47.870,47.880,48.710,48.520,48.930,47.880,437200,21184770,15:09:00,23.379,2.802,281999.903724,86328.707724,2.42482
sz301599,301599,理奇智能,34.740,-0.82,-2.306,34.740,34.750,35.560,35.790,36.980,34.720,3682060,132156358,15:09:15,46.32,9.897,1499378.4,190029.662064,6.73131
sz301600,301600,慧翰股份,87.170,-1.51,-1.703,87.090,87.170,88.680,89.430,90.900,87.080,809454,71948782,15:08:30,57.236,7.175,911131.3495,281197.3445,2.50927
sz301601,301601,惠通科技,16.330,-0.15,-0.91,16.330,16.340,16.480,16.540,16.540,16.280,1588100,26049089,15:08:45,29.925,1.728,229403.84,137955.84,1.87985
sz301602,301602,超研股份,20.400,2.02,10.99,20.400,20.410,18.380,18.000,21.280,17.810,29444849,568242943,15:09:15,58.286,6.38,873792.46152,425338.75764,14.12227
sz301603,301603,乔锋智能,126.070,0.06,0.048,126.070,126.120,126.010,126.500,134.440,126.000,1947414,252887829,15:09:15,43.323,6.086,1522421.32,475693.6275,5.16111
sz301606,301606,绿联科技,51.790,-0.96,-1.82,51.790,51.840,52.750,53.010,53.500,51.600,2748166,145015451,15:09:00,30.497,5.936,2148817.885274,854528.769663,1.66557
sz301607,301607,富特科技,43.140,2.05,4.989,43.130,43.140,41.090,41.260,45.530,41.260,13868641,610383781,15:08:45,22.237,7.697,1010031.336906,654827.568978,9.13665
sz301608,301608,博实结,46.500,-0.85,-1.795,46.500,46.530,47.350,47.530,48.750,46.500,1851998,88582468,15:09:00,17.63,2.772,616567.215,276704.54145,3.11227
sz301609,301609,山大电力,37.450,2.23,6.332,37.440,37.450,35.220,35.400,37.510,34.900,8151488,296790094,15:09:15,37.828,4.706,609985.6,367630.3967,8.30381
sz301611,301611,珂玛科技,102.970,-3.24,-3.051,102.970,102.980,106.210,107.650,108.780,102.940,10157842,1080203128,15:09:15,156.015,24.529,4489492.0,1509361.938336,6.92977
sz301613,301613,新铝时代,39.020,-0.43,-1.09,39.010,39.020,39.450,39.550,39.790,38.900,1248380,49110067,15:08:45,24.388,3.319,561268.545794,327382.665794,1.48792
sz301616,301616,浙江华业,35.780,0.12,0.337,35.780,35.880,35.660,36.370,36.370,35.100,583176,20717773,15:09:00,13.634,1.961,286240.0,101621.608198,2.05331
sz301617,301617,博苑新材,48.020,-1.45,-2.931,48.020,48.030,49.470,49.380,49.840,48.020,1544962,75490558,15:09:15,37.225,4.686,834261.064,331107.504,2.24063
sz301618,301618,长联科技,32.940,-0.13,-0.393,32.940,32.950,33.070,33.100,33.990,32.770,1282343,42639177,15:08:30,73.119,4.388,416039.459976,158610.747834,2.66315
sz301622,301622,英思特,41.410,-0.96,-2.266,41.410,41.420,42.370,42.840,42.840,41.410,1250961,52428355,15:08:45,36.646,3.089,480073.91508,267754.558836,1.93469
sz301626,301626,苏州天脉,243.700,-10.39,-4.089,243.700,243.770,254.090,254.090,259.480,243.700,1730312,439569157,15:09:00,181.866,17.45,2819121.6,1282324.98126,3.28838
sz301628,301628,强达电路,83.810,-2.1,-2.444,83.810,83.860,85.910,85.780,87.500,83.760,1593094,135894018,15:08:30,52.381,5.287,631724.5798,233627.0798,5.71497
sz301629,301629,矽电股份,252.560,-7.04,-2.712,252.550,252.560,259.600,262.010,268.000,252.300,994000,259339305,15:08:30,187.081,8.911,1053864.032144,484815.539824,5.17815
sz301630,301630,同宇新材,172.200,-3.43,-1.953,172.200,172.300,175.630,177.800,181.280,172.200,1199682,212994734,15:08:45,46.216,5.51,964320.0,361270.434,5.7183
sz301631,301631,壹连科技,64.750,2.12,3.385,64.750,64.760,62.630,63.680,68.990,63.660,4274079,281583192,15:09:00,20.171,3.108,828673.1677,282273.992525,9.80418
sz301632,301632,广东建科,14.120,-0.25,-1.74,14.110,14.120,14.370,14.160,14.270,14.110,8631245,122161398,15:09:15,42.788,2.133,591006.72,259543.25,4.69568
sz301633,301633,港迪技术,58.780,0.13,0.222,58.780,58.820,58.650,58.530,60.400,58.100,684464,40617545,15:08:30,45.215,3.518,327287.04,149951.553676,2.68305
sz301636,301636,泽润新能,40.560,-1.12,-2.687,40.550,40.560,41.680,42.000,42.120,40.530,911400,37430413,15:08:45,69.931,2.474,262399.362888,153107.603688,2.41441
sz301638,301638,南网数字,23.830,0.19,0.804,23.830,23.840,23.640,23.780,24.250,23.650,16554667,396745793,15:09:00,103.609,6.753,7577106.49809,596307.633915,6.61567
sz301656,301656,联合动力,16.780,-0.31,-1.814,16.780,16.790,17.090,17.090,17.230,16.770,5677182,96470962,15:09:15,32.269,4.183,4035239.14698,341689.490526,2.788
sz301658,301658,首航新能,24.620,-0.95,-3.715,24.610,24.620,25.570,25.700,25.710,24.600,6402905,160485815,15:08:30,63.128,3.184,1015257.73437,239839.868622,6.5727
sz301662,301662,宏工科技,69.990,-1.84,-2.562,69.960,69.990,71.830,71.500,72.500,69.990,2198648,156953228,15:08:45,85.354,5.241,811884.0,312099.533982,4.93059
sz301665,301665,泰禾股份,23.820,0.45,1.926,23.820,23.830,23.370,23.380,24.010,23.050,5291436,124783262,15:09:00,22.262,2.869,1071900.0,248132.94,5.07962
sz301666,301666,大普微,430.000,-9.2,-2.095,429.880,430.000,439.200,451.600,466.800,429.200,2876627,1291747414,15:09:00,-352.459,233.861,18757303.48,1140202.749,10.84851
sz301667,301667,纳百川,69.240,-2.11,-2.957,69.200,69.240,71.350,72.730,72.730,69.160,3055038,214547635,15:08:45,60.209,5.996,773200.3104,164305.06596,12.87427
sz301668,301668,昊创瑞通,36.320,-0.86,-2.313,36.320,36.350,37.180,37.570,37.570,36.270,2047165,75287207,15:08:30,30.78,3.947,399520.0,88361.377136,8.41465
sz301669,301669,高特电子,29.740,-0.7,-2.3,29.710,29.740,30.440,30.540,30.990,29.630,8695722,263495387,15:08:30,78.263,14.956,1427520.0,243533.55883,10.6191
sz301677,301677,欣兴工具,61.270,-0.72,-1.161,61.270,61.280,61.990,62.100,63.800,61.210,5518008,345793548,15:08:30,23.297,4.39,612700.0,131362.990286,25.73696
sz301678,301678,新恒汇,45.200,-1.5,-3.212,45.180,45.200,46.700,47.180,47.200,45.200,2985723,138273524,15:08:30,75.333,6.016,1082790.71084,628148.77084,2.14845
sz301680,301680,固德电材,92.200,1,1.096,92.200,92.270,91.200,91.000,93.360,91.000,755672,69584265,15:08:45,32.014,4.011,763416.0,154918.8656,4.49738
sz301682,301682,宏明电子,128.700,-2.53,-1.928,128.690,128.700,131.230,132.050,134.200,128.700,2070182,272734692,15:09:15,36.811,3.127,1564340.23746,330589.38627,8.05932
sz301683,301683,慧谷新材,103.200,0.79,0.771,103.180,103.200,102.410,102.960,108.000,102.890,1360057,143380823,15:09:15,23.616,2.741,651361.248,147221.508,9.53379
sz301687,301687,新广益,49.880,-0.97,-1.908,49.870,49.880,50.850,51.680,51.800,49.880,3058556,155955131,15:08:15,44.536,4.777,732557.632,155390.395848,9.8179
sz301696,301696,三瑞智能,103.420,-1.88,-1.785,103.420,103.500,105.300,105.680,106.980,103.420,2059025,217622251,15:09:15,88.393,31.995,4136903.42,311122.047068,6.8444
sz301707,301707,C展芯,91.200,-6.61,-6.758,91.200,91.210,97.810,97.000,98.980,91.030,10333889,981350869,15:09:00,147.097,25.674,3750052.1616,246719.38368,38.1993
sz301717,301717,C超纯,510.980,8.98,1.789,510.850,510.980,502.000,497.020,544.000,497.000,6404763,3333196627,15:09:15,209.418,56.74,5204134.777092,890452.449868,36.75329
sz302132,302132,中航成飞,57.480,-0.41,-0.708,57.480,57.490,57.890,57.890,59.080,57.480,6773774,393430813,15:08:30,44.749,7.17,15359181.229248,3368727.480252,1.1558
